solid ASCII
  facet normal 0.000000e+00 -1.000000e+00 2.823789e-16
    outer loop
      vertex   8.798660e-02 -3.000000e-03 1.940358e-01
      vertex   -8.798660e-02 -3.000000e-03 1.940358e-01
      vertex   8.800000e-02 -3.000000e-03 1.925000e-01
    endloop
  endfacet
  facet normal 0.000000e+00 -1.000000e+00 2.823789e-16
    outer loop
      vertex   8.800000e-02 -3.000000e-03 1.925000e-01
      vertex   -8.798660e-02 -3.000000e-03 1.940358e-01
      vertex   -8.800000e-02 -3.000000e-03 1.925000e-01
    endloop
  endfacet
  facet normal 0.000000e+00 -1.000000e+00 5.647578e-16
    outer loop
      vertex   8.800000e-02 -3.000000e-03 1.925000e-01
      vertex   -8.800000e-02 -3.000000e-03 1.925000e-01
      vertex   8.798660e-02 -3.000000e-03 1.909642e-01
    endloop
  endfacet
  facet normal 0.000000e+00 -1.000000e+00 5.647578e-16
    outer loop
      vertex   8.798660e-02 -3.000000e-03 1.909642e-01
      vertex   -8.800000e-02 -3.000000e-03 1.925000e-01
      vertex   -8.798660e-02 -3.000000e-03 1.909642e-01
    endloop
  endfacet
  facet normal -0.000000e+00 -1.000000e+00 0.000000e+00
    outer loop
      vertex   8.798660e-02 -3.000000e-03 1.909642e-01
      vertex   -8.798660e-02 -3.000000e-03 1.909642e-01
      vertex   8.794639e-02 -3.000000e-03 1.894289e-01
    endloop
  endfacet
  facet normal 0.000000e+00 -1.000000e+00 0.000000e+00
    outer loop
      vertex   8.794639e-02 -3.000000e-03 1.894289e-01
      vertex   -8.798660e-02 -3.000000e-03 1.909642e-01
      vertex   -8.794639e-02 -3.000000e-03 1.894289e-01
    endloop
  endfacet
  facet normal 0.000000e+00 -1.000000e+00 2.826372e-16
    outer loop
      vertex   8.794639e-02 -3.000000e-03 1.894289e-01
      vertex   -8.794639e-02 -3.000000e-03 1.894289e-01
      vertex   8.787940e-02 -3.000000e-03 1.878944e-01
    endloop
  endfacet
  facet normal 1.339010e-31 -1.000000e+00 2.826372e-16
    outer loop
      vertex   8.787940e-02 -3.000000e-03 1.878944e-01
      vertex   -8.794639e-02 -3.000000e-03 1.894289e-01
      vertex   -8.787940e-02 -3.000000e-03 1.878944e-01
    endloop
  endfacet
  facet normal 1.340235e-31 -1.000000e+00 2.828958e-16
    outer loop
      vertex   8.787940e-02 -3.000000e-03 1.878944e-01
      vertex   -8.787940e-02 -3.000000e-03 1.878944e-01
      vertex   8.778564e-02 -3.000000e-03 1.863614e-01
    endloop
  endfacet
  facet normal 4.472222e-32 -1.000000e+00 2.828958e-16
    outer loop
      vertex   8.778564e-02 -3.000000e-03 1.863614e-01
      vertex   -8.787940e-02 -3.000000e-03 1.878944e-01
      vertex   -8.778564e-02 -3.000000e-03 1.863614e-01
    endloop
  endfacet
  facet normal -0.000000e+00 -1.000000e+00 0.000000e+00
    outer loop
      vertex   8.778564e-02 -3.000000e-03 1.863614e-01
      vertex   -8.778564e-02 -3.000000e-03 1.863614e-01
      vertex   8.766513e-02 -3.000000e-03 1.848303e-01
    endloop
  endfacet
  facet normal 0.000000e+00 -1.000000e+00 0.000000e+00
    outer loop
      vertex   8.766513e-02 -3.000000e-03 1.848303e-01
      vertex   -8.778564e-02 -3.000000e-03 1.863614e-01
      vertex   -8.766513e-02 -3.000000e-03 1.848303e-01
    endloop
  endfacet
  facet normal 1.796276e-31 -1.000000e+00 5.673483e-16
    outer loop
      vertex   8.766513e-02 -3.000000e-03 1.848303e-01
      vertex   -8.766513e-02 -3.000000e-03 1.848303e-01
      vertex   8.751793e-02 -3.000000e-03 1.833015e-01
    endloop
  endfacet
  facet normal 0.000000e+00 -1.000000e+00 5.673483e-16
    outer loop
      vertex   8.751793e-02 -3.000000e-03 1.833015e-01
      vertex   -8.766513e-02 -3.000000e-03 1.848303e-01
      vertex   -8.751793e-02 -3.000000e-03 1.833015e-01
    endloop
  endfacet
  facet normal -0.000000e+00 -1.000000e+00 0.000000e+00
    outer loop
      vertex   8.751793e-02 -3.000000e-03 1.833015e-01
      vertex   -8.751793e-02 -3.000000e-03 1.833015e-01
      vertex   8.734406e-02 -3.000000e-03 1.817755e-01
    endloop
  endfacet
  facet normal 0.000000e+00 -1.000000e+00 0.000000e+00
    outer loop
      vertex   8.734406e-02 -3.000000e-03 1.817755e-01
      vertex   -8.751793e-02 -3.000000e-03 1.833015e-01
      vertex   -8.734406e-02 -3.000000e-03 1.817755e-01
    endloop
  endfacet
  facet normal 0.000000e+00 -1.000000e+00 2.848047e-16
    outer loop
      vertex   8.734406e-02 -3.000000e-03 1.817755e-01
      vertex   -8.734406e-02 -3.000000e-03 1.817755e-01
      vertex   8.714359e-02 -3.000000e-03 1.802528e-01
    endloop
  endfacet
  facet normal 4.535571e-32 -1.000000e+00 2.848047e-16
    outer loop
      vertex   8.714359e-02 -3.000000e-03 1.802528e-01
      vertex   -8.734406e-02 -3.000000e-03 1.817755e-01
      vertex   -8.714359e-02 -3.000000e-03 1.802528e-01
    endloop
  endfacet
  facet normal 4.546710e-32 -1.000000e+00 2.855042e-16
    outer loop
      vertex   8.714359e-02 -3.000000e-03 1.802528e-01
      vertex   -8.714359e-02 -3.000000e-03 1.802528e-01
      vertex   8.691657e-02 -3.000000e-03 1.787338e-01
    endloop
  endfacet
  facet normal 9.117171e-32 -1.000000e+00 2.855042e-16
    outer loop
      vertex   8.691657e-02 -3.000000e-03 1.787338e-01
      vertex   -8.714359e-02 -3.000000e-03 1.802528e-01
      vertex   -8.691657e-02 -3.000000e-03 1.787338e-01
    endloop
  endfacet
  facet normal -0.000000e+00 -1.000000e+00 0.000000e+00
    outer loop
      vertex   8.691657e-02 -3.000000e-03 1.787338e-01
      vertex   -8.691657e-02 -3.000000e-03 1.787338e-01
      vertex   8.666308e-02 -3.000000e-03 1.772190e-01
    endloop
  endfacet
  facet normal 0.000000e+00 -1.000000e+00 0.000000e+00
    outer loop
      vertex   8.666308e-02 -3.000000e-03 1.772190e-01
      vertex   -8.691657e-02 -3.000000e-03 1.787338e-01
      vertex   -8.666308e-02 -3.000000e-03 1.772190e-01
    endloop
  endfacet
  facet normal 0.000000e+00 -1.000000e+00 2.871770e-16
    outer loop
      vertex   8.666308e-02 -3.000000e-03 1.772190e-01
      vertex   -8.666308e-02 -3.000000e-03 1.772190e-01
      vertex   8.638319e-02 -3.000000e-03 1.757088e-01
    endloop
  endfacet
  facet normal 0.000000e+00 -1.000000e+00 2.871770e-16
    outer loop
      vertex   8.638319e-02 -3.000000e-03 1.757088e-01
      vertex   -8.666308e-02 -3.000000e-03 1.772190e-01
      vertex   -8.638319e-02 -3.000000e-03 1.757088e-01
    endloop
  endfacet
  facet normal -0.000000e+00 -1.000000e+00 0.000000e+00
    outer loop
      vertex   8.638319e-02 -3.000000e-03 1.757088e-01
      vertex   -8.638319e-02 -3.000000e-03 1.757088e-01
      vertex   8.607699e-02 -3.000000e-03 1.742038e-01
    endloop
  endfacet
  facet normal 0.000000e+00 -1.000000e+00 0.000000e+00
    outer loop
      vertex   8.607699e-02 -3.000000e-03 1.742038e-01
      vertex   -8.638319e-02 -3.000000e-03 1.757088e-01
      vertex   -8.607699e-02 -3.000000e-03 1.742038e-01
    endloop
  endfacet
  facet normal 4.663021e-32 -1.000000e+00 2.892239e-16
    outer loop
      vertex   8.607699e-02 -3.000000e-03 1.742038e-01
      vertex   -8.607699e-02 -3.000000e-03 1.742038e-01
      vertex   8.574457e-02 -3.000000e-03 1.727043e-01
    endloop
  endfacet
  facet normal 4.681099e-32 -1.000000e+00 2.892239e-16
    outer loop
      vertex   8.574457e-02 -3.000000e-03 1.727043e-01
      vertex   -8.607699e-02 -3.000000e-03 1.742038e-01
      vertex   -8.574457e-02 -3.000000e-03 1.727043e-01
    endloop
  endfacet
  facet normal 9.400000e-32 -1.000000e+00 5.807834e-16
    outer loop
      vertex   8.574457e-02 -3.000000e-03 1.727043e-01
      vertex   -8.574457e-02 -3.000000e-03 1.727043e-01
      vertex   8.538602e-02 -3.000000e-03 1.712109e-01
    endloop
  endfacet
  facet normal 9.439471e-32 -1.000000e+00 5.807834e-16
    outer loop
      vertex   8.538602e-02 -3.000000e-03 1.712109e-01
      vertex   -8.574457e-02 -3.000000e-03 1.727043e-01
      vertex   -8.538602e-02 -3.000000e-03 1.712109e-01
    endloop
  endfacet
  facet normal -0.000000e+00 -1.000000e+00 0.000000e+00
    outer loop
      vertex   8.538602e-02 -3.000000e-03 1.712109e-01
      vertex   -8.538602e-02 -3.000000e-03 1.712109e-01
      vertex   8.500147e-02 -3.000000e-03 1.697239e-01
    endloop
  endfacet
  facet normal 0.000000e+00 -1.000000e+00 0.000000e+00
    outer loop
      vertex   8.500147e-02 -3.000000e-03 1.697239e-01
      vertex   -8.538602e-02 -3.000000e-03 1.712109e-01
      vertex   -8.500147e-02 -3.000000e-03 1.697239e-01
    endloop
  endfacet
  facet normal 0.000000e+00 -1.000000e+00 2.930254e-16
    outer loop
      vertex   8.500147e-02 -3.000000e-03 1.697239e-01
      vertex   -8.500147e-02 -3.000000e-03 1.697239e-01
      vertex   8.459103e-02 -3.000000e-03 1.682439e-01
    endloop
  endfacet
  facet normal 0.000000e+00 -1.000000e+00 2.930254e-16
    outer loop
      vertex   8.459103e-02 -3.000000e-03 1.682439e-01
      vertex   -8.500147e-02 -3.000000e-03 1.697239e-01
      vertex   -8.459103e-02 -3.000000e-03 1.682439e-01
    endloop
  endfacet
  facet normal 0.000000e+00 -1.000000e+00 2.944956e-16
    outer loop
      vertex   8.459103e-02 -3.000000e-03 1.682439e-01
      vertex   -8.459103e-02 -3.000000e-03 1.682439e-01
      vertex   8.415482e-02 -3.000000e-03 1.667713e-01
    endloop
  endfacet
  facet normal 4.856462e-32 -1.000000e+00 2.944956e-16
    outer loop
      vertex   8.415482e-02 -3.000000e-03 1.667713e-01
      vertex   -8.459103e-02 -3.000000e-03 1.682439e-01
      vertex   -8.415482e-02 -3.000000e-03 1.667713e-01
    endloop
  endfacet
  facet normal -0.000000e+00 -1.000000e+00 0.000000e+00
    outer loop
      vertex   8.415482e-02 -3.000000e-03 1.667713e-01
      vertex   -8.415482e-02 -3.000000e-03 1.667713e-01
      vertex   8.369297e-02 -3.000000e-03 1.653065e-01
    endloop
  endfacet
  facet normal 0.000000e+00 -1.000000e+00 0.000000e+00
    outer loop
      vertex   8.369297e-02 -3.000000e-03 1.653065e-01
      vertex   -8.415482e-02 -3.000000e-03 1.667713e-01
      vertex   -8.369297e-02 -3.000000e-03 1.653065e-01
    endloop
  endfacet
  facet normal 9.874620e-32 -1.000000e+00 5.955101e-16
    outer loop
      vertex   8.369297e-02 -3.000000e-03 1.653065e-01
      vertex   -8.369297e-02 -3.000000e-03 1.653065e-01
      vertex   8.320563e-02 -3.000000e-03 1.638500e-01
    endloop
  endfacet
  facet normal 0.000000e+00 -1.000000e+00 5.955101e-16
    outer loop
      vertex   8.320563e-02 -3.000000e-03 1.638500e-01
      vertex   -8.369297e-02 -3.000000e-03 1.653065e-01
      vertex   -8.320563e-02 -3.000000e-03 1.638500e-01
    endloop
  endfacet
  facet normal -0.000000e+00 -1.000000e+00 0.000000e+00
    outer loop
      vertex   8.320563e-02 -3.000000e-03 1.638500e-01
      vertex   -8.320563e-02 -3.000000e-03 1.638500e-01
      vertex   8.269295e-02 -3.000000e-03 1.624022e-01
    endloop
  endfacet
  facet normal -0.000000e+00 -1.000000e+00 0.000000e+00
    outer loop
      vertex   8.269295e-02 -3.000000e-03 1.624022e-01
      vertex   -8.320563e-02 -3.000000e-03 1.638500e-01
      vertex   -8.269295e-02 -3.000000e-03 1.624022e-01
    endloop
  endfacet
  facet normal -5.059177e-32 -1.000000e+00 3.014589e-16
    outer loop
      vertex   8.269295e-02 -3.000000e-03 1.624022e-01
      vertex   -8.269295e-02 -3.000000e-03 1.624022e-01
      vertex   8.215508e-02 -3.000000e-03 1.609636e-01
    endloop
  endfacet
  facet normal 5.092300e-32 -1.000000e+00 3.014589e-16
    outer loop
      vertex   8.215508e-02 -3.000000e-03 1.609636e-01
      vertex   -8.269295e-02 -3.000000e-03 1.624022e-01
      vertex   -8.215508e-02 -3.000000e-03 1.609636e-01
    endloop
  endfacet
  facet normal 5.126532e-32 -1.000000e+00 3.034854e-16
    outer loop
      vertex   8.215508e-02 -3.000000e-03 1.609636e-01
      vertex   -8.215508e-02 -3.000000e-03 1.609636e-01
      vertex   8.159218e-02 -3.000000e-03 1.595346e-01
    endloop
  endfacet
  facet normal 1.032380e-31 -1.000000e+00 3.034854e-16
    outer loop
      vertex   8.159218e-02 -3.000000e-03 1.595346e-01
      vertex   -8.215508e-02 -3.000000e-03 1.609636e-01
      vertex   -8.159218e-02 -3.000000e-03 1.595346e-01
    endloop
  endfacet
  facet normal -0.000000e+00 -1.000000e+00 0.000000e+00
    outer loop
      vertex   8.159218e-02 -3.000000e-03 1.595346e-01
      vertex   -8.159218e-02 -3.000000e-03 1.595346e-01
      vertex   8.100443e-02 -3.000000e-03 1.581157e-01
    endloop
  endfacet
  facet normal 0.000000e+00 -1.000000e+00 0.000000e+00
    outer loop
      vertex   8.100443e-02 -3.000000e-03 1.581157e-01
      vertex   -8.159218e-02 -3.000000e-03 1.595346e-01
      vertex   -8.100443e-02 -3.000000e-03 1.581157e-01
    endloop
  endfacet
  facet normal 5.275085e-32 -1.000000e+00 3.079059e-16
    outer loop
      vertex   8.100443e-02 -3.000000e-03 1.581157e-01
      vertex   -8.100443e-02 -3.000000e-03 1.581157e-01
      vertex   8.039200e-02 -3.000000e-03 1.567072e-01
    endloop
  endfacet
  facet normal 0.000000e+00 -1.000000e+00 3.079059e-16
    outer loop
      vertex   8.039200e-02 -3.000000e-03 1.567072e-01
      vertex   -8.100443e-02 -3.000000e-03 1.581157e-01
      vertex   -8.039200e-02 -3.000000e-03 1.567072e-01
    endloop
  endfacet
  facet normal -0.000000e+00 -1.000000e+00 0.000000e+00
    outer loop
      vertex   8.039200e-02 -3.000000e-03 1.567072e-01
      vertex   -8.039200e-02 -3.000000e-03 1.567072e-01
      vertex   7.975509e-02 -3.000000e-03 1.553096e-01
    endloop
  endfacet
  facet normal 0.000000e+00 -1.000000e+00 0.000000e+00
    outer loop
      vertex   7.975509e-02 -3.000000e-03 1.553096e-01
      vertex   -8.039200e-02 -3.000000e-03 1.567072e-01
      vertex   -7.975509e-02 -3.000000e-03 1.553096e-01
    endloop
  endfacet
  facet normal 0.000000e+00 -1.000000e+00 3.128438e-16
    outer loop
      vertex   7.975509e-02 -3.000000e-03 1.553096e-01
      vertex   -7.975509e-02 -3.000000e-03 1.553096e-01
      vertex   7.909388e-02 -3.000000e-03 1.539233e-01
    endloop
  endfacet
  facet normal 0.000000e+00 -1.000000e+00 3.128438e-16
    outer loop
      vertex   7.909388e-02 -3.000000e-03 1.539233e-01
      vertex   -7.975509e-02 -3.000000e-03 1.553096e-01
      vertex   -7.909388e-02 -3.000000e-03 1.539233e-01
    endloop
  endfacet
  facet normal -0.000000e+00 -1.000000e+00 0.000000e+00
    outer loop
      vertex   7.909388e-02 -3.000000e-03 1.539233e-01
      vertex   -7.909388e-02 -3.000000e-03 1.539233e-01
      vertex   7.840857e-02 -3.000000e-03 1.525488e-01
    endloop
  endfacet
  facet normal 0.000000e+00 -1.000000e+00 0.000000e+00
    outer loop
      vertex   7.840857e-02 -3.000000e-03 1.525488e-01
      vertex   -7.909388e-02 -3.000000e-03 1.539233e-01
      vertex   -7.840857e-02 -3.000000e-03 1.525488e-01
    endloop
  endfacet
  facet normal 1.126869e-31 -1.000000e+00 6.366736e-16
    outer loop
      vertex   7.840857e-02 -3.000000e-03 1.525488e-01
      vertex   -7.840857e-02 -3.000000e-03 1.525488e-01
      vertex   7.769939e-02 -3.000000e-03 1.511865e-01
    endloop
  endfacet
  facet normal 0.000000e+00 -1.000000e+00 6.366736e-16
    outer loop
      vertex   7.769939e-02 -3.000000e-03 1.511865e-01
      vertex   -7.840857e-02 -3.000000e-03 1.525488e-01
      vertex   -7.769939e-02 -3.000000e-03 1.511865e-01
    endloop
  endfacet
  facet normal -0.000000e+00 -1.000000e+00 0.000000e+00
    outer loop
      vertex   7.769939e-02 -3.000000e-03 1.511865e-01
      vertex   -7.769939e-02 -3.000000e-03 1.511865e-01
      vertex   7.696653e-02 -3.000000e-03 1.498368e-01
    endloop
  endfacet
  facet normal 0.000000e+00 -1.000000e+00 0.000000e+00
    outer loop
      vertex   7.696653e-02 -3.000000e-03 1.498368e-01
      vertex   -7.769939e-02 -3.000000e-03 1.511865e-01
      vertex   -7.696653e-02 -3.000000e-03 1.498368e-01
    endloop
  endfacet
  facet normal 0.000000e+00 -1.000000e+00 3.244285e-16
    outer loop
      vertex   7.696653e-02 -3.000000e-03 1.498368e-01
      vertex   -7.696653e-02 -3.000000e-03 1.498368e-01
      vertex   7.621024e-02 -3.000000e-03 1.485000e-01
    endloop
  endfacet
  facet normal 5.907802e-32 -1.000000e+00 3.244285e-16
    outer loop
      vertex   7.621024e-02 -3.000000e-03 1.485000e-01
      vertex   -7.696653e-02 -3.000000e-03 1.498368e-01
      vertex   -7.621024e-02 -3.000000e-03 1.485000e-01
    endloop
  endfacet
  facet normal 5.967635e-32 -1.000000e+00 3.277143e-16
    outer loop
      vertex   7.621024e-02 -3.000000e-03 1.485000e-01
      vertex   -7.621024e-02 -3.000000e-03 1.485000e-01
      vertex   7.543072e-02 -3.000000e-03 1.471767e-01
    endloop
  endfacet
  facet normal 1.205861e-31 -1.000000e+00 3.277143e-16
    outer loop
      vertex   7.543072e-02 -3.000000e-03 1.471767e-01
      vertex   -7.621024e-02 -3.000000e-03 1.485000e-01
      vertex   -7.543072e-02 -3.000000e-03 1.471767e-01
    endloop
  endfacet
  facet normal -0.000000e+00 -1.000000e+00 0.000000e+00
    outer loop
      vertex   7.543072e-02 -3.000000e-03 1.471767e-01
      vertex   -7.543072e-02 -3.000000e-03 1.471767e-01
      vertex   7.462823e-02 -3.000000e-03 1.458671e-01
    endloop
  endfacet
  facet normal 0.000000e+00 -1.000000e+00 0.000000e+00
    outer loop
      vertex   7.462823e-02 -3.000000e-03 1.458671e-01
      vertex   -7.543072e-02 -3.000000e-03 1.471767e-01
      vertex   -7.462823e-02 -3.000000e-03 1.458671e-01
    endloop
  endfacet
  facet normal 1.245184e-31 -1.000000e+00 6.696017e-16
    outer loop
      vertex   7.462823e-02 -3.000000e-03 1.458671e-01
      vertex   -7.462823e-02 -3.000000e-03 1.458671e-01
      vertex   7.380301e-02 -3.000000e-03 1.445718e-01
    endloop
  endfacet
  facet normal 0.000000e+00 -1.000000e+00 6.696017e-16
    outer loop
      vertex   7.380301e-02 -3.000000e-03 1.445718e-01
      vertex   -7.462823e-02 -3.000000e-03 1.458671e-01
      vertex   -7.380301e-02 -3.000000e-03 1.445718e-01
    endloop
  endfacet
  facet normal -0.000000e+00 -1.000000e+00 0.000000e+00
    outer loop
      vertex   7.380301e-02 -3.000000e-03 1.445718e-01
      vertex   -7.380301e-02 -3.000000e-03 1.445718e-01
      vertex   7.295531e-02 -3.000000e-03 1.432910e-01
    endloop
  endfacet
  facet normal 0.000000e+00 -1.000000e+00 0.000000e+00
    outer loop
      vertex   7.295531e-02 -3.000000e-03 1.432910e-01
      vertex   -7.380301e-02 -3.000000e-03 1.445718e-01
      vertex   -7.295531e-02 -3.000000e-03 1.432910e-01
    endloop
  endfacet
  facet normal 0.000000e+00 -1.000000e+00 3.426273e-16
    outer loop
      vertex   7.295531e-02 -3.000000e-03 1.432910e-01
      vertex   -7.295531e-02 -3.000000e-03 1.432910e-01
      vertex   7.208538e-02 -3.000000e-03 1.420253e-01
    endloop
  endfacet
  facet normal 6.596219e-32 -1.000000e+00 3.426273e-16
    outer loop
      vertex   7.208538e-02 -3.000000e-03 1.420253e-01
      vertex   -7.295531e-02 -3.000000e-03 1.432910e-01
      vertex   -7.208538e-02 -3.000000e-03 1.420253e-01
    endloop
  endfacet
  facet normal -0.000000e+00 -1.000000e+00 0.000000e+00
    outer loop
      vertex   7.208538e-02 -3.000000e-03 1.420253e-01
      vertex   -7.208538e-02 -3.000000e-03 1.420253e-01
      vertex   7.119350e-02 -3.000000e-03 1.407749e-01
    endloop
  endfacet
  facet normal 0.000000e+00 -1.000000e+00 0.000000e+00
    outer loop
      vertex   7.119350e-02 -3.000000e-03 1.407749e-01
      vertex   -7.208538e-02 -3.000000e-03 1.420253e-01
      vertex   -7.119350e-02 -3.000000e-03 1.407749e-01
    endloop
  endfacet
  facet normal 6.847262e-32 -1.000000e+00 3.512667e-16
    outer loop
      vertex   7.119350e-02 -3.000000e-03 1.407749e-01
      vertex   -7.119350e-02 -3.000000e-03 1.407749e-01
      vertex   7.027992e-02 -3.000000e-03 1.395403e-01
    endloop
  endfacet
  facet normal 0.000000e+00 -1.000000e+00 3.512667e-16
    outer loop
      vertex   7.027992e-02 -3.000000e-03 1.395403e-01
      vertex   -7.119350e-02 -3.000000e-03 1.407749e-01
      vertex   -7.027992e-02 -3.000000e-03 1.395403e-01
    endloop
  endfacet
  facet normal -0.000000e+00 -1.000000e+00 0.000000e+00
    outer loop
      vertex   7.027992e-02 -3.000000e-03 1.395403e-01
      vertex   -7.027992e-02 -3.000000e-03 1.395403e-01
      vertex   6.934495e-02 -3.000000e-03 1.383218e-01
    endloop
  endfacet
  facet normal 0.000000e+00 -1.000000e+00 0.000000e+00
    outer loop
      vertex   6.934495e-02 -3.000000e-03 1.383218e-01
      vertex   -7.027992e-02 -3.000000e-03 1.395403e-01
      vertex   -6.934495e-02 -3.000000e-03 1.383218e-01
    endloop
  endfacet
  facet normal 0.000000e+00 -1.000000e+00 3.608040e-16
    outer loop
      vertex   6.934495e-02 -3.000000e-03 1.383218e-01
      vertex   -6.934495e-02 -3.000000e-03 1.383218e-01
      vertex   6.838884e-02 -3.000000e-03 1.371198e-01
    endloop
  endfacet
  facet normal 0.000000e+00 -1.000000e+00 3.608040e-16
    outer loop
      vertex   6.838884e-02 -3.000000e-03 1.371198e-01
      vertex   -6.934495e-02 -3.000000e-03 1.383218e-01
      vertex   -6.838884e-02 -3.000000e-03 1.371198e-01
    endloop
  endfacet
  facet normal -0.000000e+00 -1.000000e+00 0.000000e+00
    outer loop
      vertex   6.838884e-02 -3.000000e-03 1.371198e-01
      vertex   -6.838884e-02 -3.000000e-03 1.371198e-01
      vertex   6.741191e-02 -3.000000e-03 1.359347e-01
    endloop
  endfacet
  facet normal 0.000000e+00 -1.000000e+00 0.000000e+00
    outer loop
      vertex   6.741191e-02 -3.000000e-03 1.359347e-01
      vertex   -6.838884e-02 -3.000000e-03 1.371198e-01
      vertex   -6.741191e-02 -3.000000e-03 1.359347e-01
    endloop
  endfacet
  facet normal 7.644583e-32 -1.000000e+00 3.713387e-16
    outer loop
      vertex   6.741191e-02 -3.000000e-03 1.359347e-01
      vertex   -6.741191e-02 -3.000000e-03 1.359347e-01
      vertex   6.641444e-02 -3.000000e-03 1.347668e-01
    endloop
  endfacet
  facet normal 7.759396e-32 -1.000000e+00 3.713387e-16
    outer loop
      vertex   6.641444e-02 -3.000000e-03 1.347668e-01
      vertex   -6.741191e-02 -3.000000e-03 1.359347e-01
      vertex   -6.641444e-02 -3.000000e-03 1.347668e-01
    endloop
  endfacet
  facet normal -0.000000e+00 -1.000000e+00 0.000000e+00
    outer loop
      vertex   6.641444e-02 -3.000000e-03 1.347668e-01
      vertex   -6.641444e-02 -3.000000e-03 1.347668e-01
      vertex   6.539674e-02 -3.000000e-03 1.336165e-01
    endloop
  endfacet
  facet normal -0.000000e+00 -1.000000e+00 0.000000e+00
    outer loop
      vertex   6.539674e-02 -3.000000e-03 1.336165e-01
      vertex   -6.641444e-02 -3.000000e-03 1.347668e-01
      vertex   -6.539674e-02 -3.000000e-03 1.336165e-01
    endloop
  endfacet
  facet normal -1.625470e-31 -1.000000e+00 7.659754e-16
    outer loop
      vertex   6.539674e-02 -3.000000e-03 1.336165e-01
      vertex   -6.539674e-02 -3.000000e-03 1.336165e-01
      vertex   6.435913e-02 -3.000000e-03 1.324842e-01
    endloop
  endfacet
  facet normal 0.000000e+00 -1.000000e+00 7.659754e-16
    outer loop
      vertex   6.435913e-02 -3.000000e-03 1.324842e-01
      vertex   -6.539674e-02 -3.000000e-03 1.336165e-01
      vertex   -6.435913e-02 -3.000000e-03 1.324842e-01
    endloop
  endfacet
  facet normal -0.000000e+00 -1.000000e+00 0.000000e+00
    outer loop
      vertex   6.435913e-02 -3.000000e-03 1.324842e-01
      vertex   -6.435913e-02 -3.000000e-03 1.324842e-01
      vertex   6.330190e-02 -3.000000e-03 1.313701e-01
    endloop
  endfacet
  facet normal 0.000000e+00 -1.000000e+00 0.000000e+00
    outer loop
      vertex   6.330190e-02 -3.000000e-03 1.313701e-01
      vertex   -6.435913e-02 -3.000000e-03 1.324842e-01
      vertex   -6.330190e-02 -3.000000e-03 1.313701e-01
    endloop
  endfacet
  facet normal -0.000000e+00 -1.000000e+00 0.000000e+00
    outer loop
      vertex   6.330190e-02 -3.000000e-03 1.313701e-01
      vertex   -6.330190e-02 -3.000000e-03 1.313701e-01
      vertex   6.222540e-02 -3.000000e-03 1.302746e-01
    endloop
  endfacet
  facet normal 0.000000e+00 -1.000000e+00 0.000000e+00
    outer loop
      vertex   6.222540e-02 -3.000000e-03 1.302746e-01
      vertex   -6.330190e-02 -3.000000e-03 1.313701e-01
      vertex   -6.222540e-02 -3.000000e-03 1.302746e-01
    endloop
  endfacet
  facet normal 0.000000e+00 -1.000000e+00 4.028598e-16
    outer loop
      vertex   6.222540e-02 -3.000000e-03 1.302746e-01
      vertex   -6.222540e-02 -3.000000e-03 1.302746e-01
      vertex   6.112994e-02 -3.000000e-03 1.291981e-01
    endloop
  endfacet
  facet normal -9.145769e-32 -1.000000e+00 4.028598e-16
    outer loop
      vertex   6.112994e-02 -3.000000e-03 1.291981e-01
      vertex   -6.222540e-02 -3.000000e-03 1.302746e-01
      vertex   -6.112994e-02 -3.000000e-03 1.291981e-01
    endloop
  endfacet
  facet normal 0.000000e+00 -1.000000e+00 0.000000e+00
    outer loop
      vertex   6.112994e-02 -3.000000e-03 1.291981e-01
      vertex   -6.112994e-02 -3.000000e-03 1.291981e-01
      vertex   6.001586e-02 -3.000000e-03 1.281409e-01
    endloop
  endfacet
  facet normal 0.000000e+00 -1.000000e+00 0.000000e+00
    outer loop
      vertex   6.001586e-02 -3.000000e-03 1.281409e-01
      vertex   -6.112994e-02 -3.000000e-03 1.291981e-01
      vertex   -6.001586e-02 -3.000000e-03 1.281409e-01
    endloop
  endfacet
  facet normal 0.000000e+00 -1.000000e+00 4.179578e-16
    outer loop
      vertex   6.001586e-02 -3.000000e-03 1.281409e-01
      vertex   -6.001586e-02 -3.000000e-03 1.281409e-01
      vertex   5.888349e-02 -3.000000e-03 1.271033e-01
    endloop
  endfacet
  facet normal 9.850518e-32 -1.000000e+00 4.179578e-16
    outer loop
      vertex   5.888349e-02 -3.000000e-03 1.271033e-01
      vertex   -6.001586e-02 -3.000000e-03 1.281409e-01
      vertex   -5.888349e-02 -3.000000e-03 1.271033e-01
    endloop
  endfacet
  facet normal -0.000000e+00 -1.000000e+00 0.000000e+00
    outer loop
      vertex   5.888349e-02 -3.000000e-03 1.271033e-01
      vertex   -5.888349e-02 -3.000000e-03 1.271033e-01
      vertex   5.773319e-02 -3.000000e-03 1.260856e-01
    endloop
  endfacet
  facet normal 0.000000e+00 -1.000000e+00 0.000000e+00
    outer loop
      vertex   5.773319e-02 -3.000000e-03 1.260856e-01
      vertex   -5.888349e-02 -3.000000e-03 1.271033e-01
      vertex   -5.773319e-02 -3.000000e-03 1.260856e-01
    endloop
  endfacet
  facet normal 0.000000e+00 -1.000000e+00 8.695635e-16
    outer loop
      vertex   5.773319e-02 -3.000000e-03 1.260856e-01
      vertex   -5.773319e-02 -3.000000e-03 1.260856e-01
      vertex   5.656531e-02 -3.000000e-03 1.250881e-01
    endloop
  endfacet
  facet normal 0.000000e+00 -1.000000e+00 8.695635e-16
    outer loop
      vertex   5.656531e-02 -3.000000e-03 1.250881e-01
      vertex   -5.773319e-02 -3.000000e-03 1.260856e-01
      vertex   -5.656531e-02 -3.000000e-03 1.250881e-01
    endloop
  endfacet
  facet normal -0.000000e+00 -1.000000e+00 0.000000e+00
    outer loop
      vertex   5.656531e-02 -3.000000e-03 1.250881e-01
      vertex   -5.656531e-02 -3.000000e-03 1.250881e-01
      vertex   5.538019e-02 -3.000000e-03 1.241112e-01
    endloop
  endfacet
  facet normal 0.000000e+00 -1.000000e+00 0.000000e+00
    outer loop
      vertex   5.538019e-02 -3.000000e-03 1.241112e-01
      vertex   -5.656531e-02 -3.000000e-03 1.250881e-01
      vertex   -5.538019e-02 -3.000000e-03 1.241112e-01
    endloop
  endfacet
  facet normal -0.000000e+00 -1.000000e+00 0.000000e+00
    outer loop
      vertex   5.538019e-02 -3.000000e-03 1.241112e-01
      vertex   -5.538019e-02 -3.000000e-03 1.241112e-01
      vertex   5.417821e-02 -3.000000e-03 1.231551e-01
    endloop
  endfacet
  facet normal -0.000000e+00 -1.000000e+00 0.000000e+00
    outer loop
      vertex   5.417821e-02 -3.000000e-03 1.231551e-01
      vertex   -5.538019e-02 -3.000000e-03 1.241112e-01
      vertex   -5.417821e-02 -3.000000e-03 1.231551e-01
    endloop
  endfacet
  facet normal -5.940653e-32 -1.000000e+00 4.638404e-16
    outer loop
      vertex   5.417821e-02 -3.000000e-03 1.231551e-01
      vertex   -5.417821e-02 -3.000000e-03 1.231551e-01
      vertex   5.295972e-02 -3.000000e-03 1.222201e-01
    endloop
  endfacet
  facet normal 6.077335e-32 -1.000000e+00 4.638404e-16
    outer loop
      vertex   5.295972e-02 -3.000000e-03 1.222201e-01
      vertex   -5.417821e-02 -3.000000e-03 1.231551e-01
      vertex   -5.295972e-02 -3.000000e-03 1.222201e-01
    endloop
  endfacet
  facet normal -0.000000e+00 -1.000000e+00 0.000000e+00
    outer loop
      vertex   5.295972e-02 -3.000000e-03 1.222201e-01
      vertex   -5.295972e-02 -3.000000e-03 1.222201e-01
      vertex   5.172510e-02 -3.000000e-03 1.213065e-01
    endloop
  endfacet
  facet normal 0.000000e+00 -1.000000e+00 0.000000e+00
    outer loop
      vertex   5.172510e-02 -3.000000e-03 1.213065e-01
      vertex   -5.295972e-02 -3.000000e-03 1.222201e-01
      vertex   -5.172510e-02 -3.000000e-03 1.213065e-01
    endloop
  endfacet
  facet normal 6.523048e-32 -1.000000e+00 4.862523e-16
    outer loop
      vertex   5.172510e-02 -3.000000e-03 1.213065e-01
      vertex   -5.172510e-02 -3.000000e-03 1.213065e-01
      vertex   5.047473e-02 -3.000000e-03 1.204146e-01
    endloop
  endfacet
  facet normal 2.005392e-31 -1.000000e+00 4.862523e-16
    outer loop
      vertex   5.047473e-02 -3.000000e-03 1.204146e-01
      vertex   -5.172510e-02 -3.000000e-03 1.213065e-01
      vertex   -5.047473e-02 -3.000000e-03 1.204146e-01
    endloop
  endfacet
  facet normal -0.000000e+00 -1.000000e+00 0.000000e+00
    outer loop
      vertex   5.047473e-02 -3.000000e-03 1.204146e-01
      vertex   -5.047473e-02 -3.000000e-03 1.204146e-01
      vertex   4.920898e-02 -3.000000e-03 1.195447e-01
    endloop
  endfacet
  facet normal 0.000000e+00 -1.000000e+00 0.000000e+00
    outer loop
      vertex   4.920898e-02 -3.000000e-03 1.195447e-01
      vertex   -5.047473e-02 -3.000000e-03 1.204146e-01
      vertex   -4.920898e-02 -3.000000e-03 1.195447e-01
    endloop
  endfacet
  facet normal -0.000000e+00 -1.000000e+00 0.000000e+00
    outer loop
      vertex   4.920898e-02 -3.000000e-03 1.195447e-01
      vertex   -4.920898e-02 -3.000000e-03 1.195447e-01
      vertex   4.792824e-02 -3.000000e-03 1.186970e-01
    endloop
  endfacet
  facet normal 0.000000e+00 -1.000000e+00 0.000000e+00
    outer loop
      vertex   4.792824e-02 -3.000000e-03 1.186970e-01
      vertex   -4.920898e-02 -3.000000e-03 1.195447e-01
      vertex   -4.792824e-02 -3.000000e-03 1.186970e-01
    endloop
  endfacet
  facet normal 7.608482e-32 -1.000000e+00 5.255321e-16
    outer loop
      vertex   4.792824e-02 -3.000000e-03 1.186970e-01
      vertex   -4.792824e-02 -3.000000e-03 1.186970e-01
      vertex   4.663290e-02 -3.000000e-03 1.178718e-01
    endloop
  endfacet
  facet normal 1.563965e-31 -1.000000e+00 5.255321e-16
    outer loop
      vertex   4.663290e-02 -3.000000e-03 1.178718e-01
      vertex   -4.792824e-02 -3.000000e-03 1.186970e-01
      vertex   -4.663290e-02 -3.000000e-03 1.178718e-01
    endloop
  endfacet
  facet normal -0.000000e+00 -1.000000e+00 0.000000e+00
    outer loop
      vertex   4.663290e-02 -3.000000e-03 1.178718e-01
      vertex   -4.663290e-02 -3.000000e-03 1.178718e-01
      vertex   4.532335e-02 -3.000000e-03 1.170693e-01
    endloop
  endfacet
  facet normal 0.000000e+00 -1.000000e+00 0.000000e+00
    outer loop
      vertex   4.532335e-02 -3.000000e-03 1.170693e-01
      vertex   -4.663290e-02 -3.000000e-03 1.178718e-01
      vertex   -4.532335e-02 -3.000000e-03 1.170693e-01
    endloop
  endfacet
  facet normal -0.000000e+00 -1.000000e+00 0.000000e+00
    outer loop
      vertex   4.532335e-02 -3.000000e-03 1.170693e-01
      vertex   -4.532335e-02 -3.000000e-03 1.170693e-01
      vertex   4.400000e-02 -3.000000e-03 1.162898e-01
    endloop
  endfacet
  facet normal 0.000000e+00 -1.000000e+00 0.000000e+00
    outer loop
      vertex   4.400000e-02 -3.000000e-03 1.162898e-01
      vertex   -4.532335e-02 -3.000000e-03 1.170693e-01
      vertex   -4.400000e-02 -3.000000e-03 1.162898e-01
    endloop
  endfacet
  facet normal 1.808608e-31 -1.000000e+00 5.734254e-16
    outer loop
      vertex   4.400000e-02 -3.000000e-03 1.162898e-01
      vertex   -4.400000e-02 -3.000000e-03 1.162898e-01
      vertex   4.266325e-02 -3.000000e-03 1.155335e-01
    endloop
  endfacet
  facet normal -2.797915e-31 -1.000000e+00 5.734254e-16
    outer loop
      vertex   4.266325e-02 -3.000000e-03 1.155335e-01
      vertex   -4.400000e-02 -3.000000e-03 1.162898e-01
      vertex   -4.266325e-02 -3.000000e-03 1.155335e-01
    endloop
  endfacet
  facet normal 0.000000e+00 -1.000000e+00 0.000000e+00
    outer loop
      vertex   4.266325e-02 -3.000000e-03 1.155335e-01
      vertex   -4.266325e-02 -3.000000e-03 1.155335e-01
      vertex   4.131350e-02 -3.000000e-03 1.148006e-01
    endloop
  endfacet
  facet normal 0.000000e+00 -1.000000e+00 0.000000e+00
    outer loop
      vertex   4.131350e-02 -3.000000e-03 1.148006e-01
      vertex   -4.266325e-02 -3.000000e-03 1.155335e-01
      vertex   -4.131350e-02 -3.000000e-03 1.148006e-01
    endloop
  endfacet
  facet normal -0.000000e+00 -1.000000e+00 0.000000e+00
    outer loop
      vertex   4.131350e-02 -3.000000e-03 1.148006e-01
      vertex   -4.131350e-02 -3.000000e-03 1.148006e-01
      vertex   3.995116e-02 -3.000000e-03 1.140914e-01
    endloop
  endfacet
  facet normal 0.000000e+00 -1.000000e+00 0.000000e+00
    outer loop
      vertex   3.995116e-02 -3.000000e-03 1.140914e-01
      vertex   -4.131350e-02 -3.000000e-03 1.148006e-01
      vertex   -3.995116e-02 -3.000000e-03 1.140914e-01
    endloop
  endfacet
  facet normal -0.000000e+00 -1.000000e+00 0.000000e+00
    outer loop
      vertex   3.995116e-02 -3.000000e-03 1.140914e-01
      vertex   -3.995116e-02 -3.000000e-03 1.140914e-01
      vertex   3.857666e-02 -3.000000e-03 1.134061e-01
    endloop
  endfacet
  facet normal 0.000000e+00 -1.000000e+00 0.000000e+00
    outer loop
      vertex   3.857666e-02 -3.000000e-03 1.134061e-01
      vertex   -3.995116e-02 -3.000000e-03 1.140914e-01
      vertex   -3.857666e-02 -3.000000e-03 1.134061e-01
    endloop
  endfacet
  facet normal 2.359538e-31 -1.000000e+00 1.311781e-15
    outer loop
      vertex   3.857666e-02 -3.000000e-03 1.134061e-01
      vertex   -3.857666e-02 -3.000000e-03 1.134061e-01
      vertex   3.719041e-02 -3.000000e-03 1.127449e-01
    endloop
  endfacet
  facet normal -4.894977e-31 -1.000000e+00 1.311781e-15
    outer loop
      vertex   3.719041e-02 -3.000000e-03 1.127449e-01
      vertex   -3.857666e-02 -3.000000e-03 1.134061e-01
      vertex   -3.719041e-02 -3.000000e-03 1.127449e-01
    endloop
  endfacet
  facet normal 0.000000e+00 -1.000000e+00 0.000000e+00
    outer loop
      vertex   3.719041e-02 -3.000000e-03 1.127449e-01
      vertex   -3.719041e-02 -3.000000e-03 1.127449e-01
      vertex   3.579282e-02 -3.000000e-03 1.121080e-01
    endloop
  endfacet
  facet normal 0.000000e+00 -1.000000e+00 0.000000e+00
    outer loop
      vertex   3.579282e-02 -3.000000e-03 1.121080e-01
      vertex   -3.719041e-02 -3.000000e-03 1.127449e-01
      vertex   -3.579282e-02 -3.000000e-03 1.121080e-01
    endloop
  endfacet
  facet normal -0.000000e+00 -1.000000e+00 0.000000e+00
    outer loop
      vertex   3.579282e-02 -3.000000e-03 1.121080e-01
      vertex   -3.579282e-02 -3.000000e-03 1.121080e-01
      vertex   3.438434e-02 -3.000000e-03 1.114956e-01
    endloop
  endfacet
  facet normal 0.000000e+00 -1.000000e+00 0.000000e+00
    outer loop
      vertex   3.438434e-02 -3.000000e-03 1.114956e-01
      vertex   -3.579282e-02 -3.000000e-03 1.121080e-01
      vertex   -3.438434e-02 -3.000000e-03 1.114956e-01
    endloop
  endfacet
  facet normal -0.000000e+00 -1.000000e+00 0.000000e+00
    outer loop
      vertex   3.438434e-02 -3.000000e-03 1.114956e-01
      vertex   -3.438434e-02 -3.000000e-03 1.114956e-01
      vertex   3.296538e-02 -3.000000e-03 1.109078e-01
    endloop
  endfacet
  facet normal 0.000000e+00 -1.000000e+00 0.000000e+00
    outer loop
      vertex   3.296538e-02 -3.000000e-03 1.109078e-01
      vertex   -3.438434e-02 -3.000000e-03 1.114956e-01
      vertex   -3.296538e-02 -3.000000e-03 1.109078e-01
    endloop
  endfacet
  facet normal 0.000000e+00 -1.000000e+00 7.704426e-16
    outer loop
      vertex   3.296538e-02 -3.000000e-03 1.109078e-01
      vertex   -3.296538e-02 -3.000000e-03 1.109078e-01
      vertex   3.153638e-02 -3.000000e-03 1.103449e-01
    endloop
  endfacet
  facet normal 3.390383e-31 -1.000000e+00 7.704426e-16
    outer loop
      vertex   3.153638e-02 -3.000000e-03 1.103449e-01
      vertex   -3.296538e-02 -3.000000e-03 1.109078e-01
      vertex   -3.153638e-02 -3.000000e-03 1.103449e-01
    endloop
  endfacet
  facet normal -0.000000e+00 -1.000000e+00 0.000000e+00
    outer loop
      vertex   3.153638e-02 -3.000000e-03 1.103449e-01
      vertex   -3.153638e-02 -3.000000e-03 1.103449e-01
      vertex   3.009777e-02 -3.000000e-03 1.098071e-01
    endloop
  endfacet
  facet normal -0.000000e+00 -1.000000e+00 0.000000e+00
    outer loop
      vertex   3.009777e-02 -3.000000e-03 1.098071e-01
      vertex   -3.153638e-02 -3.000000e-03 1.103449e-01
      vertex   -3.009777e-02 -3.000000e-03 1.098071e-01
    endloop
  endfacet
  facet normal 0.000000e+00 -1.000000e+00 0.000000e+00
    outer loop
      vertex   3.009777e-02 -3.000000e-03 1.098071e-01
      vertex   -3.009777e-02 -3.000000e-03 1.098071e-01
      vertex   2.865000e-02 -3.000000e-03 1.092944e-01
    endloop
  endfacet
  facet normal 0.000000e+00 -1.000000e+00 0.000000e+00
    outer loop
      vertex   2.865000e-02 -3.000000e-03 1.092944e-01
      vertex   -3.009777e-02 -3.000000e-03 1.098071e-01
      vertex   -2.865000e-02 -3.000000e-03 1.092944e-01
    endloop
  endfacet
  facet normal -0.000000e+00 -1.000000e+00 0.000000e+00
    outer loop
      vertex   2.865000e-02 -3.000000e-03 1.092944e-01
      vertex   -2.865000e-02 -3.000000e-03 1.092944e-01
      vertex   2.719350e-02 -3.000000e-03 1.088070e-01
    endloop
  endfacet
  facet normal 0.000000e+00 -1.000000e+00 0.000000e+00
    outer loop
      vertex   2.719350e-02 -3.000000e-03 1.088070e-01
      vertex   -2.865000e-02 -3.000000e-03 1.092944e-01
      vertex   -2.719350e-02 -3.000000e-03 1.088070e-01
    endloop
  endfacet
  facet normal -0.000000e+00 -1.000000e+00 0.000000e+00
    outer loop
      vertex   2.719350e-02 -3.000000e-03 1.088070e-01
      vertex   -2.719350e-02 -3.000000e-03 1.088070e-01
      vertex   2.572871e-02 -3.000000e-03 1.083452e-01
    endloop
  endfacet
  facet normal 0.000000e+00 -1.000000e+00 0.000000e+00
    outer loop
      vertex   2.572871e-02 -3.000000e-03 1.083452e-01
      vertex   -2.719350e-02 -3.000000e-03 1.088070e-01
      vertex   -2.572871e-02 -3.000000e-03 1.083452e-01
    endloop
  endfacet
  facet normal 2.681305e-31 -1.000000e+00 9.942004e-16
    outer loop
      vertex   2.572871e-02 -3.000000e-03 1.083452e-01
      vertex   -2.572871e-02 -3.000000e-03 1.083452e-01
      vertex   2.425609e-02 -3.000000e-03 1.079090e-01
    endloop
  endfacet
  facet normal -5.688181e-31 -1.000000e+00 9.942004e-16
    outer loop
      vertex   2.425609e-02 -3.000000e-03 1.079090e-01
      vertex   -2.572871e-02 -3.000000e-03 1.083452e-01
      vertex   -2.425609e-02 -3.000000e-03 1.079090e-01
    endloop
  endfacet
  facet normal 0.000000e+00 -1.000000e+00 0.000000e+00
    outer loop
      vertex   2.425609e-02 -3.000000e-03 1.079090e-01
      vertex   -2.425609e-02 -3.000000e-03 1.079090e-01
      vertex   2.277608e-02 -3.000000e-03 1.074985e-01
    endloop
  endfacet
  facet normal 0.000000e+00 -1.000000e+00 0.000000e+00
    outer loop
      vertex   2.277608e-02 -3.000000e-03 1.074985e-01
      vertex   -2.425609e-02 -3.000000e-03 1.079090e-01
      vertex   -2.277608e-02 -3.000000e-03 1.074985e-01
    endloop
  endfacet
  facet normal -0.000000e+00 -1.000000e+00 0.000000e+00
    outer loop
      vertex   2.277608e-02 -3.000000e-03 1.074985e-01
      vertex   -2.277608e-02 -3.000000e-03 1.074985e-01
      vertex   2.128913e-02 -3.000000e-03 1.071140e-01
    endloop
  endfacet
  facet normal 0.000000e+00 -1.000000e+00 0.000000e+00
    outer loop
      vertex   2.128913e-02 -3.000000e-03 1.071140e-01
      vertex   -2.277608e-02 -3.000000e-03 1.074985e-01
      vertex   -2.128913e-02 -3.000000e-03 1.071140e-01
    endloop
  endfacet
  facet normal -0.000000e+00 -1.000000e+00 0.000000e+00
    outer loop
      vertex   2.128913e-02 -3.000000e-03 1.071140e-01
      vertex   -2.128913e-02 -3.000000e-03 1.071140e-01
      vertex   1.979569e-02 -3.000000e-03 1.067554e-01
    endloop
  endfacet
  facet normal 0.000000e+00 -1.000000e+00 0.000000e+00
    outer loop
      vertex   1.979569e-02 -3.000000e-03 1.067554e-01
      vertex   -2.128913e-02 -3.000000e-03 1.071140e-01
      vertex   -1.979569e-02 -3.000000e-03 1.067554e-01
    endloop
  endfacet
  facet normal -0.000000e+00 -1.000000e+00 0.000000e+00
    outer loop
      vertex   1.979569e-02 -3.000000e-03 1.067554e-01
      vertex   -1.979569e-02 -3.000000e-03 1.067554e-01
      vertex   1.829623e-02 -3.000000e-03 1.064230e-01
    endloop
  endfacet
  facet normal 0.000000e+00 -1.000000e+00 0.000000e+00
    outer loop
      vertex   1.829623e-02 -3.000000e-03 1.064230e-01
      vertex   -1.979569e-02 -3.000000e-03 1.067554e-01
      vertex   -1.829623e-02 -3.000000e-03 1.064230e-01
    endloop
  endfacet
  facet normal -0.000000e+00 -1.000000e+00 0.000000e+00
    outer loop
      vertex   1.829623e-02 -3.000000e-03 1.064230e-01
      vertex   -1.829623e-02 -3.000000e-03 1.064230e-01
      vertex   1.679119e-02 -3.000000e-03 1.061168e-01
    endloop
  endfacet
  facet normal -0.000000e+00 -1.000000e+00 0.000000e+00
    outer loop
      vertex   1.679119e-02 -3.000000e-03 1.061168e-01
      vertex   -1.829623e-02 -3.000000e-03 1.064230e-01
      vertex   -1.679119e-02 -3.000000e-03 1.061168e-01
    endloop
  endfacet
  facet normal 0.000000e+00 -1.000000e+00 0.000000e+00
    outer loop
      vertex   1.679119e-02 -3.000000e-03 1.061168e-01
      vertex   -1.679119e-02 -3.000000e-03 1.061168e-01
      vertex   1.528104e-02 -3.000000e-03 1.058369e-01
    endloop
  endfacet
  facet normal 0.000000e+00 -1.000000e+00 0.000000e+00
    outer loop
      vertex   1.528104e-02 -3.000000e-03 1.058369e-01
      vertex   -1.679119e-02 -3.000000e-03 1.061168e-01
      vertex   -1.528104e-02 -3.000000e-03 1.058369e-01
    endloop
  endfacet
  facet normal 0.000000e+00 -1.000000e+00 3.421657e-15
    outer loop
      vertex   1.528104e-02 -3.000000e-03 1.058369e-01
      vertex   -1.528104e-02 -3.000000e-03 1.058369e-01
      vertex   1.376623e-02 -3.000000e-03 1.055834e-01
    endloop
  endfacet
  facet normal 0.000000e+00 -1.000000e+00 3.421657e-15
    outer loop
      vertex   1.376623e-02 -3.000000e-03 1.055834e-01
      vertex   -1.528104e-02 -3.000000e-03 1.058369e-01
      vertex   -1.376623e-02 -3.000000e-03 1.055834e-01
    endloop
  endfacet
  facet normal -0.000000e+00 -1.000000e+00 0.000000e+00
    outer loop
      vertex   1.376623e-02 -3.000000e-03 1.055834e-01
      vertex   -1.376623e-02 -3.000000e-03 1.055834e-01
      vertex   1.224723e-02 -3.000000e-03 1.053564e-01
    endloop
  endfacet
  facet normal 0.000000e+00 -1.000000e+00 0.000000e+00
    outer loop
      vertex   1.224723e-02 -3.000000e-03 1.053564e-01
      vertex   -1.376623e-02 -3.000000e-03 1.055834e-01
      vertex   -1.224723e-02 -3.000000e-03 1.053564e-01
    endloop
  endfacet
  facet normal -0.000000e+00 -1.000000e+00 0.000000e+00
    outer loop
      vertex   1.224723e-02 -3.000000e-03 1.053564e-01
      vertex   -1.224723e-02 -3.000000e-03 1.053564e-01
      vertex   1.072450e-02 -3.000000e-03 1.051559e-01
    endloop
  endfacet
  facet normal -0.000000e+00 -1.000000e+00 0.000000e+00
    outer loop
      vertex   1.072450e-02 -3.000000e-03 1.051559e-01
      vertex   -1.224723e-02 -3.000000e-03 1.053564e-01
      vertex   -1.072450e-02 -3.000000e-03 1.051559e-01
    endloop
  endfacet
  facet normal 0.000000e+00 -1.000000e+00 0.000000e+00
    outer loop
      vertex   1.072450e-02 -3.000000e-03 1.051559e-01
      vertex   -1.072450e-02 -3.000000e-03 1.051559e-01
      vertex   9.198505e-03 -3.000000e-03 1.049821e-01
    endloop
  endfacet
  facet normal 0.000000e+00 -1.000000e+00 0.000000e+00
    outer loop
      vertex   9.198505e-03 -3.000000e-03 1.049821e-01
      vertex   -1.072450e-02 -3.000000e-03 1.051559e-01
      vertex   -9.198505e-03 -3.000000e-03 1.049821e-01
    endloop
  endfacet
  facet normal -0.000000e+00 -1.000000e+00 0.000000e+00
    outer loop
      vertex   9.198505e-03 -3.000000e-03 1.049821e-01
      vertex   -9.198505e-03 -3.000000e-03 1.049821e-01
      vertex   7.669705e-03 -3.000000e-03 1.048349e-01
    endloop
  endfacet
  facet normal 0.000000e+00 -1.000000e+00 0.000000e+00
    outer loop
      vertex   7.669705e-03 -3.000000e-03 1.048349e-01
      vertex   -9.198505e-03 -3.000000e-03 1.049821e-01
      vertex   -7.669705e-03 -3.000000e-03 1.048349e-01
    endloop
  endfacet
  facet normal -0.000000e+00 -1.000000e+00 0.000000e+00
    outer loop
      vertex   7.669705e-03 -3.000000e-03 1.048349e-01
      vertex   -7.669705e-03 -3.000000e-03 1.048349e-01
      vertex   6.138570e-03 -3.000000e-03 1.047144e-01
    endloop
  endfacet
  facet normal 0.000000e+00 -1.000000e+00 0.000000e+00
    outer loop
      vertex   6.138570e-03 -3.000000e-03 1.047144e-01
      vertex   -7.669705e-03 -3.000000e-03 1.048349e-01
      vertex   -6.138570e-03 -3.000000e-03 1.047144e-01
    endloop
  endfacet
  facet normal -0.000000e+00 -1.000000e+00 0.000000e+00
    outer loop
      vertex   6.138570e-03 -3.000000e-03 1.047144e-01
      vertex   -6.138570e-03 -3.000000e-03 1.047144e-01
      vertex   4.605564e-03 -3.000000e-03 1.046206e-01
    endloop
  endfacet
  facet normal 0.000000e+00 -1.000000e+00 0.000000e+00
    outer loop
      vertex   4.605564e-03 -3.000000e-03 1.046206e-01
      vertex   -6.138570e-03 -3.000000e-03 1.047144e-01
      vertex   -4.605564e-03 -3.000000e-03 1.046206e-01
    endloop
  endfacet
  facet normal -0.000000e+00 -1.000000e+00 0.000000e+00
    outer loop
      vertex   4.605564e-03 -3.000000e-03 1.046206e-01
      vertex   -4.605564e-03 -3.000000e-03 1.046206e-01
      vertex   3.071156e-03 -3.000000e-03 1.045536e-01
    endloop
  endfacet
  facet normal 0.000000e+00 -1.000000e+00 0.000000e+00
    outer loop
      vertex   3.071156e-03 -3.000000e-03 1.045536e-01
      vertex   -4.605564e-03 -3.000000e-03 1.046206e-01
      vertex   -3.071156e-03 -3.000000e-03 1.045536e-01
    endloop
  endfacet
  facet normal -0.000000e+00 -1.000000e+00 0.000000e+00
    outer loop
      vertex   3.071156e-03 -3.000000e-03 1.045536e-01
      vertex   -3.071156e-03 -3.000000e-03 1.045536e-01
      vertex   1.535812e-03 -3.000000e-03 1.045134e-01
    endloop
  endfacet
  facet normal 0.000000e+00 -1.000000e+00 0.000000e+00
    outer loop
      vertex   1.535812e-03 -3.000000e-03 1.045134e-01
      vertex   -3.071156e-03 -3.000000e-03 1.045536e-01
      vertex   -1.535812e-03 -3.000000e-03 1.045134e-01
    endloop
  endfacet
  facet normal -0.000000e+00 -1.000000e+00 0.000000e+00
    outer loop
      vertex   1.535812e-03 -3.000000e-03 1.045134e-01
      vertex   -1.535812e-03 -3.000000e-03 1.045134e-01
      vertex   -1.616534e-17 -3.000000e-03 1.045000e-01
    endloop
  endfacet
  facet normal 0.000000e+00 -1.000000e+00 0.000000e+00
    outer loop
      vertex   -8.798660e-02 -3.000000e-03 1.940358e-01
      vertex   8.798660e-02 -3.000000e-03 1.940358e-01
      vertex   -8.794639e-02 -3.000000e-03 1.955712e-01
    endloop
  endfacet
  facet normal 0.000000e+00 -1.000000e+00 0.000000e+00
    outer loop
      vertex   -8.794639e-02 -3.000000e-03 1.955712e-01
      vertex   8.798660e-02 -3.000000e-03 1.940358e-01
      vertex   8.794639e-02 -3.000000e-03 1.955712e-01
    endloop
  endfacet
  facet normal 0.000000e+00 -1.000000e+00 2.826372e-16
    outer loop
      vertex   -8.794639e-02 -3.000000e-03 1.955712e-01
      vertex   8.794639e-02 -3.000000e-03 1.955712e-01
      vertex   -8.787940e-02 -3.000000e-03 1.971056e-01
    endloop
  endfacet
  facet normal 0.000000e+00 -1.000000e+00 2.826372e-16
    outer loop
      vertex   -8.787940e-02 -3.000000e-03 1.971056e-01
      vertex   8.794639e-02 -3.000000e-03 1.955712e-01
      vertex   8.787940e-02 -3.000000e-03 1.971056e-01
    endloop
  endfacet
  facet normal 0.000000e+00 -1.000000e+00 2.828958e-16
    outer loop
      vertex   -8.787940e-02 -3.000000e-03 1.971056e-01
      vertex   8.787940e-02 -3.000000e-03 1.971056e-01
      vertex   -8.778564e-02 -3.000000e-03 1.986386e-01
    endloop
  endfacet
  facet normal 4.472222e-32 -1.000000e+00 2.828958e-16
    outer loop
      vertex   -8.778564e-02 -3.000000e-03 1.986386e-01
      vertex   8.787940e-02 -3.000000e-03 1.971056e-01
      vertex   8.778564e-02 -3.000000e-03 1.986386e-01
    endloop
  endfacet
  facet normal 0.000000e+00 -1.000000e+00 0.000000e+00
    outer loop
      vertex   -8.778564e-02 -3.000000e-03 1.986386e-01
      vertex   8.778564e-02 -3.000000e-03 1.986386e-01
      vertex   -8.766513e-02 -3.000000e-03 2.001697e-01
    endloop
  endfacet
  facet normal 0.000000e+00 -1.000000e+00 0.000000e+00
    outer loop
      vertex   -8.766513e-02 -3.000000e-03 2.001697e-01
      vertex   8.778564e-02 -3.000000e-03 1.986386e-01
      vertex   8.766513e-02 -3.000000e-03 2.001697e-01
    endloop
  endfacet
  facet normal 0.000000e+00 -1.000000e+00 2.836741e-16
    outer loop
      vertex   -8.766513e-02 -3.000000e-03 2.001697e-01
      vertex   8.766513e-02 -3.000000e-03 2.001697e-01
      vertex   -8.751793e-02 -3.000000e-03 2.016985e-01
    endloop
  endfacet
  facet normal 4.498244e-32 -1.000000e+00 2.836741e-16
    outer loop
      vertex   -8.751793e-02 -3.000000e-03 2.016985e-01
      vertex   8.766513e-02 -3.000000e-03 2.001697e-01
      vertex   8.751793e-02 -3.000000e-03 2.016985e-01
    endloop
  endfacet
  facet normal 0.000000e+00 -1.000000e+00 0.000000e+00
    outer loop
      vertex   -8.751793e-02 -3.000000e-03 2.016985e-01
      vertex   8.751793e-02 -3.000000e-03 2.016985e-01
      vertex   -8.734406e-02 -3.000000e-03 2.032245e-01
    endloop
  endfacet
  facet normal 0.000000e+00 -1.000000e+00 0.000000e+00
    outer loop
      vertex   -8.734406e-02 -3.000000e-03 2.032245e-01
      vertex   8.751793e-02 -3.000000e-03 2.016985e-01
      vertex   8.734406e-02 -3.000000e-03 2.032245e-01
    endloop
  endfacet
  facet normal 0.000000e+00 -1.000000e+00 5.696094e-16
    outer loop
      vertex   -8.734406e-02 -3.000000e-03 2.032245e-01
      vertex   8.734406e-02 -3.000000e-03 2.032245e-01
      vertex   -8.714359e-02 -3.000000e-03 2.047472e-01
    endloop
  endfacet
  facet normal 0.000000e+00 -1.000000e+00 5.696094e-16
    outer loop
      vertex   -8.714359e-02 -3.000000e-03 2.047472e-01
      vertex   8.734406e-02 -3.000000e-03 2.032245e-01
      vertex   8.714359e-02 -3.000000e-03 2.047472e-01
    endloop
  endfacet
  facet normal 0.000000e+00 -1.000000e+00 2.855042e-16
    outer loop
      vertex   -8.714359e-02 -3.000000e-03 2.047472e-01
      vertex   8.714359e-02 -3.000000e-03 2.047472e-01
      vertex   -8.691657e-02 -3.000000e-03 2.062662e-01
    endloop
  endfacet
  facet normal 9.117171e-32 -1.000000e+00 2.855042e-16
    outer loop
      vertex   -8.691657e-02 -3.000000e-03 2.062662e-01
      vertex   8.714359e-02 -3.000000e-03 2.047472e-01
      vertex   8.691657e-02 -3.000000e-03 2.062662e-01
    endloop
  endfacet
  facet normal 0.000000e+00 -1.000000e+00 0.000000e+00
    outer loop
      vertex   -8.691657e-02 -3.000000e-03 2.062662e-01
      vertex   8.691657e-02 -3.000000e-03 2.062662e-01
      vertex   -8.666308e-02 -3.000000e-03 2.077810e-01
    endloop
  endfacet
  facet normal 0.000000e+00 -1.000000e+00 0.000000e+00
    outer loop
      vertex   -8.666308e-02 -3.000000e-03 2.077810e-01
      vertex   8.691657e-02 -3.000000e-03 2.062662e-01
      vertex   8.666308e-02 -3.000000e-03 2.077810e-01
    endloop
  endfacet
  facet normal 0.000000e+00 -1.000000e+00 2.871770e-16
    outer loop
      vertex   -8.666308e-02 -3.000000e-03 2.077810e-01
      vertex   8.666308e-02 -3.000000e-03 2.077810e-01
      vertex   -8.638319e-02 -3.000000e-03 2.092912e-01
    endloop
  endfacet
  facet normal 4.613607e-32 -1.000000e+00 2.871770e-16
    outer loop
      vertex   -8.638319e-02 -3.000000e-03 2.092912e-01
      vertex   8.666308e-02 -3.000000e-03 2.077810e-01
      vertex   8.638319e-02 -3.000000e-03 2.092912e-01
    endloop
  endfacet
  facet normal 0.000000e+00 -1.000000e+00 0.000000e+00
    outer loop
      vertex   -8.638319e-02 -3.000000e-03 2.092912e-01
      vertex   8.638319e-02 -3.000000e-03 2.092912e-01
      vertex   -8.607699e-02 -3.000000e-03 2.107962e-01
    endloop
  endfacet
  facet normal 0.000000e+00 -1.000000e+00 0.000000e+00
    outer loop
      vertex   -8.607699e-02 -3.000000e-03 2.107962e-01
      vertex   8.638319e-02 -3.000000e-03 2.092912e-01
      vertex   8.607699e-02 -3.000000e-03 2.107962e-01
    endloop
  endfacet
  facet normal 0.000000e+00 -1.000000e+00 5.784479e-16
    outer loop
      vertex   -8.607699e-02 -3.000000e-03 2.107962e-01
      vertex   8.607699e-02 -3.000000e-03 2.107962e-01
      vertex   -8.574457e-02 -3.000000e-03 2.122957e-01
    endloop
  endfacet
  facet normal 0.000000e+00 -1.000000e+00 5.784479e-16
    outer loop
      vertex   -8.574457e-02 -3.000000e-03 2.122957e-01
      vertex   8.607699e-02 -3.000000e-03 2.107962e-01
      vertex   8.574457e-02 -3.000000e-03 2.122957e-01
    endloop
  endfacet
  facet normal 0.000000e+00 -1.000000e+00 2.903917e-16
    outer loop
      vertex   -8.574457e-02 -3.000000e-03 2.122957e-01
      vertex   8.574457e-02 -3.000000e-03 2.122957e-01
      vertex   -8.538602e-02 -3.000000e-03 2.137891e-01
    endloop
  endfacet
  facet normal 0.000000e+00 -1.000000e+00 2.903917e-16
    outer loop
      vertex   -8.538602e-02 -3.000000e-03 2.137891e-01
      vertex   8.574457e-02 -3.000000e-03 2.122957e-01
      vertex   8.538602e-02 -3.000000e-03 2.137891e-01
    endloop
  endfacet
  facet normal 0.000000e+00 -1.000000e+00 0.000000e+00
    outer loop
      vertex   -8.538602e-02 -3.000000e-03 2.137891e-01
      vertex   8.538602e-02 -3.000000e-03 2.137891e-01
      vertex   -8.500147e-02 -3.000000e-03 2.152761e-01
    endloop
  endfacet
  facet normal 0.000000e+00 -1.000000e+00 0.000000e+00
    outer loop
      vertex   -8.500147e-02 -3.000000e-03 2.152761e-01
      vertex   8.538602e-02 -3.000000e-03 2.137891e-01
      vertex   8.500147e-02 -3.000000e-03 2.152761e-01
    endloop
  endfacet
  facet normal 4.784086e-32 -1.000000e+00 2.930254e-16
    outer loop
      vertex   -8.500147e-02 -3.000000e-03 2.152761e-01
      vertex   8.500147e-02 -3.000000e-03 2.152761e-01
      vertex   -8.459103e-02 -3.000000e-03 2.167561e-01
    endloop
  endfacet
  facet normal 0.000000e+00 -1.000000e+00 2.930254e-16
    outer loop
      vertex   -8.459103e-02 -3.000000e-03 2.167561e-01
      vertex   8.500147e-02 -3.000000e-03 2.152761e-01
      vertex   8.459103e-02 -3.000000e-03 2.167561e-01
    endloop
  endfacet
  facet normal 0.000000e+00 -1.000000e+00 2.944956e-16
    outer loop
      vertex   -8.459103e-02 -3.000000e-03 2.167561e-01
      vertex   8.459103e-02 -3.000000e-03 2.167561e-01
      vertex   -8.415482e-02 -3.000000e-03 2.182287e-01
    endloop
  endfacet
  facet normal 0.000000e+00 -1.000000e+00 2.944956e-16
    outer loop
      vertex   -8.415482e-02 -3.000000e-03 2.182287e-01
      vertex   8.459103e-02 -3.000000e-03 2.167561e-01
      vertex   8.415482e-02 -3.000000e-03 2.182287e-01
    endloop
  endfacet
  facet normal 0.000000e+00 -1.000000e+00 0.000000e+00
    outer loop
      vertex   -8.415482e-02 -3.000000e-03 2.182287e-01
      vertex   8.415482e-02 -3.000000e-03 2.182287e-01
      vertex   -8.369297e-02 -3.000000e-03 2.196935e-01
    endloop
  endfacet
  facet normal 0.000000e+00 -1.000000e+00 0.000000e+00
    outer loop
      vertex   -8.369297e-02 -3.000000e-03 2.196935e-01
      vertex   8.415482e-02 -3.000000e-03 2.182287e-01
      vertex   8.369297e-02 -3.000000e-03 2.196935e-01
    endloop
  endfacet
  facet normal 0.000000e+00 -1.000000e+00 2.977551e-16
    outer loop
      vertex   -8.369297e-02 -3.000000e-03 2.196935e-01
      vertex   8.369297e-02 -3.000000e-03 2.196935e-01
      vertex   -8.320563e-02 -3.000000e-03 2.211500e-01
    endloop
  endfacet
  facet normal 0.000000e+00 -1.000000e+00 2.977551e-16
    outer loop
      vertex   -8.320563e-02 -3.000000e-03 2.211500e-01
      vertex   8.369297e-02 -3.000000e-03 2.196935e-01
      vertex   8.320563e-02 -3.000000e-03 2.211500e-01
    endloop
  endfacet
  facet normal 0.000000e+00 -1.000000e+00 0.000000e+00
    outer loop
      vertex   -8.320563e-02 -3.000000e-03 2.211500e-01
      vertex   8.320563e-02 -3.000000e-03 2.211500e-01
      vertex   -8.269295e-02 -3.000000e-03 2.225978e-01
    endloop
  endfacet
  facet normal 0.000000e+00 -1.000000e+00 0.000000e+00
    outer loop
      vertex   -8.269295e-02 -3.000000e-03 2.225978e-01
      vertex   8.320563e-02 -3.000000e-03 2.211500e-01
      vertex   8.269295e-02 -3.000000e-03 2.225978e-01
    endloop
  endfacet
  facet normal 0.000000e+00 -1.000000e+00 6.029178e-16
    outer loop
      vertex   -8.269295e-02 -3.000000e-03 2.225978e-01
      vertex   8.269295e-02 -3.000000e-03 2.225978e-01
      vertex   -8.215508e-02 -3.000000e-03 2.240364e-01
    endloop
  endfacet
  facet normal 0.000000e+00 -1.000000e+00 6.029178e-16
    outer loop
      vertex   -8.215508e-02 -3.000000e-03 2.240364e-01
      vertex   8.269295e-02 -3.000000e-03 2.225978e-01
      vertex   8.215508e-02 -3.000000e-03 2.240364e-01
    endloop
  endfacet
  facet normal 0.000000e+00 -1.000000e+00 3.034854e-16
    outer loop
      vertex   -8.215508e-02 -3.000000e-03 2.240364e-01
      vertex   8.215508e-02 -3.000000e-03 2.240364e-01
      vertex   -8.159218e-02 -3.000000e-03 2.254654e-01
    endloop
  endfacet
  facet normal 1.032380e-31 -1.000000e+00 3.034854e-16
    outer loop
      vertex   -8.159218e-02 -3.000000e-03 2.254654e-01
      vertex   8.215508e-02 -3.000000e-03 2.240364e-01
      vertex   8.159218e-02 -3.000000e-03 2.254654e-01
    endloop
  endfacet
  facet normal 0.000000e+00 -1.000000e+00 0.000000e+00
    outer loop
      vertex   -8.159218e-02 -3.000000e-03 2.254654e-01
      vertex   8.159218e-02 -3.000000e-03 2.254654e-01
      vertex   -8.100443e-02 -3.000000e-03 2.268843e-01
    endloop
  endfacet
  facet normal 0.000000e+00 -1.000000e+00 0.000000e+00
    outer loop
      vertex   -8.100443e-02 -3.000000e-03 2.268843e-01
      vertex   8.159218e-02 -3.000000e-03 2.254654e-01
      vertex   8.100443e-02 -3.000000e-03 2.268843e-01
    endloop
  endfacet
  facet normal 0.000000e+00 -1.000000e+00 3.079059e-16
    outer loop
      vertex   -8.100443e-02 -3.000000e-03 2.268843e-01
      vertex   8.100443e-02 -3.000000e-03 2.268843e-01
      vertex   -8.039200e-02 -3.000000e-03 2.282928e-01
    endloop
  endfacet
  facet normal 1.063054e-31 -1.000000e+00 3.079059e-16
    outer loop
      vertex   -8.039200e-02 -3.000000e-03 2.282928e-01
      vertex   8.100443e-02 -3.000000e-03 2.268843e-01
      vertex   8.039200e-02 -3.000000e-03 2.282928e-01
    endloop
  endfacet
  facet normal 0.000000e+00 -1.000000e+00 0.000000e+00
    outer loop
      vertex   -8.039200e-02 -3.000000e-03 2.282928e-01
      vertex   8.039200e-02 -3.000000e-03 2.282928e-01
      vertex   -7.975509e-02 -3.000000e-03 2.296904e-01
    endloop
  endfacet
  facet normal 0.000000e+00 -1.000000e+00 0.000000e+00
    outer loop
      vertex   -7.975509e-02 -3.000000e-03 2.296904e-01
      vertex   8.039200e-02 -3.000000e-03 2.282928e-01
      vertex   7.975509e-02 -3.000000e-03 2.296904e-01
    endloop
  endfacet
  facet normal 1.088728e-31 -1.000000e+00 6.256875e-16
    outer loop
      vertex   -7.975509e-02 -3.000000e-03 2.296904e-01
      vertex   7.975509e-02 -3.000000e-03 2.296904e-01
      vertex   -7.909388e-02 -3.000000e-03 2.310767e-01
    endloop
  endfacet
  facet normal -2.195659e-31 -1.000000e+00 6.256875e-16
    outer loop
      vertex   -7.909388e-02 -3.000000e-03 2.310767e-01
      vertex   7.975509e-02 -3.000000e-03 2.296904e-01
      vertex   7.909388e-02 -3.000000e-03 2.310767e-01
    endloop
  endfacet
  facet normal 0.000000e+00 -1.000000e+00 0.000000e+00
    outer loop
      vertex   -7.909388e-02 -3.000000e-03 2.310767e-01
      vertex   7.909388e-02 -3.000000e-03 2.310767e-01
      vertex   -7.840857e-02 -3.000000e-03 2.324512e-01
    endloop
  endfacet
  facet normal 0.000000e+00 -1.000000e+00 0.000000e+00
    outer loop
      vertex   -7.840857e-02 -3.000000e-03 2.324512e-01
      vertex   7.909388e-02 -3.000000e-03 2.310767e-01
      vertex   7.840857e-02 -3.000000e-03 2.324512e-01
    endloop
  endfacet
  facet normal 0.000000e+00 -1.000000e+00 3.183368e-16
    outer loop
      vertex   -7.840857e-02 -3.000000e-03 2.324512e-01
      vertex   7.840857e-02 -3.000000e-03 2.324512e-01
      vertex   -7.769939e-02 -3.000000e-03 2.338135e-01
    endloop
  endfacet
  facet normal -5.685772e-32 -1.000000e+00 3.183368e-16
    outer loop
      vertex   -7.769939e-02 -3.000000e-03 2.338135e-01
      vertex   7.840857e-02 -3.000000e-03 2.324512e-01
      vertex   7.769939e-02 -3.000000e-03 2.338135e-01
    endloop
  endfacet
  facet normal 0.000000e+00 -1.000000e+00 0.000000e+00
    outer loop
      vertex   -7.769939e-02 -3.000000e-03 2.338135e-01
      vertex   7.769939e-02 -3.000000e-03 2.338135e-01
      vertex   -7.696653e-02 -3.000000e-03 2.351633e-01
    endloop
  endfacet
  facet normal 0.000000e+00 -1.000000e+00 0.000000e+00
    outer loop
      vertex   -7.696653e-02 -3.000000e-03 2.351633e-01
      vertex   7.769939e-02 -3.000000e-03 2.338135e-01
      vertex   7.696653e-02 -3.000000e-03 2.351633e-01
    endloop
  endfacet
  facet normal 0.000000e+00 -1.000000e+00 3.244285e-16
    outer loop
      vertex   -7.696653e-02 -3.000000e-03 2.351633e-01
      vertex   7.696653e-02 -3.000000e-03 2.351633e-01
      vertex   -7.621024e-02 -3.000000e-03 2.365000e-01
    endloop
  endfacet
  facet normal 0.000000e+00 -1.000000e+00 3.244285e-16
    outer loop
      vertex   -7.621024e-02 -3.000000e-03 2.365000e-01
      vertex   7.696653e-02 -3.000000e-03 2.351633e-01
      vertex   7.621024e-02 -3.000000e-03 2.365000e-01
    endloop
  endfacet
  facet normal 0.000000e+00 -1.000000e+00 3.277143e-16
    outer loop
      vertex   -7.621024e-02 -3.000000e-03 2.365000e-01
      vertex   7.621024e-02 -3.000000e-03 2.365000e-01
      vertex   -7.543072e-02 -3.000000e-03 2.378234e-01
    endloop
  endfacet
  facet normal 0.000000e+00 -1.000000e+00 3.277143e-16
    outer loop
      vertex   -7.543072e-02 -3.000000e-03 2.378234e-01
      vertex   7.621024e-02 -3.000000e-03 2.365000e-01
      vertex   7.543072e-02 -3.000000e-03 2.378234e-01
    endloop
  endfacet
  facet normal 0.000000e+00 -1.000000e+00 0.000000e+00
    outer loop
      vertex   -7.543072e-02 -3.000000e-03 2.378234e-01
      vertex   7.543072e-02 -3.000000e-03 2.378234e-01
      vertex   -7.462823e-02 -3.000000e-03 2.391329e-01
    endloop
  endfacet
  facet normal 0.000000e+00 -1.000000e+00 0.000000e+00
    outer loop
      vertex   -7.462823e-02 -3.000000e-03 2.391329e-01
      vertex   7.543072e-02 -3.000000e-03 2.378234e-01
      vertex   7.462823e-02 -3.000000e-03 2.391329e-01
    endloop
  endfacet
  facet normal 0.000000e+00 -1.000000e+00 3.348008e-16
    outer loop
      vertex   -7.462823e-02 -3.000000e-03 2.391329e-01
      vertex   7.462823e-02 -3.000000e-03 2.391329e-01
      vertex   -7.380301e-02 -3.000000e-03 2.404282e-01
    endloop
  endfacet
  facet normal 0.000000e+00 -1.000000e+00 3.348008e-16
    outer loop
      vertex   -7.380301e-02 -3.000000e-03 2.404282e-01
      vertex   7.462823e-02 -3.000000e-03 2.391329e-01
      vertex   7.380301e-02 -3.000000e-03 2.404282e-01
    endloop
  endfacet
  facet normal 0.000000e+00 -1.000000e+00 0.000000e+00
    outer loop
      vertex   -7.380301e-02 -3.000000e-03 2.404282e-01
      vertex   7.380301e-02 -3.000000e-03 2.404282e-01
      vertex   -7.295531e-02 -3.000000e-03 2.417090e-01
    endloop
  endfacet
  facet normal 0.000000e+00 -1.000000e+00 0.000000e+00
    outer loop
      vertex   -7.295531e-02 -3.000000e-03 2.417090e-01
      vertex   7.380301e-02 -3.000000e-03 2.404282e-01
      vertex   7.295531e-02 -3.000000e-03 2.417090e-01
    endloop
  endfacet
  facet normal 0.000000e+00 -1.000000e+00 6.852547e-16
    outer loop
      vertex   -7.295531e-02 -3.000000e-03 2.417090e-01
      vertex   7.295531e-02 -3.000000e-03 2.417090e-01
      vertex   -7.208538e-02 -3.000000e-03 2.429747e-01
    endloop
  endfacet
  facet normal 0.000000e+00 -1.000000e+00 6.852547e-16
    outer loop
      vertex   -7.208538e-02 -3.000000e-03 2.429747e-01
      vertex   7.295531e-02 -3.000000e-03 2.417090e-01
      vertex   7.208538e-02 -3.000000e-03 2.429747e-01
    endloop
  endfacet
  facet normal 0.000000e+00 -1.000000e+00 0.000000e+00
    outer loop
      vertex   -7.208538e-02 -3.000000e-03 2.429747e-01
      vertex   7.208538e-02 -3.000000e-03 2.429747e-01
      vertex   -7.119350e-02 -3.000000e-03 2.442251e-01
    endloop
  endfacet
  facet normal 0.000000e+00 -1.000000e+00 0.000000e+00
    outer loop
      vertex   -7.119350e-02 -3.000000e-03 2.442251e-01
      vertex   7.208538e-02 -3.000000e-03 2.429747e-01
      vertex   7.119350e-02 -3.000000e-03 2.442251e-01
    endloop
  endfacet
  facet normal 6.847262e-32 -1.000000e+00 3.512667e-16
    outer loop
      vertex   -7.119350e-02 -3.000000e-03 2.442251e-01
      vertex   7.119350e-02 -3.000000e-03 2.442251e-01
      vertex   -7.027992e-02 -3.000000e-03 2.454597e-01
    endloop
  endfacet
  facet normal -6.936270e-32 -1.000000e+00 3.512667e-16
    outer loop
      vertex   -7.027992e-02 -3.000000e-03 2.454597e-01
      vertex   7.119350e-02 -3.000000e-03 2.442251e-01
      vertex   7.027992e-02 -3.000000e-03 2.454597e-01
    endloop
  endfacet
  facet normal 0.000000e+00 -1.000000e+00 0.000000e+00
    outer loop
      vertex   -7.027992e-02 -3.000000e-03 2.454597e-01
      vertex   7.027992e-02 -3.000000e-03 2.454597e-01
      vertex   -6.934495e-02 -3.000000e-03 2.466782e-01
    endloop
  endfacet
  facet normal 0.000000e+00 -1.000000e+00 0.000000e+00
    outer loop
      vertex   -6.934495e-02 -3.000000e-03 2.466782e-01
      vertex   7.027992e-02 -3.000000e-03 2.454597e-01
      vertex   6.934495e-02 -3.000000e-03 2.466782e-01
    endloop
  endfacet
  facet normal 0.000000e+00 -1.000000e+00 3.608040e-16
    outer loop
      vertex   -6.934495e-02 -3.000000e-03 2.466782e-01
      vertex   6.934495e-02 -3.000000e-03 2.466782e-01
      vertex   -6.838884e-02 -3.000000e-03 2.478802e-01
    endloop
  endfacet
  facet normal 0.000000e+00 -1.000000e+00 3.608040e-16
    outer loop
      vertex   -6.838884e-02 -3.000000e-03 2.478802e-01
      vertex   6.934495e-02 -3.000000e-03 2.466782e-01
      vertex   6.838884e-02 -3.000000e-03 2.478802e-01
    endloop
  endfacet
  facet normal 0.000000e+00 -1.000000e+00 0.000000e+00
    outer loop
      vertex   -6.838884e-02 -3.000000e-03 2.478802e-01
      vertex   6.838884e-02 -3.000000e-03 2.478802e-01
      vertex   -6.741191e-02 -3.000000e-03 2.490653e-01
    endloop
  endfacet
  facet normal 0.000000e+00 -1.000000e+00 0.000000e+00
    outer loop
      vertex   -6.741191e-02 -3.000000e-03 2.490653e-01
      vertex   6.838884e-02 -3.000000e-03 2.478802e-01
      vertex   6.741191e-02 -3.000000e-03 2.490653e-01
    endloop
  endfacet
  facet normal 0.000000e+00 -1.000000e+00 7.426774e-16
    outer loop
      vertex   -6.741191e-02 -3.000000e-03 2.490653e-01
      vertex   6.741191e-02 -3.000000e-03 2.490653e-01
      vertex   -6.641444e-02 -3.000000e-03 2.502332e-01
    endloop
  endfacet
  facet normal 0.000000e+00 -1.000000e+00 7.426774e-16
    outer loop
      vertex   -6.641444e-02 -3.000000e-03 2.502332e-01
      vertex   6.741191e-02 -3.000000e-03 2.490653e-01
      vertex   6.641444e-02 -3.000000e-03 2.502332e-01
    endloop
  endfacet
  facet normal 0.000000e+00 -1.000000e+00 0.000000e+00
    outer loop
      vertex   -6.641444e-02 -3.000000e-03 2.502332e-01
      vertex   6.641444e-02 -3.000000e-03 2.502332e-01
      vertex   -6.539674e-02 -3.000000e-03 2.513835e-01
    endloop
  endfacet
  facet normal 0.000000e+00 -1.000000e+00 0.000000e+00
    outer loop
      vertex   -6.539674e-02 -3.000000e-03 2.513835e-01
      vertex   6.641444e-02 -3.000000e-03 2.502332e-01
      vertex   6.539674e-02 -3.000000e-03 2.513835e-01
    endloop
  endfacet
  facet normal 0.000000e+00 -1.000000e+00 3.829877e-16
    outer loop
      vertex   -6.539674e-02 -3.000000e-03 2.513835e-01
      vertex   6.539674e-02 -3.000000e-03 2.513835e-01
      vertex   -6.435913e-02 -3.000000e-03 2.525159e-01
    endloop
  endfacet
  facet normal 0.000000e+00 -1.000000e+00 3.829877e-16
    outer loop
      vertex   -6.435913e-02 -3.000000e-03 2.525159e-01
      vertex   6.539674e-02 -3.000000e-03 2.513835e-01
      vertex   6.435913e-02 -3.000000e-03 2.525159e-01
    endloop
  endfacet
  facet normal 0.000000e+00 -1.000000e+00 0.000000e+00
    outer loop
      vertex   -6.435913e-02 -3.000000e-03 2.525159e-01
      vertex   6.435913e-02 -3.000000e-03 2.525159e-01
      vertex   -6.330190e-02 -3.000000e-03 2.536299e-01
    endloop
  endfacet
  facet normal 0.000000e+00 -1.000000e+00 0.000000e+00
    outer loop
      vertex   -6.330190e-02 -3.000000e-03 2.536299e-01
      vertex   6.435913e-02 -3.000000e-03 2.525159e-01
      vertex   6.330190e-02 -3.000000e-03 2.536299e-01
    endloop
  endfacet
  facet normal 0.000000e+00 -1.000000e+00 0.000000e+00
    outer loop
      vertex   -6.330190e-02 -3.000000e-03 2.536299e-01
      vertex   6.330190e-02 -3.000000e-03 2.536299e-01
      vertex   -6.222540e-02 -3.000000e-03 2.547254e-01
    endloop
  endfacet
  facet normal 0.000000e+00 -1.000000e+00 0.000000e+00
    outer loop
      vertex   -6.222540e-02 -3.000000e-03 2.547254e-01
      vertex   6.330190e-02 -3.000000e-03 2.536299e-01
      vertex   6.222540e-02 -3.000000e-03 2.547254e-01
    endloop
  endfacet
  facet normal 0.000000e+00 -1.000000e+00 4.028598e-16
    outer loop
      vertex   -6.222540e-02 -3.000000e-03 2.547254e-01
      vertex   6.222540e-02 -3.000000e-03 2.547254e-01
      vertex   -6.112994e-02 -3.000000e-03 2.558019e-01
    endloop
  endfacet
  facet normal -1.829154e-31 -1.000000e+00 4.028598e-16
    outer loop
      vertex   -6.112994e-02 -3.000000e-03 2.558019e-01
      vertex   6.222540e-02 -3.000000e-03 2.547254e-01
      vertex   6.112994e-02 -3.000000e-03 2.558019e-01
    endloop
  endfacet
  facet normal 0.000000e+00 -1.000000e+00 0.000000e+00
    outer loop
      vertex   -6.112994e-02 -3.000000e-03 2.558019e-01
      vertex   6.112994e-02 -3.000000e-03 2.558019e-01
      vertex   -6.001586e-02 -3.000000e-03 2.568591e-01
    endloop
  endfacet
  facet normal 0.000000e+00 -1.000000e+00 0.000000e+00
    outer loop
      vertex   -6.001586e-02 -3.000000e-03 2.568591e-01
      vertex   6.112994e-02 -3.000000e-03 2.558019e-01
      vertex   6.001586e-02 -3.000000e-03 2.568591e-01
    endloop
  endfacet
  facet normal 1.932932e-31 -1.000000e+00 4.179578e-16
    outer loop
      vertex   -6.001586e-02 -3.000000e-03 2.568591e-01
      vertex   6.001586e-02 -3.000000e-03 2.568591e-01
      vertex   -5.888349e-02 -3.000000e-03 2.578968e-01
    endloop
  endfacet
  facet normal 0.000000e+00 -1.000000e+00 4.179578e-16
    outer loop
      vertex   -5.888349e-02 -3.000000e-03 2.578968e-01
      vertex   6.001586e-02 -3.000000e-03 2.568591e-01
      vertex   5.888349e-02 -3.000000e-03 2.578968e-01
    endloop
  endfacet
  facet normal 0.000000e+00 -1.000000e+00 0.000000e+00
    outer loop
      vertex   -5.888349e-02 -3.000000e-03 2.578968e-01
      vertex   5.888349e-02 -3.000000e-03 2.578968e-01
      vertex   -5.773319e-02 -3.000000e-03 2.589145e-01
    endloop
  endfacet
  facet normal 0.000000e+00 -1.000000e+00 0.000000e+00
    outer loop
      vertex   -5.773319e-02 -3.000000e-03 2.589145e-01
      vertex   5.888349e-02 -3.000000e-03 2.578968e-01
      vertex   5.773319e-02 -3.000000e-03 2.589145e-01
    endloop
  endfacet
  facet normal 2.090239e-31 -1.000000e+00 4.347818e-16
    outer loop
      vertex   -5.773319e-02 -3.000000e-03 2.589145e-01
      vertex   5.773319e-02 -3.000000e-03 2.589145e-01
      vertex   -5.656531e-02 -3.000000e-03 2.599119e-01
    endloop
  endfacet
  facet normal 0.000000e+00 -1.000000e+00 4.347818e-16
    outer loop
      vertex   -5.656531e-02 -3.000000e-03 2.599119e-01
      vertex   5.773319e-02 -3.000000e-03 2.589145e-01
      vertex   5.656531e-02 -3.000000e-03 2.599119e-01
    endloop
  endfacet
  facet normal 0.000000e+00 -1.000000e+00 0.000000e+00
    outer loop
      vertex   -5.656531e-02 -3.000000e-03 2.599119e-01
      vertex   5.656531e-02 -3.000000e-03 2.599119e-01
      vertex   -5.538019e-02 -3.000000e-03 2.608889e-01
    endloop
  endfacet
  facet normal 0.000000e+00 -1.000000e+00 0.000000e+00
    outer loop
      vertex   -5.538019e-02 -3.000000e-03 2.608889e-01
      vertex   5.656531e-02 -3.000000e-03 2.599119e-01
      vertex   5.538019e-02 -3.000000e-03 2.608889e-01
    endloop
  endfacet
  facet normal 0.000000e+00 -1.000000e+00 0.000000e+00
    outer loop
      vertex   -5.538019e-02 -3.000000e-03 2.608889e-01
      vertex   5.538019e-02 -3.000000e-03 2.608889e-01
      vertex   -5.417821e-02 -3.000000e-03 2.618450e-01
    endloop
  endfacet
  facet normal 0.000000e+00 -1.000000e+00 0.000000e+00
    outer loop
      vertex   -5.417821e-02 -3.000000e-03 2.618450e-01
      vertex   5.538019e-02 -3.000000e-03 2.608889e-01
      vertex   5.417821e-02 -3.000000e-03 2.618450e-01
    endloop
  endfacet
  facet normal 0.000000e+00 -1.000000e+00 9.276809e-16
    outer loop
      vertex   -5.417821e-02 -3.000000e-03 2.618450e-01
      vertex   5.417821e-02 -3.000000e-03 2.618450e-01
      vertex   -5.295972e-02 -3.000000e-03 2.627799e-01
    endloop
  endfacet
  facet normal -4.861868e-31 -1.000000e+00 9.276809e-16
    outer loop
      vertex   -5.295972e-02 -3.000000e-03 2.627799e-01
      vertex   5.417821e-02 -3.000000e-03 2.618450e-01
      vertex   5.295972e-02 -3.000000e-03 2.627799e-01
    endloop
  endfacet
  facet normal 0.000000e+00 -1.000000e+00 0.000000e+00
    outer loop
      vertex   -5.295972e-02 -3.000000e-03 2.627799e-01
      vertex   5.295972e-02 -3.000000e-03 2.627799e-01
      vertex   -5.172510e-02 -3.000000e-03 2.636935e-01
    endloop
  endfacet
  facet normal 0.000000e+00 -1.000000e+00 0.000000e+00
    outer loop
      vertex   -5.172510e-02 -3.000000e-03 2.636935e-01
      vertex   5.295972e-02 -3.000000e-03 2.627799e-01
      vertex   5.172510e-02 -3.000000e-03 2.636935e-01
    endloop
  endfacet
  facet normal 0.000000e+00 -1.000000e+00 4.862523e-16
    outer loop
      vertex   -5.172510e-02 -3.000000e-03 2.636935e-01
      vertex   5.172510e-02 -3.000000e-03 2.636935e-01
      vertex   -5.047473e-02 -3.000000e-03 2.645854e-01
    endloop
  endfacet
  facet normal 0.000000e+00 -1.000000e+00 4.862523e-16
    outer loop
      vertex   -5.047473e-02 -3.000000e-03 2.645854e-01
      vertex   5.172510e-02 -3.000000e-03 2.636935e-01
      vertex   5.047473e-02 -3.000000e-03 2.645854e-01
    endloop
  endfacet
  facet normal 0.000000e+00 -1.000000e+00 0.000000e+00
    outer loop
      vertex   -5.047473e-02 -3.000000e-03 2.645854e-01
      vertex   5.047473e-02 -3.000000e-03 2.645854e-01
      vertex   -4.920898e-02 -3.000000e-03 2.654553e-01
    endloop
  endfacet
  facet normal 0.000000e+00 -1.000000e+00 0.000000e+00
    outer loop
      vertex   -4.920898e-02 -3.000000e-03 2.654553e-01
      vertex   5.047473e-02 -3.000000e-03 2.645854e-01
      vertex   4.920898e-02 -3.000000e-03 2.654553e-01
    endloop
  endfacet
  facet normal 0.000000e+00 -1.000000e+00 0.000000e+00
    outer loop
      vertex   -4.920898e-02 -3.000000e-03 2.654553e-01
      vertex   4.920898e-02 -3.000000e-03 2.654553e-01
      vertex   -4.792824e-02 -3.000000e-03 2.663030e-01
    endloop
  endfacet
  facet normal 0.000000e+00 -1.000000e+00 0.000000e+00
    outer loop
      vertex   -4.792824e-02 -3.000000e-03 2.663030e-01
      vertex   4.920898e-02 -3.000000e-03 2.654553e-01
      vertex   4.792824e-02 -3.000000e-03 2.663030e-01
    endloop
  endfacet
  facet normal 0.000000e+00 -1.000000e+00 5.255321e-16
    outer loop
      vertex   -4.792824e-02 -3.000000e-03 2.663030e-01
      vertex   4.792824e-02 -3.000000e-03 2.663030e-01
      vertex   -4.663290e-02 -3.000000e-03 2.671282e-01
    endloop
  endfacet
  facet normal 0.000000e+00 -1.000000e+00 5.255321e-16
    outer loop
      vertex   -4.663290e-02 -3.000000e-03 2.671282e-01
      vertex   4.792824e-02 -3.000000e-03 2.663030e-01
      vertex   4.663290e-02 -3.000000e-03 2.671282e-01
    endloop
  endfacet
  facet normal 0.000000e+00 -1.000000e+00 0.000000e+00
    outer loop
      vertex   -4.663290e-02 -3.000000e-03 2.671282e-01
      vertex   4.663290e-02 -3.000000e-03 2.671282e-01
      vertex   -4.532335e-02 -3.000000e-03 2.679307e-01
    endloop
  endfacet
  facet normal 0.000000e+00 -1.000000e+00 0.000000e+00
    outer loop
      vertex   -4.532335e-02 -3.000000e-03 2.679307e-01
      vertex   4.663290e-02 -3.000000e-03 2.671282e-01
      vertex   4.532335e-02 -3.000000e-03 2.679307e-01
    endloop
  endfacet
  facet normal 0.000000e+00 -1.000000e+00 0.000000e+00
    outer loop
      vertex   -4.532335e-02 -3.000000e-03 2.679307e-01
      vertex   4.532335e-02 -3.000000e-03 2.679307e-01
      vertex   -4.400000e-02 -3.000000e-03 2.687102e-01
    endloop
  endfacet
  facet normal 0.000000e+00 -1.000000e+00 0.000000e+00
    outer loop
      vertex   -4.400000e-02 -3.000000e-03 2.687102e-01
      vertex   4.532335e-02 -3.000000e-03 2.679307e-01
      vertex   4.400000e-02 -3.000000e-03 2.687102e-01
    endloop
  endfacet
  facet normal 0.000000e+00 -1.000000e+00 1.146851e-15
    outer loop
      vertex   -4.400000e-02 -3.000000e-03 2.687102e-01
      vertex   4.400000e-02 -3.000000e-03 2.687102e-01
      vertex   -4.266325e-02 -3.000000e-03 2.694665e-01
    endloop
  endfacet
  facet normal 0.000000e+00 -1.000000e+00 1.146851e-15
    outer loop
      vertex   -4.266325e-02 -3.000000e-03 2.694665e-01
      vertex   4.400000e-02 -3.000000e-03 2.687102e-01
      vertex   4.266325e-02 -3.000000e-03 2.694665e-01
    endloop
  endfacet
  facet normal 0.000000e+00 -1.000000e+00 0.000000e+00
    outer loop
      vertex   -4.266325e-02 -3.000000e-03 2.694665e-01
      vertex   4.266325e-02 -3.000000e-03 2.694665e-01
      vertex   -4.131350e-02 -3.000000e-03 2.701994e-01
    endloop
  endfacet
  facet normal 0.000000e+00 -1.000000e+00 0.000000e+00
    outer loop
      vertex   -4.131350e-02 -3.000000e-03 2.701994e-01
      vertex   4.266325e-02 -3.000000e-03 2.694665e-01
      vertex   4.131350e-02 -3.000000e-03 2.701994e-01
    endloop
  endfacet
  facet normal 0.000000e+00 -1.000000e+00 0.000000e+00
    outer loop
      vertex   -4.131350e-02 -3.000000e-03 2.701994e-01
      vertex   4.131350e-02 -3.000000e-03 2.701994e-01
      vertex   -3.995116e-02 -3.000000e-03 2.709086e-01
    endloop
  endfacet
  facet normal 0.000000e+00 -1.000000e+00 0.000000e+00
    outer loop
      vertex   -3.995116e-02 -3.000000e-03 2.709086e-01
      vertex   4.131350e-02 -3.000000e-03 2.701994e-01
      vertex   3.995116e-02 -3.000000e-03 2.709086e-01
    endloop
  endfacet
  facet normal 0.000000e+00 -1.000000e+00 0.000000e+00
    outer loop
      vertex   -3.995116e-02 -3.000000e-03 2.709086e-01
      vertex   3.995116e-02 -3.000000e-03 2.709086e-01
      vertex   -3.857666e-02 -3.000000e-03 2.715939e-01
    endloop
  endfacet
  facet normal 0.000000e+00 -1.000000e+00 0.000000e+00
    outer loop
      vertex   -3.857666e-02 -3.000000e-03 2.715939e-01
      vertex   3.995116e-02 -3.000000e-03 2.709086e-01
      vertex   3.857666e-02 -3.000000e-03 2.715939e-01
    endloop
  endfacet
  facet normal 0.000000e+00 -1.000000e+00 6.558906e-16
    outer loop
      vertex   -3.857666e-02 -3.000000e-03 2.715939e-01
      vertex   3.857666e-02 -3.000000e-03 2.715939e-01
      vertex   -3.719041e-02 -3.000000e-03 2.722551e-01
    endloop
  endfacet
  facet normal 0.000000e+00 -1.000000e+00 6.558906e-16
    outer loop
      vertex   -3.719041e-02 -3.000000e-03 2.722551e-01
      vertex   3.857666e-02 -3.000000e-03 2.715939e-01
      vertex   3.719041e-02 -3.000000e-03 2.722551e-01
    endloop
  endfacet
  facet normal 0.000000e+00 -1.000000e+00 0.000000e+00
    outer loop
      vertex   -3.719041e-02 -3.000000e-03 2.722551e-01
      vertex   3.719041e-02 -3.000000e-03 2.722551e-01
      vertex   -3.579282e-02 -3.000000e-03 2.728920e-01
    endloop
  endfacet
  facet normal 0.000000e+00 -1.000000e+00 0.000000e+00
    outer loop
      vertex   -3.579282e-02 -3.000000e-03 2.728920e-01
      vertex   3.719041e-02 -3.000000e-03 2.722551e-01
      vertex   3.579282e-02 -3.000000e-03 2.728920e-01
    endloop
  endfacet
  facet normal 0.000000e+00 -1.000000e+00 0.000000e+00
    outer loop
      vertex   -3.579282e-02 -3.000000e-03 2.728920e-01
      vertex   3.579282e-02 -3.000000e-03 2.728920e-01
      vertex   -3.438434e-02 -3.000000e-03 2.735044e-01
    endloop
  endfacet
  facet normal 0.000000e+00 -1.000000e+00 0.000000e+00
    outer loop
      vertex   -3.438434e-02 -3.000000e-03 2.735044e-01
      vertex   3.579282e-02 -3.000000e-03 2.728920e-01
      vertex   3.438434e-02 -3.000000e-03 2.735044e-01
    endloop
  endfacet
  facet normal 0.000000e+00 -1.000000e+00 0.000000e+00
    outer loop
      vertex   -3.438434e-02 -3.000000e-03 2.735044e-01
      vertex   3.438434e-02 -3.000000e-03 2.735044e-01
      vertex   -3.296538e-02 -3.000000e-03 2.740922e-01
    endloop
  endfacet
  facet normal 0.000000e+00 -1.000000e+00 0.000000e+00
    outer loop
      vertex   -3.296538e-02 -3.000000e-03 2.740922e-01
      vertex   3.438434e-02 -3.000000e-03 2.735044e-01
      vertex   3.296538e-02 -3.000000e-03 2.740922e-01
    endloop
  endfacet
  facet normal 0.000000e+00 -1.000000e+00 7.704426e-16
    outer loop
      vertex   -3.296538e-02 -3.000000e-03 2.740922e-01
      vertex   3.296538e-02 -3.000000e-03 2.740922e-01
      vertex   -3.153638e-02 -3.000000e-03 2.746551e-01
    endloop
  endfacet
  facet normal 0.000000e+00 -1.000000e+00 7.704426e-16
    outer loop
      vertex   -3.153638e-02 -3.000000e-03 2.746551e-01
      vertex   3.296538e-02 -3.000000e-03 2.740922e-01
      vertex   3.153638e-02 -3.000000e-03 2.746551e-01
    endloop
  endfacet
  facet normal 0.000000e+00 -1.000000e+00 0.000000e+00
    outer loop
      vertex   -3.153638e-02 -3.000000e-03 2.746551e-01
      vertex   3.153638e-02 -3.000000e-03 2.746551e-01
      vertex   -3.009777e-02 -3.000000e-03 2.751930e-01
    endloop
  endfacet
  facet normal 0.000000e+00 -1.000000e+00 0.000000e+00
    outer loop
      vertex   -3.009777e-02 -3.000000e-03 2.751930e-01
      vertex   3.153638e-02 -3.000000e-03 2.746551e-01
      vertex   3.009777e-02 -3.000000e-03 2.751930e-01
    endloop
  endfacet
  facet normal 0.000000e+00 -1.000000e+00 0.000000e+00
    outer loop
      vertex   -3.009777e-02 -3.000000e-03 2.751930e-01
      vertex   3.009777e-02 -3.000000e-03 2.751930e-01
      vertex   -2.865000e-02 -3.000000e-03 2.757056e-01
    endloop
  endfacet
  facet normal 0.000000e+00 -1.000000e+00 0.000000e+00
    outer loop
      vertex   -2.865000e-02 -3.000000e-03 2.757056e-01
      vertex   3.009777e-02 -3.000000e-03 2.751930e-01
      vertex   2.865000e-02 -3.000000e-03 2.757056e-01
    endloop
  endfacet
  facet normal 0.000000e+00 -1.000000e+00 0.000000e+00
    outer loop
      vertex   -2.865000e-02 -3.000000e-03 2.757056e-01
      vertex   2.865000e-02 -3.000000e-03 2.757056e-01
      vertex   -2.719350e-02 -3.000000e-03 2.761930e-01
    endloop
  endfacet
  facet normal 0.000000e+00 -1.000000e+00 0.000000e+00
    outer loop
      vertex   -2.719350e-02 -3.000000e-03 2.761930e-01
      vertex   2.865000e-02 -3.000000e-03 2.757056e-01
      vertex   2.719350e-02 -3.000000e-03 2.761930e-01
    endloop
  endfacet
  facet normal 0.000000e+00 -1.000000e+00 0.000000e+00
    outer loop
      vertex   -2.719350e-02 -3.000000e-03 2.761930e-01
      vertex   2.719350e-02 -3.000000e-03 2.761930e-01
      vertex   -2.572871e-02 -3.000000e-03 2.766548e-01
    endloop
  endfacet
  facet normal 0.000000e+00 -1.000000e+00 0.000000e+00
    outer loop
      vertex   -2.572871e-02 -3.000000e-03 2.766548e-01
      vertex   2.719350e-02 -3.000000e-03 2.761930e-01
      vertex   2.572871e-02 -3.000000e-03 2.766548e-01
    endloop
  endfacet
  facet normal 0.000000e+00 -1.000000e+00 9.942004e-16
    outer loop
      vertex   -2.572871e-02 -3.000000e-03 2.766548e-01
      vertex   2.572871e-02 -3.000000e-03 2.766548e-01
      vertex   -2.425609e-02 -3.000000e-03 2.770910e-01
    endloop
  endfacet
  facet normal 0.000000e+00 -1.000000e+00 9.942004e-16
    outer loop
      vertex   -2.425609e-02 -3.000000e-03 2.770910e-01
      vertex   2.572871e-02 -3.000000e-03 2.766548e-01
      vertex   2.425609e-02 -3.000000e-03 2.770910e-01
    endloop
  endfacet
  facet normal 0.000000e+00 -1.000000e+00 0.000000e+00
    outer loop
      vertex   -2.425609e-02 -3.000000e-03 2.770910e-01
      vertex   2.425609e-02 -3.000000e-03 2.770910e-01
      vertex   -2.277608e-02 -3.000000e-03 2.775015e-01
    endloop
  endfacet
  facet normal 0.000000e+00 -1.000000e+00 0.000000e+00
    outer loop
      vertex   -2.277608e-02 -3.000000e-03 2.775015e-01
      vertex   2.425609e-02 -3.000000e-03 2.770910e-01
      vertex   2.277608e-02 -3.000000e-03 2.775015e-01
    endloop
  endfacet
  facet normal 0.000000e+00 -1.000000e+00 0.000000e+00
    outer loop
      vertex   -2.277608e-02 -3.000000e-03 2.775015e-01
      vertex   2.277608e-02 -3.000000e-03 2.775015e-01
      vertex   -2.128913e-02 -3.000000e-03 2.778860e-01
    endloop
  endfacet
  facet normal 0.000000e+00 -1.000000e+00 0.000000e+00
    outer loop
      vertex   -2.128913e-02 -3.000000e-03 2.778860e-01
      vertex   2.277608e-02 -3.000000e-03 2.775015e-01
      vertex   2.128913e-02 -3.000000e-03 2.778860e-01
    endloop
  endfacet
  facet normal 0.000000e+00 -1.000000e+00 0.000000e+00
    outer loop
      vertex   -2.128913e-02 -3.000000e-03 2.778860e-01
      vertex   2.128913e-02 -3.000000e-03 2.778860e-01
      vertex   -1.979569e-02 -3.000000e-03 2.782446e-01
    endloop
  endfacet
  facet normal 0.000000e+00 -1.000000e+00 0.000000e+00
    outer loop
      vertex   -1.979569e-02 -3.000000e-03 2.782446e-01
      vertex   2.128913e-02 -3.000000e-03 2.778860e-01
      vertex   1.979569e-02 -3.000000e-03 2.782446e-01
    endloop
  endfacet
  facet normal 0.000000e+00 -1.000000e+00 0.000000e+00
    outer loop
      vertex   -1.979569e-02 -3.000000e-03 2.782446e-01
      vertex   1.979569e-02 -3.000000e-03 2.782446e-01
      vertex   -1.829623e-02 -3.000000e-03 2.785770e-01
    endloop
  endfacet
  facet normal 0.000000e+00 -1.000000e+00 0.000000e+00
    outer loop
      vertex   -1.829623e-02 -3.000000e-03 2.785770e-01
      vertex   1.979569e-02 -3.000000e-03 2.782446e-01
      vertex   1.829623e-02 -3.000000e-03 2.785770e-01
    endloop
  endfacet
  facet normal 0.000000e+00 -1.000000e+00 0.000000e+00
    outer loop
      vertex   -1.829623e-02 -3.000000e-03 2.785770e-01
      vertex   1.829623e-02 -3.000000e-03 2.785770e-01
      vertex   -1.679119e-02 -3.000000e-03 2.788832e-01
    endloop
  endfacet
  facet normal 0.000000e+00 -1.000000e+00 0.000000e+00
    outer loop
      vertex   -1.679119e-02 -3.000000e-03 2.788832e-01
      vertex   1.829623e-02 -3.000000e-03 2.785770e-01
      vertex   1.679119e-02 -3.000000e-03 2.788832e-01
    endloop
  endfacet
  facet normal 0.000000e+00 -1.000000e+00 0.000000e+00
    outer loop
      vertex   -1.679119e-02 -3.000000e-03 2.788832e-01
      vertex   1.679119e-02 -3.000000e-03 2.788832e-01
      vertex   -1.528104e-02 -3.000000e-03 2.791631e-01
    endloop
  endfacet
  facet normal 0.000000e+00 -1.000000e+00 0.000000e+00
    outer loop
      vertex   -1.528104e-02 -3.000000e-03 2.791631e-01
      vertex   1.679119e-02 -3.000000e-03 2.788832e-01
      vertex   1.528104e-02 -3.000000e-03 2.791631e-01
    endloop
  endfacet
  facet normal 0.000000e+00 -1.000000e+00 1.710829e-15
    outer loop
      vertex   -1.528104e-02 -3.000000e-03 2.791631e-01
      vertex   1.528104e-02 -3.000000e-03 2.791631e-01
      vertex   -1.376623e-02 -3.000000e-03 2.794166e-01
    endloop
  endfacet
  facet normal 0.000000e+00 -1.000000e+00 1.710829e-15
    outer loop
      vertex   -1.376623e-02 -3.000000e-03 2.794166e-01
      vertex   1.528104e-02 -3.000000e-03 2.791631e-01
      vertex   1.376623e-02 -3.000000e-03 2.794166e-01
    endloop
  endfacet
  facet normal 0.000000e+00 -1.000000e+00 0.000000e+00
    outer loop
      vertex   -1.376623e-02 -3.000000e-03 2.794166e-01
      vertex   1.376623e-02 -3.000000e-03 2.794166e-01
      vertex   -1.224723e-02 -3.000000e-03 2.796436e-01
    endloop
  endfacet
  facet normal 0.000000e+00 -1.000000e+00 0.000000e+00
    outer loop
      vertex   -1.224723e-02 -3.000000e-03 2.796436e-01
      vertex   1.376623e-02 -3.000000e-03 2.794166e-01
      vertex   1.224723e-02 -3.000000e-03 2.796436e-01
    endloop
  endfacet
  facet normal 0.000000e+00 -1.000000e+00 0.000000e+00
    outer loop
      vertex   -1.224723e-02 -3.000000e-03 2.796436e-01
      vertex   1.224723e-02 -3.000000e-03 2.796436e-01
      vertex   -1.072450e-02 -3.000000e-03 2.798441e-01
    endloop
  endfacet
  facet normal 0.000000e+00 -1.000000e+00 0.000000e+00
    outer loop
      vertex   -1.072450e-02 -3.000000e-03 2.798441e-01
      vertex   1.224723e-02 -3.000000e-03 2.796436e-01
      vertex   1.072450e-02 -3.000000e-03 2.798441e-01
    endloop
  endfacet
  facet normal 0.000000e+00 -1.000000e+00 0.000000e+00
    outer loop
      vertex   -1.072450e-02 -3.000000e-03 2.798441e-01
      vertex   1.072450e-02 -3.000000e-03 2.798441e-01
      vertex   -9.198505e-03 -3.000000e-03 2.800179e-01
    endloop
  endfacet
  facet normal 0.000000e+00 -1.000000e+00 0.000000e+00
    outer loop
      vertex   -9.198505e-03 -3.000000e-03 2.800179e-01
      vertex   1.072450e-02 -3.000000e-03 2.798441e-01
      vertex   9.198505e-03 -3.000000e-03 2.800179e-01
    endloop
  endfacet
  facet normal 0.000000e+00 -1.000000e+00 0.000000e+00
    outer loop
      vertex   -9.198505e-03 -3.000000e-03 2.800179e-01
      vertex   9.198505e-03 -3.000000e-03 2.800179e-01
      vertex   -7.669705e-03 -3.000000e-03 2.801651e-01
    endloop
  endfacet
  facet normal 0.000000e+00 -1.000000e+00 0.000000e+00
    outer loop
      vertex   -7.669705e-03 -3.000000e-03 2.801651e-01
      vertex   9.198505e-03 -3.000000e-03 2.800179e-01
      vertex   7.669705e-03 -3.000000e-03 2.801651e-01
    endloop
  endfacet
  facet normal 0.000000e+00 -1.000000e+00 0.000000e+00
    outer loop
      vertex   -7.669705e-03 -3.000000e-03 2.801651e-01
      vertex   7.669705e-03 -3.000000e-03 2.801651e-01
      vertex   -6.138570e-03 -3.000000e-03 2.802856e-01
    endloop
  endfacet
  facet normal 0.000000e+00 -1.000000e+00 0.000000e+00
    outer loop
      vertex   -6.138570e-03 -3.000000e-03 2.802856e-01
      vertex   7.669705e-03 -3.000000e-03 2.801651e-01
      vertex   6.138570e-03 -3.000000e-03 2.802856e-01
    endloop
  endfacet
  facet normal 0.000000e+00 -1.000000e+00 0.000000e+00
    outer loop
      vertex   -6.138570e-03 -3.000000e-03 2.802856e-01
      vertex   6.138570e-03 -3.000000e-03 2.802856e-01
      vertex   -4.605564e-03 -3.000000e-03 2.803794e-01
    endloop
  endfacet
  facet normal 0.000000e+00 -1.000000e+00 0.000000e+00
    outer loop
      vertex   -4.605564e-03 -3.000000e-03 2.803794e-01
      vertex   6.138570e-03 -3.000000e-03 2.802856e-01
      vertex   4.605564e-03 -3.000000e-03 2.803794e-01
    endloop
  endfacet
  facet normal 0.000000e+00 -1.000000e+00 0.000000e+00
    outer loop
      vertex   -4.605564e-03 -3.000000e-03 2.803794e-01
      vertex   4.605564e-03 -3.000000e-03 2.803794e-01
      vertex   -3.071156e-03 -3.000000e-03 2.804464e-01
    endloop
  endfacet
  facet normal 0.000000e+00 -1.000000e+00 0.000000e+00
    outer loop
      vertex   -3.071156e-03 -3.000000e-03 2.804464e-01
      vertex   4.605564e-03 -3.000000e-03 2.803794e-01
      vertex   3.071156e-03 -3.000000e-03 2.804464e-01
    endloop
  endfacet
  facet normal 0.000000e+00 -1.000000e+00 0.000000e+00
    outer loop
      vertex   -3.071156e-03 -3.000000e-03 2.804464e-01
      vertex   3.071156e-03 -3.000000e-03 2.804464e-01
      vertex   -1.535812e-03 -3.000000e-03 2.804866e-01
    endloop
  endfacet
  facet normal 0.000000e+00 -1.000000e+00 0.000000e+00
    outer loop
      vertex   -1.535812e-03 -3.000000e-03 2.804866e-01
      vertex   3.071156e-03 -3.000000e-03 2.804464e-01
      vertex   1.535812e-03 -3.000000e-03 2.804866e-01
    endloop
  endfacet
  facet normal 0.000000e+00 -1.000000e+00 0.000000e+00
    outer loop
      vertex   -1.535812e-03 -3.000000e-03 2.804866e-01
      vertex   1.535812e-03 -3.000000e-03 2.804866e-01
      vertex   5.388446e-18 -3.000000e-03 2.805000e-01
    endloop
  endfacet
  facet normal 9.999619e-01 0.000000e+00 -8.726535e-03
    outer loop
      vertex   8.798660e-02 -3.000000e-03 1.909642e-01
      vertex   8.798660e-02 2.776667e-02 1.909642e-01
      vertex   8.800000e-02 -3.000000e-03 1.925000e-01
    endloop
  endfacet
  facet normal 9.999619e-01 0.000000e+00 -8.726535e-03
    outer loop
      vertex   8.800000e-02 -3.000000e-03 1.925000e-01
      vertex   8.798660e-02 2.776667e-02 1.909642e-01
      vertex   8.800000e-02 2.776667e-02 1.925000e-01
    endloop
  endfacet
  facet normal 9.999619e-01 -0.000000e+00 8.726535e-03
    outer loop
      vertex   8.800000e-02 -3.000000e-03 1.925000e-01
      vertex   8.800000e-02 2.776667e-02 1.925000e-01
      vertex   8.798660e-02 -3.000000e-03 1.940358e-01
    endloop
  endfacet
  facet normal 9.999619e-01 -0.000000e+00 8.726535e-03
    outer loop
      vertex   8.798660e-02 -3.000000e-03 1.940358e-01
      vertex   8.800000e-02 2.776667e-02 1.925000e-01
      vertex   8.798660e-02 2.776667e-02 1.940358e-01
    endloop
  endfacet
  facet normal 9.996573e-01 -0.000000e+00 2.617695e-02
    outer loop
      vertex   8.798660e-02 -3.000000e-03 1.940358e-01
      vertex   8.798660e-02 2.776667e-02 1.940358e-01
      vertex   8.794639e-02 -3.000000e-03 1.955712e-01
    endloop
  endfacet
  facet normal 9.996573e-01 -0.000000e+00 2.617695e-02
    outer loop
      vertex   8.794639e-02 -3.000000e-03 1.955712e-01
      vertex   8.798660e-02 2.776667e-02 1.940358e-01
      vertex   8.794639e-02 2.776667e-02 1.955712e-01
    endloop
  endfacet
  facet normal 9.990482e-01 -0.000000e+00 4.361939e-02
    outer loop
      vertex   8.794639e-02 -3.000000e-03 1.955712e-01
      vertex   8.794639e-02 2.776667e-02 1.955712e-01
      vertex   8.787940e-02 -3.000000e-03 1.971056e-01
    endloop
  endfacet
  facet normal 9.990482e-01 -3.935042e-17 4.361939e-02
    outer loop
      vertex   8.787940e-02 -3.000000e-03 1.971056e-01
      vertex   8.794639e-02 2.776667e-02 1.955712e-01
      vertex   8.787940e-02 2.776667e-02 1.971056e-01
    endloop
  endfacet
  facet normal 9.981348e-01 -5.507380e-17 6.104854e-02
    outer loop
      vertex   8.787940e-02 -3.000000e-03 1.971056e-01
      vertex   8.787940e-02 2.776667e-02 1.971056e-01
      vertex   8.778564e-02 -3.000000e-03 1.986386e-01
    endloop
  endfacet
  facet normal 9.981348e-01 -0.000000e+00 6.104854e-02
    outer loop
      vertex   8.778564e-02 -3.000000e-03 1.986386e-01
      vertex   8.787940e-02 2.776667e-02 1.971056e-01
      vertex   8.778564e-02 2.776667e-02 1.986386e-01
    endloop
  endfacet
  facet normal 9.969173e-01 -0.000000e+00 7.845910e-02
    outer loop
      vertex   8.778564e-02 -3.000000e-03 1.986386e-01
      vertex   8.778564e-02 2.776667e-02 1.986386e-01
      vertex   8.766513e-02 -3.000000e-03 2.001697e-01
    endloop
  endfacet
  facet normal 9.969173e-01 -0.000000e+00 7.845910e-02
    outer loop
      vertex   8.766513e-02 -3.000000e-03 2.001697e-01
      vertex   8.778564e-02 2.776667e-02 1.986386e-01
      vertex   8.766513e-02 2.776667e-02 2.001697e-01
    endloop
  endfacet
  facet normal 9.953962e-01 -0.000000e+00 9.584575e-02
    outer loop
      vertex   8.766513e-02 -3.000000e-03 2.001697e-01
      vertex   8.766513e-02 2.776667e-02 2.001697e-01
      vertex   8.751793e-02 -3.000000e-03 2.016985e-01
    endloop
  endfacet
  facet normal 9.953962e-01 -0.000000e+00 9.584575e-02
    outer loop
      vertex   8.751793e-02 -3.000000e-03 2.016985e-01
      vertex   8.766513e-02 2.776667e-02 2.001697e-01
      vertex   8.751793e-02 2.776667e-02 2.016985e-01
    endloop
  endfacet
  facet normal 9.935719e-01 -0.000000e+00 1.132032e-01
    outer loop
      vertex   8.751793e-02 -3.000000e-03 2.016985e-01
      vertex   8.751793e-02 2.776667e-02 2.016985e-01
      vertex   8.734406e-02 -3.000000e-03 2.032245e-01
    endloop
  endfacet
  facet normal 9.935719e-01 -0.000000e+00 1.132032e-01
    outer loop
      vertex   8.734406e-02 -3.000000e-03 2.032245e-01
      vertex   8.751793e-02 2.776667e-02 2.016985e-01
      vertex   8.734406e-02 2.776667e-02 2.032245e-01
    endloop
  endfacet
  facet normal 9.914449e-01 -0.000000e+00 1.305262e-01
    outer loop
      vertex   8.734406e-02 -3.000000e-03 2.032245e-01
      vertex   8.734406e-02 2.776667e-02 2.032245e-01
      vertex   8.714359e-02 -3.000000e-03 2.047472e-01
    endloop
  endfacet
  facet normal 9.914449e-01 -1.177518e-16 1.305262e-01
    outer loop
      vertex   8.714359e-02 -3.000000e-03 2.047472e-01
      vertex   8.734406e-02 2.776667e-02 2.032245e-01
      vertex   8.714359e-02 2.776667e-02 2.047472e-01
    endloop
  endfacet
  facet normal 9.890159e-01 -1.333435e-16 1.478094e-01
    outer loop
      vertex   8.714359e-02 -3.000000e-03 2.047472e-01
      vertex   8.714359e-02 2.776667e-02 2.047472e-01
      vertex   8.691657e-02 -3.000000e-03 2.062662e-01
    endloop
  endfacet
  facet normal 9.890159e-01 -0.000000e+00 1.478094e-01
    outer loop
      vertex   8.691657e-02 -3.000000e-03 2.062662e-01
      vertex   8.714359e-02 2.776667e-02 2.047472e-01
      vertex   8.691657e-02 2.776667e-02 2.062662e-01
    endloop
  endfacet
  facet normal 9.862856e-01 -0.000000e+00 1.650476e-01
    outer loop
      vertex   8.691657e-02 -3.000000e-03 2.062662e-01
      vertex   8.691657e-02 2.776667e-02 2.062662e-01
      vertex   8.666308e-02 -3.000000e-03 2.077810e-01
    endloop
  endfacet
  facet normal 9.862856e-01 -0.000000e+00 1.650476e-01
    outer loop
      vertex   8.666308e-02 -3.000000e-03 2.077810e-01
      vertex   8.691657e-02 2.776667e-02 2.062662e-01
      vertex   8.666308e-02 2.776667e-02 2.077810e-01
    endloop
  endfacet
  facet normal 9.832549e-01 -0.000000e+00 1.822355e-01
    outer loop
      vertex   8.666308e-02 -3.000000e-03 2.077810e-01
      vertex   8.666308e-02 2.776667e-02 2.077810e-01
      vertex   8.638319e-02 -3.000000e-03 2.092912e-01
    endloop
  endfacet
  facet normal 9.832549e-01 -0.000000e+00 1.822355e-01
    outer loop
      vertex   8.638319e-02 -3.000000e-03 2.092912e-01
      vertex   8.666308e-02 2.776667e-02 2.077810e-01
      vertex   8.638319e-02 2.776667e-02 2.092912e-01
    endloop
  endfacet
  facet normal 9.799247e-01 -0.000000e+00 1.993679e-01
    outer loop
      vertex   8.638319e-02 -3.000000e-03 2.092912e-01
      vertex   8.638319e-02 2.776667e-02 2.092912e-01
      vertex   8.607699e-02 -3.000000e-03 2.107962e-01
    endloop
  endfacet
  facet normal 9.799247e-01 4.420104e-16 1.993679e-01
    outer loop
      vertex   8.607699e-02 -3.000000e-03 2.107962e-01
      vertex   8.638319e-02 2.776667e-02 2.092912e-01
      vertex   8.607699e-02 2.776667e-02 2.107962e-01
    endloop
  endfacet
  facet normal 9.762960e-01 4.403736e-16 2.164396e-01
    outer loop
      vertex   8.607699e-02 -3.000000e-03 2.107962e-01
      vertex   8.607699e-02 2.776667e-02 2.107962e-01
      vertex   8.574457e-02 -3.000000e-03 2.122957e-01
    endloop
  endfacet
  facet normal 9.762960e-01 -0.000000e+00 2.164396e-01
    outer loop
      vertex   8.574457e-02 -3.000000e-03 2.122957e-01
      vertex   8.607699e-02 2.776667e-02 2.107962e-01
      vertex   8.574457e-02 2.776667e-02 2.122957e-01
    endloop
  endfacet
  facet normal 9.723699e-01 -0.000000e+00 2.334454e-01
    outer loop
      vertex   8.574457e-02 -3.000000e-03 2.122957e-01
      vertex   8.574457e-02 2.776667e-02 2.122957e-01
      vertex   8.538602e-02 -3.000000e-03 2.137891e-01
    endloop
  endfacet
  facet normal 9.723699e-01 -0.000000e+00 2.334454e-01
    outer loop
      vertex   8.538602e-02 -3.000000e-03 2.137891e-01
      vertex   8.574457e-02 2.776667e-02 2.122957e-01
      vertex   8.538602e-02 2.776667e-02 2.137891e-01
    endloop
  endfacet
  facet normal 9.681476e-01 -0.000000e+00 2.503800e-01
    outer loop
      vertex   8.538602e-02 -3.000000e-03 2.137891e-01
      vertex   8.538602e-02 2.776667e-02 2.137891e-01
      vertex   8.500147e-02 -3.000000e-03 2.152761e-01
    endloop
  endfacet
  facet normal 9.681476e-01 -0.000000e+00 2.503800e-01
    outer loop
      vertex   8.500147e-02 -3.000000e-03 2.152761e-01
      vertex   8.538602e-02 2.776667e-02 2.137891e-01
      vertex   8.500147e-02 2.776667e-02 2.152761e-01
    endloop
  endfacet
  facet normal 9.636305e-01 -0.000000e+00 2.672384e-01
    outer loop
      vertex   8.500147e-02 -3.000000e-03 2.152761e-01
      vertex   8.500147e-02 2.776667e-02 2.152761e-01
      vertex   8.459103e-02 -3.000000e-03 2.167561e-01
    endloop
  endfacet
  facet normal 9.636305e-01 -0.000000e+00 2.672384e-01
    outer loop
      vertex   8.459103e-02 -3.000000e-03 2.167561e-01
      vertex   8.500147e-02 2.776667e-02 2.152761e-01
      vertex   8.459103e-02 2.776667e-02 2.167561e-01
    endloop
  endfacet
  facet normal 9.588197e-01 -0.000000e+00 2.840153e-01
    outer loop
      vertex   8.459103e-02 -3.000000e-03 2.167561e-01
      vertex   8.459103e-02 2.776667e-02 2.167561e-01
      vertex   8.415482e-02 -3.000000e-03 2.182287e-01
    endloop
  endfacet
  facet normal 9.588197e-01 -0.000000e+00 2.840153e-01
    outer loop
      vertex   8.415482e-02 -3.000000e-03 2.182287e-01
      vertex   8.459103e-02 2.776667e-02 2.167561e-01
      vertex   8.415482e-02 2.776667e-02 2.182287e-01
    endloop
  endfacet
  facet normal 9.537170e-01 -0.000000e+00 3.007058e-01
    outer loop
      vertex   8.415482e-02 -3.000000e-03 2.182287e-01
      vertex   8.415482e-02 2.776667e-02 2.182287e-01
      vertex   8.369297e-02 -3.000000e-03 2.196935e-01
    endloop
  endfacet
  facet normal 9.537170e-01 -0.000000e+00 3.007058e-01
    outer loop
      vertex   8.369297e-02 -3.000000e-03 2.196935e-01
      vertex   8.415482e-02 2.776667e-02 2.182287e-01
      vertex   8.369297e-02 2.776667e-02 2.196935e-01
    endloop
  endfacet
  facet normal 9.483237e-01 -0.000000e+00 3.173047e-01
    outer loop
      vertex   8.369297e-02 -3.000000e-03 2.196935e-01
      vertex   8.369297e-02 2.776667e-02 2.196935e-01
      vertex   8.320563e-02 -3.000000e-03 2.211500e-01
    endloop
  endfacet
  facet normal 9.483237e-01 -0.000000e+00 3.173047e-01
    outer loop
      vertex   8.320563e-02 -3.000000e-03 2.211500e-01
      vertex   8.369297e-02 2.776667e-02 2.196935e-01
      vertex   8.320563e-02 2.776667e-02 2.211500e-01
    endloop
  endfacet
  facet normal 9.426415e-01 -0.000000e+00 3.338069e-01
    outer loop
      vertex   8.320563e-02 -3.000000e-03 2.211500e-01
      vertex   8.320563e-02 2.776667e-02 2.211500e-01
      vertex   8.269295e-02 -3.000000e-03 2.225978e-01
    endloop
  endfacet
  facet normal 9.426415e-01 3.011376e-16 3.338069e-01
    outer loop
      vertex   8.269295e-02 -3.000000e-03 2.225978e-01
      vertex   8.320563e-02 2.776667e-02 2.211500e-01
      vertex   8.269295e-02 2.776667e-02 2.225978e-01
    endloop
  endfacet
  facet normal 9.366722e-01 3.159331e-16 3.502074e-01
    outer loop
      vertex   8.269295e-02 -3.000000e-03 2.225978e-01
      vertex   8.269295e-02 2.776667e-02 2.225978e-01
      vertex   8.215508e-02 -3.000000e-03 2.240364e-01
    endloop
  endfacet
  facet normal 9.366722e-01 -0.000000e+00 3.502074e-01
    outer loop
      vertex   8.215508e-02 -3.000000e-03 2.240364e-01
      vertex   8.269295e-02 2.776667e-02 2.225978e-01
      vertex   8.215508e-02 2.776667e-02 2.240364e-01
    endloop
  endfacet
  facet normal 9.304176e-01 -0.000000e+00 3.665012e-01
    outer loop
      vertex   8.215508e-02 -3.000000e-03 2.240364e-01
      vertex   8.215508e-02 2.776667e-02 2.240364e-01
      vertex   8.159218e-02 -3.000000e-03 2.254654e-01
    endloop
  endfacet
  facet normal 9.304176e-01 -0.000000e+00 3.665012e-01
    outer loop
      vertex   8.159218e-02 -3.000000e-03 2.254654e-01
      vertex   8.215508e-02 2.776667e-02 2.240364e-01
      vertex   8.159218e-02 2.776667e-02 2.254654e-01
    endloop
  endfacet
  facet normal 9.238795e-01 -0.000000e+00 3.826834e-01
    outer loop
      vertex   8.159218e-02 -3.000000e-03 2.254654e-01
      vertex   8.159218e-02 2.776667e-02 2.254654e-01
      vertex   8.100443e-02 -3.000000e-03 2.268843e-01
    endloop
  endfacet
  facet normal 9.238795e-01 -0.000000e+00 3.826834e-01
    outer loop
      vertex   8.100443e-02 -3.000000e-03 2.268843e-01
      vertex   8.159218e-02 2.776667e-02 2.254654e-01
      vertex   8.100443e-02 2.776667e-02 2.268843e-01
    endloop
  endfacet
  facet normal 9.170601e-01 -0.000000e+00 3.987491e-01
    outer loop
      vertex   8.100443e-02 -3.000000e-03 2.268843e-01
      vertex   8.100443e-02 2.776667e-02 2.268843e-01
      vertex   8.039200e-02 -3.000000e-03 2.282928e-01
    endloop
  endfacet
  facet normal 9.170601e-01 -4.136543e-16 3.987491e-01
    outer loop
      vertex   8.039200e-02 -3.000000e-03 2.282928e-01
      vertex   8.100443e-02 2.776667e-02 2.268843e-01
      vertex   8.039200e-02 2.776667e-02 2.282928e-01
    endloop
  endfacet
  facet normal 9.099613e-01 -4.104523e-16 4.146932e-01
    outer loop
      vertex   8.039200e-02 -3.000000e-03 2.282928e-01
      vertex   8.039200e-02 2.776667e-02 2.282928e-01
      vertex   7.975509e-02 -3.000000e-03 2.296904e-01
    endloop
  endfacet
  facet normal 9.099613e-01 -4.104523e-16 4.146932e-01
    outer loop
      vertex   7.975509e-02 -3.000000e-03 2.296904e-01
      vertex   8.039200e-02 2.776667e-02 2.282928e-01
      vertex   7.975509e-02 2.776667e-02 2.296904e-01
    endloop
  endfacet
  facet normal 9.025853e-01 -4.071253e-16 4.305111e-01
    outer loop
      vertex   7.975509e-02 -3.000000e-03 2.296904e-01
      vertex   7.975509e-02 2.776667e-02 2.296904e-01
      vertex   7.909388e-02 -3.000000e-03 2.310767e-01
    endloop
  endfacet
  facet normal 9.025853e-01 4.071253e-16 4.305111e-01
    outer loop
      vertex   7.909388e-02 -3.000000e-03 2.310767e-01
      vertex   7.975509e-02 2.776667e-02 2.296904e-01
      vertex   7.909388e-02 2.776667e-02 2.310767e-01
    endloop
  endfacet
  facet normal 8.949344e-01 4.036742e-16 4.461978e-01
    outer loop
      vertex   7.909388e-02 -3.000000e-03 2.310767e-01
      vertex   7.909388e-02 2.776667e-02 2.310767e-01
      vertex   7.840857e-02 -3.000000e-03 2.324512e-01
    endloop
  endfacet
  facet normal 8.949344e-01 -0.000000e+00 4.461978e-01
    outer loop
      vertex   7.840857e-02 -3.000000e-03 2.324512e-01
      vertex   7.909388e-02 2.776667e-02 2.310767e-01
      vertex   7.840857e-02 2.776667e-02 2.324512e-01
    endloop
  endfacet
  facet normal 8.870108e-01 -0.000000e+00 4.617486e-01
    outer loop
      vertex   7.840857e-02 -3.000000e-03 2.324512e-01
      vertex   7.840857e-02 2.776667e-02 2.324512e-01
      vertex   7.769939e-02 -3.000000e-03 2.338135e-01
    endloop
  endfacet
  facet normal 8.870108e-01 8.002003e-16 4.617486e-01
    outer loop
      vertex   7.769939e-02 -3.000000e-03 2.338135e-01
      vertex   7.840857e-02 2.776667e-02 2.324512e-01
      vertex   7.769939e-02 2.776667e-02 2.338135e-01
    endloop
  endfacet
  facet normal 8.788171e-01 7.928085e-16 4.771588e-01
    outer loop
      vertex   7.769939e-02 -3.000000e-03 2.338135e-01
      vertex   7.769939e-02 2.776667e-02 2.338135e-01
      vertex   7.696653e-02 -3.000000e-03 2.351633e-01
    endloop
  endfacet
  facet normal 8.788171e-01 -3.964042e-16 4.771588e-01
    outer loop
      vertex   7.696653e-02 -3.000000e-03 2.351633e-01
      vertex   7.769939e-02 2.776667e-02 2.338135e-01
      vertex   7.696653e-02 2.776667e-02 2.351633e-01
    endloop
  endfacet
  facet normal 8.703557e-01 -3.925876e-16 4.924236e-01
    outer loop
      vertex   7.696653e-02 -3.000000e-03 2.351633e-01
      vertex   7.696653e-02 2.776667e-02 2.351633e-01
      vertex   7.621024e-02 -3.000000e-03 2.365000e-01
    endloop
  endfacet
  facet normal 8.703557e-01 3.925876e-16 4.924236e-01
    outer loop
      vertex   7.621024e-02 -3.000000e-03 2.365000e-01
      vertex   7.696653e-02 2.776667e-02 2.351633e-01
      vertex   7.621024e-02 2.776667e-02 2.365000e-01
    endloop
  endfacet
  facet normal 8.616292e-01 3.886514e-16 5.075384e-01
    outer loop
      vertex   7.621024e-02 -3.000000e-03 2.365000e-01
      vertex   7.621024e-02 2.776667e-02 2.365000e-01
      vertex   7.543072e-02 -3.000000e-03 2.378234e-01
    endloop
  endfacet
  facet normal 8.616292e-01 3.886514e-16 5.075384e-01
    outer loop
      vertex   7.543072e-02 -3.000000e-03 2.378234e-01
      vertex   7.621024e-02 2.776667e-02 2.365000e-01
      vertex   7.543072e-02 2.776667e-02 2.378234e-01
    endloop
  endfacet
  facet normal 8.526402e-01 3.845967e-16 5.224986e-01
    outer loop
      vertex   7.543072e-02 -3.000000e-03 2.378234e-01
      vertex   7.543072e-02 2.776667e-02 2.378234e-01
      vertex   7.462823e-02 -3.000000e-03 2.391329e-01
    endloop
  endfacet
  facet normal 8.526402e-01 -0.000000e+00 5.224986e-01
    outer loop
      vertex   7.462823e-02 -3.000000e-03 2.391329e-01
      vertex   7.543072e-02 2.776667e-02 2.378234e-01
      vertex   7.462823e-02 2.776667e-02 2.391329e-01
    endloop
  endfacet
  facet normal 8.433914e-01 -0.000000e+00 5.372996e-01
    outer loop
      vertex   7.462823e-02 -3.000000e-03 2.391329e-01
      vertex   7.462823e-02 2.776667e-02 2.391329e-01
      vertex   7.380301e-02 -3.000000e-03 2.404282e-01
    endloop
  endfacet
  facet normal 8.433914e-01 -0.000000e+00 5.372996e-01
    outer loop
      vertex   7.380301e-02 -3.000000e-03 2.404282e-01
      vertex   7.462823e-02 2.776667e-02 2.391329e-01
      vertex   7.380301e-02 2.776667e-02 2.404282e-01
    endloop
  endfacet
  facet normal 8.338858e-01 -0.000000e+00 5.519370e-01
    outer loop
      vertex   7.380301e-02 -3.000000e-03 2.404282e-01
      vertex   7.380301e-02 2.776667e-02 2.404282e-01
      vertex   7.295531e-02 -3.000000e-03 2.417090e-01
    endloop
  endfacet
  facet normal 8.338858e-01 6.197021e-16 5.519370e-01
    outer loop
      vertex   7.295531e-02 -3.000000e-03 2.417090e-01
      vertex   7.380301e-02 2.776667e-02 2.404282e-01
      vertex   7.295531e-02 2.776667e-02 2.417090e-01
    endloop
  endfacet
  facet normal 8.241262e-01 6.502106e-16 5.664062e-01
    outer loop
      vertex   7.295531e-02 -3.000000e-03 2.417090e-01
      vertex   7.295531e-02 2.776667e-02 2.417090e-01
      vertex   7.208538e-02 -3.000000e-03 2.429747e-01
    endloop
  endfacet
  facet normal 8.241262e-01 -5.109728e-16 5.664062e-01
    outer loop
      vertex   7.208538e-02 -3.000000e-03 2.429747e-01
      vertex   7.295531e-02 2.776667e-02 2.417090e-01
      vertex   7.208538e-02 2.776667e-02 2.429747e-01
    endloop
  endfacet
  facet normal 8.141155e-01 -5.238704e-16 5.807030e-01
    outer loop
      vertex   7.208538e-02 -3.000000e-03 2.429747e-01
      vertex   7.208538e-02 2.776667e-02 2.429747e-01
      vertex   7.119350e-02 -3.000000e-03 2.442251e-01
    endloop
  endfacet
  facet normal 8.141155e-01 -0.000000e+00 5.807030e-01
    outer loop
      vertex   7.119350e-02 -3.000000e-03 2.442251e-01
      vertex   7.208538e-02 2.776667e-02 2.429747e-01
      vertex   7.119350e-02 2.776667e-02 2.442251e-01
    endloop
  endfacet
  facet normal 8.038569e-01 -0.000000e+00 5.948228e-01
    outer loop
      vertex   7.119350e-02 -3.000000e-03 2.442251e-01
      vertex   7.119350e-02 2.776667e-02 2.442251e-01
      vertex   7.027992e-02 -3.000000e-03 2.454597e-01
    endloop
  endfacet
  facet normal 8.038569e-01 -0.000000e+00 5.948228e-01
    outer loop
      vertex   7.027992e-02 -3.000000e-03 2.454597e-01
      vertex   7.119350e-02 2.776667e-02 2.442251e-01
      vertex   7.027992e-02 2.776667e-02 2.454597e-01
    endloop
  endfacet
  facet normal 7.933533e-01 -0.000000e+00 6.087614e-01
    outer loop
      vertex   7.027992e-02 -3.000000e-03 2.454597e-01
      vertex   7.027992e-02 2.776667e-02 2.454597e-01
      vertex   6.934495e-02 -3.000000e-03 2.466782e-01
    endloop
  endfacet
  facet normal 7.933533e-01 -3.578545e-16 6.087614e-01
    outer loop
      vertex   6.934495e-02 -3.000000e-03 2.466782e-01
      vertex   7.027992e-02 2.776667e-02 2.454597e-01
      vertex   6.934495e-02 2.776667e-02 2.466782e-01
    endloop
  endfacet
  facet normal 7.826082e-01 -3.530077e-16 6.225146e-01
    outer loop
      vertex   6.934495e-02 -3.000000e-03 2.466782e-01
      vertex   6.934495e-02 2.776667e-02 2.466782e-01
      vertex   6.838884e-02 -3.000000e-03 2.478802e-01
    endloop
  endfacet
  facet normal 7.826082e-01 -0.000000e+00 6.225146e-01
    outer loop
      vertex   6.838884e-02 -3.000000e-03 2.478802e-01
      vertex   6.934495e-02 2.776667e-02 2.466782e-01
      vertex   6.838884e-02 2.776667e-02 2.478802e-01
    endloop
  endfacet
  facet normal 7.716246e-01 -0.000000e+00 6.360782e-01
    outer loop
      vertex   6.838884e-02 -3.000000e-03 2.478802e-01
      vertex   6.838884e-02 2.776667e-02 2.478802e-01
      vertex   6.741191e-02 -3.000000e-03 2.490653e-01
    endloop
  endfacet
  facet normal 7.716246e-01 3.480534e-16 6.360782e-01
    outer loop
      vertex   6.741191e-02 -3.000000e-03 2.490653e-01
      vertex   6.838884e-02 2.776667e-02 2.478802e-01
      vertex   6.741191e-02 2.776667e-02 2.490653e-01
    endloop
  endfacet
  facet normal 7.604060e-01 3.429930e-16 6.494480e-01
    outer loop
      vertex   6.741191e-02 -3.000000e-03 2.490653e-01
      vertex   6.741191e-02 2.776667e-02 2.490653e-01
      vertex   6.641444e-02 -3.000000e-03 2.502332e-01
    endloop
  endfacet
  facet normal 7.604060e-01 -0.000000e+00 6.494480e-01
    outer loop
      vertex   6.641444e-02 -3.000000e-03 2.502332e-01
      vertex   6.741191e-02 2.776667e-02 2.490653e-01
      vertex   6.641444e-02 2.776667e-02 2.502332e-01
    endloop
  endfacet
  facet normal 7.489557e-01 -0.000000e+00 6.626200e-01
    outer loop
      vertex   6.641444e-02 -3.000000e-03 2.502332e-01
      vertex   6.641444e-02 2.776667e-02 2.502332e-01
      vertex   6.539674e-02 -3.000000e-03 2.513835e-01
    endloop
  endfacet
  facet normal 7.489557e-01 -0.000000e+00 6.626200e-01
    outer loop
      vertex   6.539674e-02 -3.000000e-03 2.513835e-01
      vertex   6.641444e-02 2.776667e-02 2.502332e-01
      vertex   6.539674e-02 2.776667e-02 2.513835e-01
    endloop
  endfacet
  facet normal 7.372773e-01 -0.000000e+00 6.755902e-01
    outer loop
      vertex   6.539674e-02 -3.000000e-03 2.513835e-01
      vertex   6.539674e-02 2.776667e-02 2.513835e-01
      vertex   6.435913e-02 -3.000000e-03 2.525159e-01
    endloop
  endfacet
  facet normal 7.372773e-01 -0.000000e+00 6.755902e-01
    outer loop
      vertex   6.435913e-02 -3.000000e-03 2.525159e-01
      vertex   6.539674e-02 2.776667e-02 2.513835e-01
      vertex   6.435913e-02 2.776667e-02 2.525159e-01
    endloop
  endfacet
  facet normal 7.253744e-01 -0.000000e+00 6.883546e-01
    outer loop
      vertex   6.435913e-02 -3.000000e-03 2.525159e-01
      vertex   6.435913e-02 2.776667e-02 2.525159e-01
      vertex   6.330190e-02 -3.000000e-03 2.536299e-01
    endloop
  endfacet
  facet normal 7.253744e-01 6.543830e-16 6.883546e-01
    outer loop
      vertex   6.330190e-02 -3.000000e-03 2.536299e-01
      vertex   6.435913e-02 2.776667e-02 2.525159e-01
      vertex   6.330190e-02 2.776667e-02 2.536299e-01
    endloop
  endfacet
  facet normal 7.132504e-01 6.434456e-16 7.009093e-01
    outer loop
      vertex   6.330190e-02 -3.000000e-03 2.536299e-01
      vertex   6.330190e-02 2.776667e-02 2.536299e-01
      vertex   6.222540e-02 -3.000000e-03 2.547254e-01
    endloop
  endfacet
  facet normal 7.132504e-01 1.608614e-16 7.009093e-01
    outer loop
      vertex   6.222540e-02 -3.000000e-03 2.547254e-01
      vertex   6.330190e-02 2.776667e-02 2.536299e-01
      vertex   6.222540e-02 2.776667e-02 2.547254e-01
    endloop
  endfacet
  facet normal 7.009093e-01 1.580781e-16 7.132504e-01
    outer loop
      vertex   6.222540e-02 -3.000000e-03 2.547254e-01
      vertex   6.222540e-02 2.776667e-02 2.547254e-01
      vertex   6.112994e-02 -3.000000e-03 2.558019e-01
    endloop
  endfacet
  facet normal 7.009093e-01 3.161561e-16 7.132504e-01
    outer loop
      vertex   6.112994e-02 -3.000000e-03 2.558019e-01
      vertex   6.222540e-02 2.776667e-02 2.547254e-01
      vertex   6.112994e-02 2.776667e-02 2.558019e-01
    endloop
  endfacet
  facet normal 6.883546e-01 3.104931e-16 7.253744e-01
    outer loop
      vertex   6.112994e-02 -3.000000e-03 2.558019e-01
      vertex   6.112994e-02 2.776667e-02 2.558019e-01
      vertex   6.001586e-02 -3.000000e-03 2.568591e-01
    endloop
  endfacet
  facet normal 6.883546e-01 -1.552466e-16 7.253744e-01
    outer loop
      vertex   6.001586e-02 -3.000000e-03 2.568591e-01
      vertex   6.112994e-02 2.776667e-02 2.558019e-01
      vertex   6.001586e-02 2.776667e-02 2.568591e-01
    endloop
  endfacet
  facet normal 6.755902e-01 -1.523678e-16 7.372773e-01
    outer loop
      vertex   6.001586e-02 -3.000000e-03 2.568591e-01
      vertex   6.001586e-02 2.776667e-02 2.568591e-01
      vertex   5.888349e-02 -3.000000e-03 2.578968e-01
    endloop
  endfacet
  facet normal 6.755902e-01 -0.000000e+00 7.372773e-01
    outer loop
      vertex   5.888349e-02 -3.000000e-03 2.578968e-01
      vertex   6.001586e-02 2.776667e-02 2.568591e-01
      vertex   5.888349e-02 2.776667e-02 2.578968e-01
    endloop
  endfacet
  facet normal 6.626200e-01 -0.000000e+00 7.489557e-01
    outer loop
      vertex   5.888349e-02 -3.000000e-03 2.578968e-01
      vertex   5.888349e-02 2.776667e-02 2.578968e-01
      vertex   5.773319e-02 -3.000000e-03 2.589145e-01
    endloop
  endfacet
  facet normal 6.626200e-01 -0.000000e+00 7.489557e-01
    outer loop
      vertex   5.773319e-02 -3.000000e-03 2.589145e-01
      vertex   5.888349e-02 2.776667e-02 2.578968e-01
      vertex   5.773319e-02 2.776667e-02 2.589145e-01
    endloop
  endfacet
  facet normal 6.494480e-01 -0.000000e+00 7.604060e-01
    outer loop
      vertex   5.773319e-02 -3.000000e-03 2.589145e-01
      vertex   5.773319e-02 2.776667e-02 2.589145e-01
      vertex   5.656531e-02 -3.000000e-03 2.599119e-01
    endloop
  endfacet
  facet normal 6.494480e-01 -0.000000e+00 7.604060e-01
    outer loop
      vertex   5.656531e-02 -3.000000e-03 2.599119e-01
      vertex   5.773319e-02 2.776667e-02 2.589145e-01
      vertex   5.656531e-02 2.776667e-02 2.599119e-01
    endloop
  endfacet
  facet normal 6.360782e-01 -0.000000e+00 7.716246e-01
    outer loop
      vertex   5.656531e-02 -3.000000e-03 2.599119e-01
      vertex   5.656531e-02 2.776667e-02 2.599119e-01
      vertex   5.538019e-02 -3.000000e-03 2.608889e-01
    endloop
  endfacet
  facet normal 6.360782e-01 -1.434565e-16 7.716246e-01
    outer loop
      vertex   5.538019e-02 -3.000000e-03 2.608889e-01
      vertex   5.656531e-02 2.776667e-02 2.599119e-01
      vertex   5.538019e-02 2.776667e-02 2.608889e-01
    endloop
  endfacet
  facet normal 6.225146e-01 -1.403975e-16 7.826082e-01
    outer loop
      vertex   5.538019e-02 -3.000000e-03 2.608889e-01
      vertex   5.538019e-02 2.776667e-02 2.608889e-01
      vertex   5.417821e-02 -3.000000e-03 2.618450e-01
    endloop
  endfacet
  facet normal 6.225146e-01 -1.403975e-16 7.826082e-01
    outer loop
      vertex   5.417821e-02 -3.000000e-03 2.618450e-01
      vertex   5.538019e-02 2.776667e-02 2.608889e-01
      vertex   5.417821e-02 2.776667e-02 2.618450e-01
    endloop
  endfacet
  facet normal 6.087614e-01 -1.372957e-16 7.933533e-01
    outer loop
      vertex   5.417821e-02 -3.000000e-03 2.618450e-01
      vertex   5.417821e-02 2.776667e-02 2.618450e-01
      vertex   5.295972e-02 -3.000000e-03 2.627799e-01
    endloop
  endfacet
  facet normal 6.087614e-01 4.118871e-16 7.933533e-01
    outer loop
      vertex   5.295972e-02 -3.000000e-03 2.627799e-01
      vertex   5.417821e-02 2.776667e-02 2.618450e-01
      vertex   5.295972e-02 2.776667e-02 2.627799e-01
    endloop
  endfacet
  facet normal 5.948228e-01 4.024562e-16 8.038569e-01
    outer loop
      vertex   5.295972e-02 -3.000000e-03 2.627799e-01
      vertex   5.295972e-02 2.776667e-02 2.627799e-01
      vertex   5.172510e-02 -3.000000e-03 2.636935e-01
    endloop
  endfacet
  facet normal 5.948228e-01 1.341521e-16 8.038569e-01
    outer loop
      vertex   5.172510e-02 -3.000000e-03 2.636935e-01
      vertex   5.295972e-02 2.776667e-02 2.627799e-01
      vertex   5.172510e-02 2.776667e-02 2.636935e-01
    endloop
  endfacet
  facet normal 5.807030e-01 1.309676e-16 8.141155e-01
    outer loop
      vertex   5.172510e-02 -3.000000e-03 2.636935e-01
      vertex   5.172510e-02 2.776667e-02 2.636935e-01
      vertex   5.047473e-02 -3.000000e-03 2.645854e-01
    endloop
  endfacet
  facet normal 5.807030e-01 -0.000000e+00 8.141155e-01
    outer loop
      vertex   5.047473e-02 -3.000000e-03 2.645854e-01
      vertex   5.172510e-02 2.776667e-02 2.636935e-01
      vertex   5.047473e-02 2.776667e-02 2.645854e-01
    endloop
  endfacet
  facet normal 5.664062e-01 -0.000000e+00 8.241262e-01
    outer loop
      vertex   5.047473e-02 -3.000000e-03 2.645854e-01
      vertex   5.047473e-02 2.776667e-02 2.645854e-01
      vertex   4.920898e-02 -3.000000e-03 2.654553e-01
    endloop
  endfacet
  facet normal 5.664062e-01 -0.000000e+00 8.241262e-01
    outer loop
      vertex   4.920898e-02 -3.000000e-03 2.654553e-01
      vertex   5.047473e-02 2.776667e-02 2.645854e-01
      vertex   4.920898e-02 2.776667e-02 2.654553e-01
    endloop
  endfacet
  facet normal 5.519370e-01 -0.000000e+00 8.338858e-01
    outer loop
      vertex   4.920898e-02 -3.000000e-03 2.654553e-01
      vertex   4.920898e-02 2.776667e-02 2.654553e-01
      vertex   4.792824e-02 -3.000000e-03 2.663030e-01
    endloop
  endfacet
  facet normal 5.519370e-01 1.244799e-16 8.338858e-01
    outer loop
      vertex   4.792824e-02 -3.000000e-03 2.663030e-01
      vertex   4.920898e-02 2.776667e-02 2.654553e-01
      vertex   4.792824e-02 2.776667e-02 2.663030e-01
    endloop
  endfacet
  facet normal 5.372996e-01 1.211787e-16 8.433914e-01
    outer loop
      vertex   4.792824e-02 -3.000000e-03 2.663030e-01
      vertex   4.792824e-02 2.776667e-02 2.663030e-01
      vertex   4.663290e-02 -3.000000e-03 2.671282e-01
    endloop
  endfacet
  facet normal 5.372996e-01 3.635361e-16 8.433914e-01
    outer loop
      vertex   4.663290e-02 -3.000000e-03 2.671282e-01
      vertex   4.792824e-02 2.776667e-02 2.663030e-01
      vertex   4.663290e-02 2.776667e-02 2.671282e-01
    endloop
  endfacet
  facet normal 5.224986e-01 3.535218e-16 8.526402e-01
    outer loop
      vertex   4.663290e-02 -3.000000e-03 2.671282e-01
      vertex   4.663290e-02 2.776667e-02 2.671282e-01
      vertex   4.532335e-02 -3.000000e-03 2.679307e-01
    endloop
  endfacet
  facet normal 5.224986e-01 -0.000000e+00 8.526402e-01
    outer loop
      vertex   4.532335e-02 -3.000000e-03 2.679307e-01
      vertex   4.663290e-02 2.776667e-02 2.671282e-01
      vertex   4.532335e-02 2.776667e-02 2.679307e-01
    endloop
  endfacet
  facet normal 5.075384e-01 -0.000000e+00 8.616292e-01
    outer loop
      vertex   4.532335e-02 -3.000000e-03 2.679307e-01
      vertex   4.532335e-02 2.776667e-02 2.679307e-01
      vertex   4.400000e-02 -3.000000e-03 2.687102e-01
    endloop
  endfacet
  facet normal 5.075384e-01 -0.000000e+00 8.616292e-01
    outer loop
      vertex   4.400000e-02 -3.000000e-03 2.687102e-01
      vertex   4.532335e-02 2.776667e-02 2.679307e-01
      vertex   4.400000e-02 2.776667e-02 2.687102e-01
    endloop
  endfacet
  facet normal 4.924236e-01 -0.000000e+00 8.703557e-01
    outer loop
      vertex   4.400000e-02 -3.000000e-03 2.687102e-01
      vertex   4.400000e-02 2.776667e-02 2.687102e-01
      vertex   4.266325e-02 -3.000000e-03 2.694665e-01
    endloop
  endfacet
  facet normal 4.924236e-01 -3.331731e-16 8.703557e-01
    outer loop
      vertex   4.266325e-02 -3.000000e-03 2.694665e-01
      vertex   4.400000e-02 2.776667e-02 2.687102e-01
      vertex   4.266325e-02 2.776667e-02 2.694665e-01
    endloop
  endfacet
  facet normal 4.771588e-01 -3.228449e-16 8.788171e-01
    outer loop
      vertex   4.266325e-02 -3.000000e-03 2.694665e-01
      vertex   4.266325e-02 2.776667e-02 2.694665e-01
      vertex   4.131350e-02 -3.000000e-03 2.701994e-01
    endloop
  endfacet
  facet normal 4.771588e-01 -1.262772e-15 8.788171e-01
    outer loop
      vertex   4.131350e-02 -3.000000e-03 2.701994e-01
      vertex   4.266325e-02 2.776667e-02 2.694665e-01
      vertex   4.131350e-02 2.776667e-02 2.701994e-01
    endloop
  endfacet
  facet normal 4.617486e-01 -1.287982e-15 8.870108e-01
    outer loop
      vertex   4.131350e-02 -3.000000e-03 2.701994e-01
      vertex   4.131350e-02 2.776667e-02 2.701994e-01
      vertex   3.995116e-02 -3.000000e-03 2.709086e-01
    endloop
  endfacet
  facet normal 4.617486e-01 -0.000000e+00 8.870108e-01
    outer loop
      vertex   3.995116e-02 -3.000000e-03 2.709086e-01
      vertex   4.131350e-02 2.776667e-02 2.701994e-01
      vertex   3.995116e-02 2.776667e-02 2.709086e-01
    endloop
  endfacet
  facet normal 4.461978e-01 -0.000000e+00 8.949344e-01
    outer loop
      vertex   3.995116e-02 -3.000000e-03 2.709086e-01
      vertex   3.995116e-02 2.776667e-02 2.709086e-01
      vertex   3.857666e-02 -3.000000e-03 2.715939e-01
    endloop
  endfacet
  facet normal 4.461978e-01 -0.000000e+00 8.949344e-01
    outer loop
      vertex   3.857666e-02 -3.000000e-03 2.715939e-01
      vertex   3.995116e-02 2.776667e-02 2.709086e-01
      vertex   3.857666e-02 2.776667e-02 2.715939e-01
    endloop
  endfacet
  facet normal 4.305111e-01 -0.000000e+00 9.025853e-01
    outer loop
      vertex   3.857666e-02 -3.000000e-03 2.715939e-01
      vertex   3.857666e-02 2.776667e-02 2.715939e-01
      vertex   3.719041e-02 -3.000000e-03 2.722551e-01
    endloop
  endfacet
  facet normal 4.305111e-01 -0.000000e+00 9.025853e-01
    outer loop
      vertex   3.719041e-02 -3.000000e-03 2.722551e-01
      vertex   3.857666e-02 2.776667e-02 2.715939e-01
      vertex   3.719041e-02 2.776667e-02 2.722551e-01
    endloop
  endfacet
  facet normal 4.146932e-01 -0.000000e+00 9.099613e-01
    outer loop
      vertex   3.719041e-02 -3.000000e-03 2.722551e-01
      vertex   3.719041e-02 2.776667e-02 2.722551e-01
      vertex   3.579282e-02 -3.000000e-03 2.728920e-01
    endloop
  endfacet
  facet normal 4.146932e-01 2.805808e-16 9.099613e-01
    outer loop
      vertex   3.579282e-02 -3.000000e-03 2.728920e-01
      vertex   3.719041e-02 2.776667e-02 2.722551e-01
      vertex   3.579282e-02 2.776667e-02 2.728920e-01
    endloop
  endfacet
  facet normal 3.987491e-01 2.697930e-16 9.170601e-01
    outer loop
      vertex   3.579282e-02 -3.000000e-03 2.728920e-01
      vertex   3.579282e-02 2.776667e-02 2.728920e-01
      vertex   3.438434e-02 -3.000000e-03 2.735044e-01
    endloop
  endfacet
  facet normal 3.987491e-01 -0.000000e+00 9.170601e-01
    outer loop
      vertex   3.438434e-02 -3.000000e-03 2.735044e-01
      vertex   3.579282e-02 2.776667e-02 2.728920e-01
      vertex   3.438434e-02 2.776667e-02 2.735044e-01
    endloop
  endfacet
  facet normal 3.826834e-01 -0.000000e+00 9.238795e-01
    outer loop
      vertex   3.438434e-02 -3.000000e-03 2.735044e-01
      vertex   3.438434e-02 2.776667e-02 2.735044e-01
      vertex   3.296538e-02 -3.000000e-03 2.740922e-01
    endloop
  endfacet
  facet normal 3.826834e-01 -2.589231e-16 9.238795e-01
    outer loop
      vertex   3.296538e-02 -3.000000e-03 2.740922e-01
      vertex   3.438434e-02 2.776667e-02 2.735044e-01
      vertex   3.296538e-02 2.776667e-02 2.740922e-01
    endloop
  endfacet
  facet normal 3.665012e-01 -2.479742e-16 9.304176e-01
    outer loop
      vertex   3.296538e-02 -3.000000e-03 2.740922e-01
      vertex   3.296538e-02 2.776667e-02 2.740922e-01
      vertex   3.153638e-02 -3.000000e-03 2.746551e-01
    endloop
  endfacet
  facet normal 3.665012e-01 -0.000000e+00 9.304176e-01
    outer loop
      vertex   3.153638e-02 -3.000000e-03 2.746551e-01
      vertex   3.296538e-02 2.776667e-02 2.740922e-01
      vertex   3.153638e-02 2.776667e-02 2.746551e-01
    endloop
  endfacet
  facet normal 3.502074e-01 -0.000000e+00 9.366722e-01
    outer loop
      vertex   3.153638e-02 -3.000000e-03 2.746551e-01
      vertex   3.153638e-02 2.776667e-02 2.746551e-01
      vertex   3.009777e-02 -3.000000e-03 2.751930e-01
    endloop
  endfacet
  facet normal 3.502074e-01 -0.000000e+00 9.366722e-01
    outer loop
      vertex   3.009777e-02 -3.000000e-03 2.751930e-01
      vertex   3.153638e-02 2.776667e-02 2.746551e-01
      vertex   3.009777e-02 2.776667e-02 2.751930e-01
    endloop
  endfacet
  facet normal 3.338069e-01 -0.000000e+00 9.426415e-01
    outer loop
      vertex   3.009777e-02 -3.000000e-03 2.751930e-01
      vertex   3.009777e-02 2.776667e-02 2.751930e-01
      vertex   2.865000e-02 -3.000000e-03 2.757056e-01
    endloop
  endfacet
  facet normal 3.338069e-01 2.258532e-16 9.426415e-01
    outer loop
      vertex   2.865000e-02 -3.000000e-03 2.757056e-01
      vertex   3.009777e-02 2.776667e-02 2.751930e-01
      vertex   2.865000e-02 2.776667e-02 2.757056e-01
    endloop
  endfacet
  facet normal 3.173047e-01 2.146879e-16 9.483237e-01
    outer loop
      vertex   2.865000e-02 -3.000000e-03 2.757056e-01
      vertex   2.865000e-02 2.776667e-02 2.757056e-01
      vertex   2.719350e-02 -3.000000e-03 2.761930e-01
    endloop
  endfacet
  facet normal 3.173047e-01 -0.000000e+00 9.483237e-01
    outer loop
      vertex   2.719350e-02 -3.000000e-03 2.761930e-01
      vertex   2.865000e-02 2.776667e-02 2.757056e-01
      vertex   2.719350e-02 2.776667e-02 2.761930e-01
    endloop
  endfacet
  facet normal 3.007058e-01 -0.000000e+00 9.537170e-01
    outer loop
      vertex   2.719350e-02 -3.000000e-03 2.761930e-01
      vertex   2.719350e-02 2.776667e-02 2.761930e-01
      vertex   2.572871e-02 -3.000000e-03 2.766548e-01
    endloop
  endfacet
  facet normal 3.007058e-01 -2.373666e-16 9.537170e-01
    outer loop
      vertex   2.572871e-02 -3.000000e-03 2.766548e-01
      vertex   2.719350e-02 2.776667e-02 2.761930e-01
      vertex   2.572871e-02 2.776667e-02 2.766548e-01
    endloop
  endfacet
  facet normal 2.840153e-01 -2.241918e-16 9.588197e-01
    outer loop
      vertex   2.572871e-02 -3.000000e-03 2.766548e-01
      vertex   2.572871e-02 2.776667e-02 2.766548e-01
      vertex   2.425609e-02 -3.000000e-03 2.770910e-01
    endloop
  endfacet
  facet normal 2.840153e-01 -0.000000e+00 9.588197e-01
    outer loop
      vertex   2.425609e-02 -3.000000e-03 2.770910e-01
      vertex   2.572871e-02 2.776667e-02 2.766548e-01
      vertex   2.425609e-02 2.776667e-02 2.770910e-01
    endloop
  endfacet
  facet normal 2.672384e-01 -0.000000e+00 9.636305e-01
    outer loop
      vertex   2.425609e-02 -3.000000e-03 2.770910e-01
      vertex   2.425609e-02 2.776667e-02 2.770910e-01
      vertex   2.277608e-02 -3.000000e-03 2.775015e-01
    endloop
  endfacet
  facet normal 2.672384e-01 1.808131e-16 9.636305e-01
    outer loop
      vertex   2.277608e-02 -3.000000e-03 2.775015e-01
      vertex   2.425609e-02 2.776667e-02 2.770910e-01
      vertex   2.277608e-02 2.776667e-02 2.775015e-01
    endloop
  endfacet
  facet normal 2.503800e-01 1.694067e-16 9.681476e-01
    outer loop
      vertex   2.277608e-02 -3.000000e-03 2.775015e-01
      vertex   2.277608e-02 2.776667e-02 2.775015e-01
      vertex   2.128913e-02 -3.000000e-03 2.778860e-01
    endloop
  endfacet
  facet normal 2.503800e-01 -0.000000e+00 9.681476e-01
    outer loop
      vertex   2.128913e-02 -3.000000e-03 2.778860e-01
      vertex   2.277608e-02 2.776667e-02 2.775015e-01
      vertex   2.128913e-02 2.776667e-02 2.778860e-01
    endloop
  endfacet
  facet normal 2.334454e-01 -0.000000e+00 9.723699e-01
    outer loop
      vertex   2.128913e-02 -3.000000e-03 2.778860e-01
      vertex   2.128913e-02 2.776667e-02 2.778860e-01
      vertex   1.979569e-02 -3.000000e-03 2.782446e-01
    endloop
  endfacet
  facet normal 2.334454e-01 -0.000000e+00 9.723699e-01
    outer loop
      vertex   1.979569e-02 -3.000000e-03 2.782446e-01
      vertex   2.128913e-02 2.776667e-02 2.778860e-01
      vertex   1.979569e-02 2.776667e-02 2.782446e-01
    endloop
  endfacet
  facet normal 2.164396e-01 -0.000000e+00 9.762960e-01
    outer loop
      vertex   1.979569e-02 -3.000000e-03 2.782446e-01
      vertex   1.979569e-02 2.776667e-02 2.782446e-01
      vertex   1.829623e-02 -3.000000e-03 2.785770e-01
    endloop
  endfacet
  facet normal 2.164396e-01 -0.000000e+00 9.762960e-01
    outer loop
      vertex   1.829623e-02 -3.000000e-03 2.785770e-01
      vertex   1.979569e-02 2.776667e-02 2.782446e-01
      vertex   1.829623e-02 2.776667e-02 2.785770e-01
    endloop
  endfacet
  facet normal 1.993679e-01 -0.000000e+00 9.799247e-01
    outer loop
      vertex   1.829623e-02 -3.000000e-03 2.785770e-01
      vertex   1.829623e-02 2.776667e-02 2.785770e-01
      vertex   1.679119e-02 -3.000000e-03 2.788832e-01
    endloop
  endfacet
  facet normal 1.993679e-01 -0.000000e+00 9.799247e-01
    outer loop
      vertex   1.679119e-02 -3.000000e-03 2.788832e-01
      vertex   1.829623e-02 2.776667e-02 2.785770e-01
      vertex   1.679119e-02 2.776667e-02 2.788832e-01
    endloop
  endfacet
  facet normal 1.822355e-01 -0.000000e+00 9.832549e-01
    outer loop
      vertex   1.679119e-02 -3.000000e-03 2.788832e-01
      vertex   1.679119e-02 2.776667e-02 2.788832e-01
      vertex   1.528104e-02 -3.000000e-03 2.791631e-01
    endloop
  endfacet
  facet normal 1.822355e-01 1.027502e-16 9.832549e-01
    outer loop
      vertex   1.528104e-02 -3.000000e-03 2.791631e-01
      vertex   1.679119e-02 2.776667e-02 2.788832e-01
      vertex   1.528104e-02 2.776667e-02 2.791631e-01
    endloop
  endfacet
  facet normal 1.650476e-01 9.305914e-17 9.862856e-01
    outer loop
      vertex   1.528104e-02 -3.000000e-03 2.791631e-01
      vertex   1.528104e-02 2.776667e-02 2.791631e-01
      vertex   1.376623e-02 -3.000000e-03 2.794166e-01
    endloop
  endfacet
  facet normal 1.650476e-01 -0.000000e+00 9.862856e-01
    outer loop
      vertex   1.376623e-02 -3.000000e-03 2.794166e-01
      vertex   1.528104e-02 2.776667e-02 2.791631e-01
      vertex   1.376623e-02 2.776667e-02 2.794166e-01
    endloop
  endfacet
  facet normal 1.478094e-01 -0.000000e+00 9.890159e-01
    outer loop
      vertex   1.376623e-02 -3.000000e-03 2.794166e-01
      vertex   1.376623e-02 2.776667e-02 2.794166e-01
      vertex   1.224723e-02 -3.000000e-03 2.796436e-01
    endloop
  endfacet
  facet normal 1.478094e-01 -0.000000e+00 9.890159e-01
    outer loop
      vertex   1.224723e-02 -3.000000e-03 2.796436e-01
      vertex   1.376623e-02 2.776667e-02 2.794166e-01
      vertex   1.224723e-02 2.776667e-02 2.796436e-01
    endloop
  endfacet
  facet normal 1.305262e-01 -0.000000e+00 9.914449e-01
    outer loop
      vertex   1.224723e-02 -3.000000e-03 2.796436e-01
      vertex   1.224723e-02 2.776667e-02 2.796436e-01
      vertex   1.072450e-02 -3.000000e-03 2.798441e-01
    endloop
  endfacet
  facet normal 1.305262e-01 -0.000000e+00 9.914449e-01
    outer loop
      vertex   1.072450e-02 -3.000000e-03 2.798441e-01
      vertex   1.224723e-02 2.776667e-02 2.796436e-01
      vertex   1.072450e-02 2.776667e-02 2.798441e-01
    endloop
  endfacet
  facet normal 1.132032e-01 -0.000000e+00 9.935719e-01
    outer loop
      vertex   1.072450e-02 -3.000000e-03 2.798441e-01
      vertex   1.072450e-02 2.776667e-02 2.798441e-01
      vertex   9.198505e-03 -3.000000e-03 2.800179e-01
    endloop
  endfacet
  facet normal 1.132032e-01 7.021037e-17 9.935719e-01
    outer loop
      vertex   9.198505e-03 -3.000000e-03 2.800179e-01
      vertex   1.072450e-02 2.776667e-02 2.798441e-01
      vertex   9.198505e-03 2.776667e-02 2.800179e-01
    endloop
  endfacet
  facet normal 9.584575e-02 5.944500e-17 9.953962e-01
    outer loop
      vertex   9.198505e-03 -3.000000e-03 2.800179e-01
      vertex   9.198505e-03 2.776667e-02 2.800179e-01
      vertex   7.669705e-03 -3.000000e-03 2.801651e-01
    endloop
  endfacet
  facet normal 9.584575e-02 -0.000000e+00 9.953962e-01
    outer loop
      vertex   7.669705e-03 -3.000000e-03 2.801651e-01
      vertex   9.198505e-03 2.776667e-02 2.800179e-01
      vertex   7.669705e-03 2.776667e-02 2.801651e-01
    endloop
  endfacet
  facet normal 7.845910e-02 -0.000000e+00 9.969173e-01
    outer loop
      vertex   7.669705e-03 -3.000000e-03 2.801651e-01
      vertex   7.669705e-03 2.776667e-02 2.801651e-01
      vertex   6.138570e-03 -3.000000e-03 2.802856e-01
    endloop
  endfacet
  facet normal 7.845910e-02 -0.000000e+00 9.969173e-01
    outer loop
      vertex   6.138570e-03 -3.000000e-03 2.802856e-01
      vertex   7.669705e-03 2.776667e-02 2.801651e-01
      vertex   6.138570e-03 2.776667e-02 2.802856e-01
    endloop
  endfacet
  facet normal 6.104854e-02 -0.000000e+00 9.981348e-01
    outer loop
      vertex   6.138570e-03 -3.000000e-03 2.802856e-01
      vertex   6.138570e-03 2.776667e-02 2.802856e-01
      vertex   4.605564e-03 -3.000000e-03 2.803794e-01
    endloop
  endfacet
  facet normal 6.104854e-02 -0.000000e+00 9.981348e-01
    outer loop
      vertex   4.605564e-03 -3.000000e-03 2.803794e-01
      vertex   6.138570e-03 2.776667e-02 2.802856e-01
      vertex   4.605564e-03 2.776667e-02 2.803794e-01
    endloop
  endfacet
  facet normal 4.361939e-02 -0.000000e+00 9.990482e-01
    outer loop
      vertex   4.605564e-03 -3.000000e-03 2.803794e-01
      vertex   4.605564e-03 2.776667e-02 2.803794e-01
      vertex   3.071156e-03 -3.000000e-03 2.804464e-01
    endloop
  endfacet
  facet normal 4.361939e-02 -0.000000e+00 9.990482e-01
    outer loop
      vertex   3.071156e-03 -3.000000e-03 2.804464e-01
      vertex   4.605564e-03 2.776667e-02 2.803794e-01
      vertex   3.071156e-03 2.776667e-02 2.804464e-01
    endloop
  endfacet
  facet normal 2.617695e-02 -0.000000e+00 9.996573e-01
    outer loop
      vertex   3.071156e-03 -3.000000e-03 2.804464e-01
      vertex   3.071156e-03 2.776667e-02 2.804464e-01
      vertex   1.535812e-03 -3.000000e-03 2.804866e-01
    endloop
  endfacet
  facet normal 2.617695e-02 1.660433e-17 9.996573e-01
    outer loop
      vertex   1.535812e-03 -3.000000e-03 2.804866e-01
      vertex   3.071156e-03 2.776667e-02 2.804464e-01
      vertex   1.535812e-03 2.776667e-02 2.804866e-01
    endloop
  endfacet
  facet normal 8.726535e-03 5.535339e-18 9.999619e-01
    outer loop
      vertex   1.535812e-03 -3.000000e-03 2.804866e-01
      vertex   1.535812e-03 2.776667e-02 2.804866e-01
      vertex   5.388446e-18 -3.000000e-03 2.805000e-01
    endloop
  endfacet
  facet normal 8.726535e-03 -0.000000e+00 9.999619e-01
    outer loop
      vertex   5.388446e-18 -3.000000e-03 2.805000e-01
      vertex   1.535812e-03 2.776667e-02 2.804866e-01
      vertex   5.388446e-18 2.776667e-02 2.805000e-01
    endloop
  endfacet
  facet normal -8.726535e-03 0.000000e+00 9.999619e-01
    outer loop
      vertex   5.388446e-18 -3.000000e-03 2.805000e-01
      vertex   5.388446e-18 2.776667e-02 2.805000e-01
      vertex   -1.535812e-03 -3.000000e-03 2.804866e-01
    endloop
  endfacet
  facet normal -8.726535e-03 0.000000e+00 9.999619e-01
    outer loop
      vertex   -1.535812e-03 -3.000000e-03 2.804866e-01
      vertex   5.388446e-18 2.776667e-02 2.805000e-01
      vertex   -1.535812e-03 2.776667e-02 2.804866e-01
    endloop
  endfacet
  facet normal -2.617695e-02 0.000000e+00 9.996573e-01
    outer loop
      vertex   -1.535812e-03 -3.000000e-03 2.804866e-01
      vertex   -1.535812e-03 2.776667e-02 2.804866e-01
      vertex   -3.071156e-03 -3.000000e-03 2.804464e-01
    endloop
  endfacet
  facet normal -2.617695e-02 0.000000e+00 9.996573e-01
    outer loop
      vertex   -3.071156e-03 -3.000000e-03 2.804464e-01
      vertex   -1.535812e-03 2.776667e-02 2.804866e-01
      vertex   -3.071156e-03 2.776667e-02 2.804464e-01
    endloop
  endfacet
  facet normal -4.361939e-02 0.000000e+00 9.990482e-01
    outer loop
      vertex   -3.071156e-03 -3.000000e-03 2.804464e-01
      vertex   -3.071156e-03 2.776667e-02 2.804464e-01
      vertex   -4.605564e-03 -3.000000e-03 2.803794e-01
    endloop
  endfacet
  facet normal -4.361939e-02 -2.705341e-17 9.990482e-01
    outer loop
      vertex   -4.605564e-03 -3.000000e-03 2.803794e-01
      vertex   -3.071156e-03 2.776667e-02 2.804464e-01
      vertex   -4.605564e-03 2.776667e-02 2.803794e-01
    endloop
  endfacet
  facet normal -6.104854e-02 -3.786324e-17 9.981348e-01
    outer loop
      vertex   -4.605564e-03 -3.000000e-03 2.803794e-01
      vertex   -4.605564e-03 2.776667e-02 2.803794e-01
      vertex   -6.138570e-03 -3.000000e-03 2.802856e-01
    endloop
  endfacet
  facet normal -6.104854e-02 0.000000e+00 9.981348e-01
    outer loop
      vertex   -6.138570e-03 -3.000000e-03 2.802856e-01
      vertex   -4.605564e-03 2.776667e-02 2.803794e-01
      vertex   -6.138570e-03 2.776667e-02 2.802856e-01
    endloop
  endfacet
  facet normal -7.845910e-02 0.000000e+00 9.969173e-01
    outer loop
      vertex   -6.138570e-03 -3.000000e-03 2.802856e-01
      vertex   -6.138570e-03 2.776667e-02 2.802856e-01
      vertex   -7.669705e-03 -3.000000e-03 2.801651e-01
    endloop
  endfacet
  facet normal -7.845910e-02 0.000000e+00 9.969173e-01
    outer loop
      vertex   -7.669705e-03 -3.000000e-03 2.801651e-01
      vertex   -6.138570e-03 2.776667e-02 2.802856e-01
      vertex   -7.669705e-03 2.776667e-02 2.801651e-01
    endloop
  endfacet
  facet normal -9.584575e-02 0.000000e+00 9.953962e-01
    outer loop
      vertex   -7.669705e-03 -3.000000e-03 2.801651e-01
      vertex   -7.669705e-03 2.776667e-02 2.801651e-01
      vertex   -9.198505e-03 -3.000000e-03 2.800179e-01
    endloop
  endfacet
  facet normal -9.584575e-02 0.000000e+00 9.953962e-01
    outer loop
      vertex   -9.198505e-03 -3.000000e-03 2.800179e-01
      vertex   -7.669705e-03 2.776667e-02 2.801651e-01
      vertex   -9.198505e-03 2.776667e-02 2.800179e-01
    endloop
  endfacet
  facet normal -1.132032e-01 0.000000e+00 9.935719e-01
    outer loop
      vertex   -9.198505e-03 -3.000000e-03 2.800179e-01
      vertex   -9.198505e-03 2.776667e-02 2.800179e-01
      vertex   -1.072450e-02 -3.000000e-03 2.798441e-01
    endloop
  endfacet
  facet normal -1.132032e-01 0.000000e+00 9.935719e-01
    outer loop
      vertex   -1.072450e-02 -3.000000e-03 2.798441e-01
      vertex   -9.198505e-03 2.776667e-02 2.800179e-01
      vertex   -1.072450e-02 2.776667e-02 2.798441e-01
    endloop
  endfacet
  facet normal -1.305262e-01 0.000000e+00 9.914449e-01
    outer loop
      vertex   -1.072450e-02 -3.000000e-03 2.798441e-01
      vertex   -1.072450e-02 2.776667e-02 2.798441e-01
      vertex   -1.224723e-02 -3.000000e-03 2.796436e-01
    endloop
  endfacet
  facet normal -1.305262e-01 -8.095435e-17 9.914449e-01
    outer loop
      vertex   -1.224723e-02 -3.000000e-03 2.796436e-01
      vertex   -1.072450e-02 2.776667e-02 2.798441e-01
      vertex   -1.224723e-02 2.776667e-02 2.796436e-01
    endloop
  endfacet
  facet normal -1.478094e-01 -9.167366e-17 9.890159e-01
    outer loop
      vertex   -1.224723e-02 -3.000000e-03 2.796436e-01
      vertex   -1.224723e-02 2.776667e-02 2.796436e-01
      vertex   -1.376623e-02 -3.000000e-03 2.794166e-01
    endloop
  endfacet
  facet normal -1.478094e-01 0.000000e+00 9.890159e-01
    outer loop
      vertex   -1.376623e-02 -3.000000e-03 2.794166e-01
      vertex   -1.224723e-02 2.776667e-02 2.796436e-01
      vertex   -1.376623e-02 2.776667e-02 2.794166e-01
    endloop
  endfacet
  facet normal -1.650476e-01 0.000000e+00 9.862856e-01
    outer loop
      vertex   -1.376623e-02 -3.000000e-03 2.794166e-01
      vertex   -1.376623e-02 2.776667e-02 2.794166e-01
      vertex   -1.528104e-02 -3.000000e-03 2.791631e-01
    endloop
  endfacet
  facet normal -1.650476e-01 0.000000e+00 9.862856e-01
    outer loop
      vertex   -1.528104e-02 -3.000000e-03 2.791631e-01
      vertex   -1.376623e-02 2.776667e-02 2.794166e-01
      vertex   -1.528104e-02 2.776667e-02 2.791631e-01
    endloop
  endfacet
  facet normal -1.822355e-01 0.000000e+00 9.832549e-01
    outer loop
      vertex   -1.528104e-02 -3.000000e-03 2.791631e-01
      vertex   -1.528104e-02 2.776667e-02 2.791631e-01
      vertex   -1.679119e-02 -3.000000e-03 2.788832e-01
    endloop
  endfacet
  facet normal -1.822355e-01 0.000000e+00 9.832549e-01
    outer loop
      vertex   -1.679119e-02 -3.000000e-03 2.788832e-01
      vertex   -1.528104e-02 2.776667e-02 2.791631e-01
      vertex   -1.679119e-02 2.776667e-02 2.788832e-01
    endloop
  endfacet
  facet normal -1.993679e-01 0.000000e+00 9.799247e-01
    outer loop
      vertex   -1.679119e-02 -3.000000e-03 2.788832e-01
      vertex   -1.679119e-02 2.776667e-02 2.788832e-01
      vertex   -1.829623e-02 -3.000000e-03 2.785770e-01
    endloop
  endfacet
  facet normal -1.993679e-01 1.633150e-15 9.799247e-01
    outer loop
      vertex   -1.829623e-02 -3.000000e-03 2.785770e-01
      vertex   -1.679119e-02 2.776667e-02 2.788832e-01
      vertex   -1.829623e-02 2.776667e-02 2.785770e-01
    endloop
  endfacet
  facet normal -2.164396e-01 1.615052e-15 9.762960e-01
    outer loop
      vertex   -1.829623e-02 -3.000000e-03 2.785770e-01
      vertex   -1.829623e-02 2.776667e-02 2.785770e-01
      vertex   -1.979569e-02 -3.000000e-03 2.782446e-01
    endloop
  endfacet
  facet normal -2.164396e-01 0.000000e+00 9.762960e-01
    outer loop
      vertex   -1.979569e-02 -3.000000e-03 2.782446e-01
      vertex   -1.829623e-02 2.776667e-02 2.785770e-01
      vertex   -1.979569e-02 2.776667e-02 2.782446e-01
    endloop
  endfacet
  facet normal -2.334454e-01 0.000000e+00 9.723699e-01
    outer loop
      vertex   -1.979569e-02 -3.000000e-03 2.782446e-01
      vertex   -1.979569e-02 2.776667e-02 2.782446e-01
      vertex   -2.128913e-02 -3.000000e-03 2.778860e-01
    endloop
  endfacet
  facet normal -2.334454e-01 0.000000e+00 9.723699e-01
    outer loop
      vertex   -2.128913e-02 -3.000000e-03 2.778860e-01
      vertex   -1.979569e-02 2.776667e-02 2.782446e-01
      vertex   -2.128913e-02 2.776667e-02 2.778860e-01
    endloop
  endfacet
  facet normal -2.503800e-01 0.000000e+00 9.681476e-01
    outer loop
      vertex   -2.128913e-02 -3.000000e-03 2.778860e-01
      vertex   -2.128913e-02 2.776667e-02 2.778860e-01
      vertex   -2.277608e-02 -3.000000e-03 2.775015e-01
    endloop
  endfacet
  facet normal -2.503800e-01 0.000000e+00 9.681476e-01
    outer loop
      vertex   -2.277608e-02 -3.000000e-03 2.775015e-01
      vertex   -2.128913e-02 2.776667e-02 2.778860e-01
      vertex   -2.277608e-02 2.776667e-02 2.775015e-01
    endloop
  endfacet
  facet normal -2.672384e-01 0.000000e+00 9.636305e-01
    outer loop
      vertex   -2.277608e-02 -3.000000e-03 2.775015e-01
      vertex   -2.277608e-02 2.776667e-02 2.775015e-01
      vertex   -2.425609e-02 -3.000000e-03 2.770910e-01
    endloop
  endfacet
  facet normal -2.672384e-01 0.000000e+00 9.636305e-01
    outer loop
      vertex   -2.425609e-02 -3.000000e-03 2.770910e-01
      vertex   -2.277608e-02 2.776667e-02 2.775015e-01
      vertex   -2.425609e-02 2.776667e-02 2.770910e-01
    endloop
  endfacet
  facet normal -2.840153e-01 0.000000e+00 9.588197e-01
    outer loop
      vertex   -2.425609e-02 -3.000000e-03 2.770910e-01
      vertex   -2.425609e-02 2.776667e-02 2.770910e-01
      vertex   -2.572871e-02 -3.000000e-03 2.766548e-01
    endloop
  endfacet
  facet normal -2.840153e-01 -1.281096e-16 9.588197e-01
    outer loop
      vertex   -2.572871e-02 -3.000000e-03 2.766548e-01
      vertex   -2.425609e-02 2.776667e-02 2.770910e-01
      vertex   -2.572871e-02 2.776667e-02 2.766548e-01
    endloop
  endfacet
  facet normal -3.007058e-01 -1.356381e-16 9.537170e-01
    outer loop
      vertex   -2.572871e-02 -3.000000e-03 2.766548e-01
      vertex   -2.572871e-02 2.776667e-02 2.766548e-01
      vertex   -2.719350e-02 -3.000000e-03 2.761930e-01
    endloop
  endfacet
  facet normal -3.007058e-01 -1.356381e-16 9.537170e-01
    outer loop
      vertex   -2.719350e-02 -3.000000e-03 2.761930e-01
      vertex   -2.572871e-02 2.776667e-02 2.766548e-01
      vertex   -2.719350e-02 2.776667e-02 2.761930e-01
    endloop
  endfacet
  facet normal -3.173047e-01 -1.431252e-16 9.483237e-01
    outer loop
      vertex   -2.719350e-02 -3.000000e-03 2.761930e-01
      vertex   -2.719350e-02 2.776667e-02 2.761930e-01
      vertex   -2.865000e-02 -3.000000e-03 2.757056e-01
    endloop
  endfacet
  facet normal -3.173047e-01 0.000000e+00 9.483237e-01
    outer loop
      vertex   -2.865000e-02 -3.000000e-03 2.757056e-01
      vertex   -2.719350e-02 2.776667e-02 2.761930e-01
      vertex   -2.865000e-02 2.776667e-02 2.757056e-01
    endloop
  endfacet
  facet normal -3.338069e-01 0.000000e+00 9.426415e-01
    outer loop
      vertex   -2.865000e-02 -3.000000e-03 2.757056e-01
      vertex   -2.865000e-02 2.776667e-02 2.757056e-01
      vertex   -3.009777e-02 -3.000000e-03 2.751930e-01
    endloop
  endfacet
  facet normal -3.338069e-01 0.000000e+00 9.426415e-01
    outer loop
      vertex   -3.009777e-02 -3.000000e-03 2.751930e-01
      vertex   -2.865000e-02 2.776667e-02 2.757056e-01
      vertex   -3.009777e-02 2.776667e-02 2.751930e-01
    endloop
  endfacet
  facet normal -3.502074e-01 0.000000e+00 9.366722e-01
    outer loop
      vertex   -3.009777e-02 -3.000000e-03 2.751930e-01
      vertex   -3.009777e-02 2.776667e-02 2.751930e-01
      vertex   -3.153638e-02 -3.000000e-03 2.746551e-01
    endloop
  endfacet
  facet normal -3.502074e-01 1.532036e-15 9.366722e-01
    outer loop
      vertex   -3.153638e-02 -3.000000e-03 2.746551e-01
      vertex   -3.009777e-02 2.776667e-02 2.751930e-01
      vertex   -3.153638e-02 2.776667e-02 2.746551e-01
    endloop
  endfacet
  facet normal -3.665012e-01 1.513402e-15 9.304176e-01
    outer loop
      vertex   -3.153638e-02 -3.000000e-03 2.746551e-01
      vertex   -3.153638e-02 2.776667e-02 2.746551e-01
      vertex   -3.296538e-02 -3.000000e-03 2.740922e-01
    endloop
  endfacet
  facet normal -3.665012e-01 -2.479742e-16 9.304176e-01
    outer loop
      vertex   -3.296538e-02 -3.000000e-03 2.740922e-01
      vertex   -3.153638e-02 2.776667e-02 2.746551e-01
      vertex   -3.296538e-02 2.776667e-02 2.740922e-01
    endloop
  endfacet
  facet normal -3.826834e-01 -2.589231e-16 9.238795e-01
    outer loop
      vertex   -3.296538e-02 -3.000000e-03 2.740922e-01
      vertex   -3.296538e-02 2.776667e-02 2.740922e-01
      vertex   -3.438434e-02 -3.000000e-03 2.735044e-01
    endloop
  endfacet
  facet normal -3.826834e-01 -1.726154e-16 9.238795e-01
    outer loop
      vertex   -3.438434e-02 -3.000000e-03 2.735044e-01
      vertex   -3.296538e-02 2.776667e-02 2.740922e-01
      vertex   -3.438434e-02 2.776667e-02 2.735044e-01
    endloop
  endfacet
  facet normal -3.987491e-01 -1.798620e-16 9.170601e-01
    outer loop
      vertex   -3.438434e-02 -3.000000e-03 2.735044e-01
      vertex   -3.438434e-02 2.776667e-02 2.735044e-01
      vertex   -3.579282e-02 -3.000000e-03 2.728920e-01
    endloop
  endfacet
  facet normal -3.987491e-01 0.000000e+00 9.170601e-01
    outer loop
      vertex   -3.579282e-02 -3.000000e-03 2.728920e-01
      vertex   -3.438434e-02 2.776667e-02 2.735044e-01
      vertex   -3.579282e-02 2.776667e-02 2.728920e-01
    endloop
  endfacet
  facet normal -4.146932e-01 0.000000e+00 9.099613e-01
    outer loop
      vertex   -3.579282e-02 -3.000000e-03 2.728920e-01
      vertex   -3.579282e-02 2.776667e-02 2.728920e-01
      vertex   -3.719041e-02 -3.000000e-03 2.722551e-01
    endloop
  endfacet
  facet normal -4.146932e-01 0.000000e+00 9.099613e-01
    outer loop
      vertex   -3.719041e-02 -3.000000e-03 2.722551e-01
      vertex   -3.579282e-02 2.776667e-02 2.728920e-01
      vertex   -3.719041e-02 2.776667e-02 2.722551e-01
    endloop
  endfacet
  facet normal -4.305111e-01 0.000000e+00 9.025853e-01
    outer loop
      vertex   -3.719041e-02 -3.000000e-03 2.722551e-01
      vertex   -3.719041e-02 2.776667e-02 2.722551e-01
      vertex   -3.857666e-02 -3.000000e-03 2.715939e-01
    endloop
  endfacet
  facet normal -4.305111e-01 0.000000e+00 9.025853e-01
    outer loop
      vertex   -3.857666e-02 -3.000000e-03 2.715939e-01
      vertex   -3.719041e-02 2.776667e-02 2.722551e-01
      vertex   -3.857666e-02 2.776667e-02 2.715939e-01
    endloop
  endfacet
  facet normal -4.461978e-01 0.000000e+00 8.949344e-01
    outer loop
      vertex   -3.857666e-02 -3.000000e-03 2.715939e-01
      vertex   -3.857666e-02 2.776667e-02 2.715939e-01
      vertex   -3.995116e-02 -3.000000e-03 2.709086e-01
    endloop
  endfacet
  facet normal -4.461978e-01 0.000000e+00 8.949344e-01
    outer loop
      vertex   -3.995116e-02 -3.000000e-03 2.709086e-01
      vertex   -3.857666e-02 2.776667e-02 2.715939e-01
      vertex   -3.995116e-02 2.776667e-02 2.709086e-01
    endloop
  endfacet
  facet normal -4.617486e-01 0.000000e+00 8.870108e-01
    outer loop
      vertex   -3.995116e-02 -3.000000e-03 2.709086e-01
      vertex   -3.995116e-02 2.776667e-02 2.709086e-01
      vertex   -4.131350e-02 -3.000000e-03 2.701994e-01
    endloop
  endfacet
  facet normal -4.617486e-01 0.000000e+00 8.870108e-01
    outer loop
      vertex   -4.131350e-02 -3.000000e-03 2.701994e-01
      vertex   -3.995116e-02 2.776667e-02 2.709086e-01
      vertex   -4.131350e-02 2.776667e-02 2.701994e-01
    endloop
  endfacet
  facet normal -4.771588e-01 0.000000e+00 8.788171e-01
    outer loop
      vertex   -4.131350e-02 -3.000000e-03 2.701994e-01
      vertex   -4.131350e-02 2.776667e-02 2.701994e-01
      vertex   -4.266325e-02 -3.000000e-03 2.694665e-01
    endloop
  endfacet
  facet normal -4.771588e-01 0.000000e+00 8.788171e-01
    outer loop
      vertex   -4.266325e-02 -3.000000e-03 2.694665e-01
      vertex   -4.131350e-02 2.776667e-02 2.701994e-01
      vertex   -4.266325e-02 2.776667e-02 2.694665e-01
    endloop
  endfacet
  facet normal -4.924236e-01 0.000000e+00 8.703557e-01
    outer loop
      vertex   -4.266325e-02 -3.000000e-03 2.694665e-01
      vertex   -4.266325e-02 2.776667e-02 2.694665e-01
      vertex   -4.400000e-02 -3.000000e-03 2.687102e-01
    endloop
  endfacet
  facet normal -4.924236e-01 -5.552884e-16 8.703557e-01
    outer loop
      vertex   -4.400000e-02 -3.000000e-03 2.687102e-01
      vertex   -4.266325e-02 2.776667e-02 2.694665e-01
      vertex   -4.400000e-02 2.776667e-02 2.687102e-01
    endloop
  endfacet
  facet normal -5.075384e-01 -5.723329e-16 8.616292e-01
    outer loop
      vertex   -4.400000e-02 -3.000000e-03 2.687102e-01
      vertex   -4.400000e-02 2.776667e-02 2.687102e-01
      vertex   -4.532335e-02 -3.000000e-03 2.679307e-01
    endloop
  endfacet
  facet normal -5.075384e-01 0.000000e+00 8.616292e-01
    outer loop
      vertex   -4.532335e-02 -3.000000e-03 2.679307e-01
      vertex   -4.400000e-02 2.776667e-02 2.687102e-01
      vertex   -4.532335e-02 2.776667e-02 2.679307e-01
    endloop
  endfacet
  facet normal -5.224986e-01 0.000000e+00 8.526402e-01
    outer loop
      vertex   -4.532335e-02 -3.000000e-03 2.679307e-01
      vertex   -4.532335e-02 2.776667e-02 2.679307e-01
      vertex   -4.663290e-02 -3.000000e-03 2.671282e-01
    endloop
  endfacet
  facet normal -5.224986e-01 0.000000e+00 8.526402e-01
    outer loop
      vertex   -4.663290e-02 -3.000000e-03 2.671282e-01
      vertex   -4.532335e-02 2.776667e-02 2.679307e-01
      vertex   -4.663290e-02 2.776667e-02 2.671282e-01
    endloop
  endfacet
  facet normal -5.372996e-01 0.000000e+00 8.433914e-01
    outer loop
      vertex   -4.663290e-02 -3.000000e-03 2.671282e-01
      vertex   -4.663290e-02 2.776667e-02 2.671282e-01
      vertex   -4.792824e-02 -3.000000e-03 2.663030e-01
    endloop
  endfacet
  facet normal -5.372996e-01 0.000000e+00 8.433914e-01
    outer loop
      vertex   -4.792824e-02 -3.000000e-03 2.663030e-01
      vertex   -4.663290e-02 2.776667e-02 2.671282e-01
      vertex   -4.792824e-02 2.776667e-02 2.663030e-01
    endloop
  endfacet
  facet normal -5.519370e-01 0.000000e+00 8.338858e-01
    outer loop
      vertex   -4.792824e-02 -3.000000e-03 2.663030e-01
      vertex   -4.792824e-02 2.776667e-02 2.663030e-01
      vertex   -4.920898e-02 -3.000000e-03 2.654553e-01
    endloop
  endfacet
  facet normal -5.519370e-01 0.000000e+00 8.338858e-01
    outer loop
      vertex   -4.920898e-02 -3.000000e-03 2.654553e-01
      vertex   -4.792824e-02 2.776667e-02 2.663030e-01
      vertex   -4.920898e-02 2.776667e-02 2.654553e-01
    endloop
  endfacet
  facet normal -5.664062e-01 0.000000e+00 8.241262e-01
    outer loop
      vertex   -4.920898e-02 -3.000000e-03 2.654553e-01
      vertex   -4.920898e-02 2.776667e-02 2.654553e-01
      vertex   -5.047473e-02 -3.000000e-03 2.645854e-01
    endloop
  endfacet
  facet normal -5.664062e-01 0.000000e+00 8.241262e-01
    outer loop
      vertex   -5.047473e-02 -3.000000e-03 2.645854e-01
      vertex   -4.920898e-02 2.776667e-02 2.654553e-01
      vertex   -5.047473e-02 2.776667e-02 2.645854e-01
    endloop
  endfacet
  facet normal -5.807030e-01 0.000000e+00 8.141155e-01
    outer loop
      vertex   -5.047473e-02 -3.000000e-03 2.645854e-01
      vertex   -5.047473e-02 2.776667e-02 2.645854e-01
      vertex   -5.172510e-02 -3.000000e-03 2.636935e-01
    endloop
  endfacet
  facet normal -5.807030e-01 0.000000e+00 8.141155e-01
    outer loop
      vertex   -5.172510e-02 -3.000000e-03 2.636935e-01
      vertex   -5.047473e-02 2.776667e-02 2.645854e-01
      vertex   -5.172510e-02 2.776667e-02 2.636935e-01
    endloop
  endfacet
  facet normal -5.948228e-01 0.000000e+00 8.038569e-01
    outer loop
      vertex   -5.172510e-02 -3.000000e-03 2.636935e-01
      vertex   -5.172510e-02 2.776667e-02 2.636935e-01
      vertex   -5.295972e-02 -3.000000e-03 2.627799e-01
    endloop
  endfacet
  facet normal -5.948228e-01 0.000000e+00 8.038569e-01
    outer loop
      vertex   -5.295972e-02 -3.000000e-03 2.627799e-01
      vertex   -5.172510e-02 2.776667e-02 2.636935e-01
      vertex   -5.295972e-02 2.776667e-02 2.627799e-01
    endloop
  endfacet
  facet normal -6.087614e-01 0.000000e+00 7.933533e-01
    outer loop
      vertex   -5.295972e-02 -3.000000e-03 2.627799e-01
      vertex   -5.295972e-02 2.776667e-02 2.627799e-01
      vertex   -5.417821e-02 -3.000000e-03 2.618450e-01
    endloop
  endfacet
  facet normal -6.087614e-01 0.000000e+00 7.933533e-01
    outer loop
      vertex   -5.417821e-02 -3.000000e-03 2.618450e-01
      vertex   -5.295972e-02 2.776667e-02 2.627799e-01
      vertex   -5.417821e-02 2.776667e-02 2.618450e-01
    endloop
  endfacet
  facet normal -6.225146e-01 0.000000e+00 7.826082e-01
    outer loop
      vertex   -5.417821e-02 -3.000000e-03 2.618450e-01
      vertex   -5.417821e-02 2.776667e-02 2.618450e-01
      vertex   -5.538019e-02 -3.000000e-03 2.608889e-01
    endloop
  endfacet
  facet normal -6.225146e-01 0.000000e+00 7.826082e-01
    outer loop
      vertex   -5.538019e-02 -3.000000e-03 2.608889e-01
      vertex   -5.417821e-02 2.776667e-02 2.618450e-01
      vertex   -5.538019e-02 2.776667e-02 2.608889e-01
    endloop
  endfacet
  facet normal -6.360782e-01 0.000000e+00 7.716246e-01
    outer loop
      vertex   -5.538019e-02 -3.000000e-03 2.608889e-01
      vertex   -5.538019e-02 2.776667e-02 2.608889e-01
      vertex   -5.656531e-02 -3.000000e-03 2.599119e-01
    endloop
  endfacet
  facet normal -6.360782e-01 0.000000e+00 7.716246e-01
    outer loop
      vertex   -5.656531e-02 -3.000000e-03 2.599119e-01
      vertex   -5.538019e-02 2.776667e-02 2.608889e-01
      vertex   -5.656531e-02 2.776667e-02 2.599119e-01
    endloop
  endfacet
  facet normal -6.494480e-01 0.000000e+00 7.604060e-01
    outer loop
      vertex   -5.656531e-02 -3.000000e-03 2.599119e-01
      vertex   -5.656531e-02 2.776667e-02 2.599119e-01
      vertex   -5.773319e-02 -3.000000e-03 2.589145e-01
    endloop
  endfacet
  facet normal -6.494480e-01 0.000000e+00 7.604060e-01
    outer loop
      vertex   -5.773319e-02 -3.000000e-03 2.589145e-01
      vertex   -5.656531e-02 2.776667e-02 2.599119e-01
      vertex   -5.773319e-02 2.776667e-02 2.589145e-01
    endloop
  endfacet
  facet normal -6.626200e-01 0.000000e+00 7.489557e-01
    outer loop
      vertex   -5.773319e-02 -3.000000e-03 2.589145e-01
      vertex   -5.773319e-02 2.776667e-02 2.589145e-01
      vertex   -5.888349e-02 -3.000000e-03 2.578968e-01
    endloop
  endfacet
  facet normal -6.626200e-01 0.000000e+00 7.489557e-01
    outer loop
      vertex   -5.888349e-02 -3.000000e-03 2.578968e-01
      vertex   -5.773319e-02 2.776667e-02 2.589145e-01
      vertex   -5.888349e-02 2.776667e-02 2.578968e-01
    endloop
  endfacet
  facet normal -6.755902e-01 0.000000e+00 7.372773e-01
    outer loop
      vertex   -5.888349e-02 -3.000000e-03 2.578968e-01
      vertex   -5.888349e-02 2.776667e-02 2.578968e-01
      vertex   -6.001586e-02 -3.000000e-03 2.568591e-01
    endloop
  endfacet
  facet normal -6.755902e-01 0.000000e+00 7.372773e-01
    outer loop
      vertex   -6.001586e-02 -3.000000e-03 2.568591e-01
      vertex   -5.888349e-02 2.776667e-02 2.578968e-01
      vertex   -6.001586e-02 2.776667e-02 2.568591e-01
    endloop
  endfacet
  facet normal -6.883546e-01 0.000000e+00 7.253744e-01
    outer loop
      vertex   -6.001586e-02 -3.000000e-03 2.568591e-01
      vertex   -6.001586e-02 2.776667e-02 2.568591e-01
      vertex   -6.112994e-02 -3.000000e-03 2.558019e-01
    endloop
  endfacet
  facet normal -6.883546e-01 0.000000e+00 7.253744e-01
    outer loop
      vertex   -6.112994e-02 -3.000000e-03 2.558019e-01
      vertex   -6.001586e-02 2.776667e-02 2.568591e-01
      vertex   -6.112994e-02 2.776667e-02 2.558019e-01
    endloop
  endfacet
  facet normal -7.009093e-01 0.000000e+00 7.132504e-01
    outer loop
      vertex   -6.112994e-02 -3.000000e-03 2.558019e-01
      vertex   -6.112994e-02 2.776667e-02 2.558019e-01
      vertex   -6.222540e-02 -3.000000e-03 2.547254e-01
    endloop
  endfacet
  facet normal -7.009093e-01 0.000000e+00 7.132504e-01
    outer loop
      vertex   -6.222540e-02 -3.000000e-03 2.547254e-01
      vertex   -6.112994e-02 2.776667e-02 2.558019e-01
      vertex   -6.222540e-02 2.776667e-02 2.547254e-01
    endloop
  endfacet
  facet normal -7.132504e-01 0.000000e+00 7.009093e-01
    outer loop
      vertex   -6.222540e-02 -3.000000e-03 2.547254e-01
      vertex   -6.222540e-02 2.776667e-02 2.547254e-01
      vertex   -6.330190e-02 -3.000000e-03 2.536299e-01
    endloop
  endfacet
  facet normal -7.132504e-01 0.000000e+00 7.009093e-01
    outer loop
      vertex   -6.330190e-02 -3.000000e-03 2.536299e-01
      vertex   -6.222540e-02 2.776667e-02 2.547254e-01
      vertex   -6.330190e-02 2.776667e-02 2.536299e-01
    endloop
  endfacet
  facet normal -7.253744e-01 0.000000e+00 6.883546e-01
    outer loop
      vertex   -6.330190e-02 -3.000000e-03 2.536299e-01
      vertex   -6.330190e-02 2.776667e-02 2.536299e-01
      vertex   -6.435913e-02 -3.000000e-03 2.525159e-01
    endloop
  endfacet
  facet normal -7.253744e-01 0.000000e+00 6.883546e-01
    outer loop
      vertex   -6.435913e-02 -3.000000e-03 2.525159e-01
      vertex   -6.330190e-02 2.776667e-02 2.536299e-01
      vertex   -6.435913e-02 2.776667e-02 2.525159e-01
    endloop
  endfacet
  facet normal -7.372773e-01 0.000000e+00 6.755902e-01
    outer loop
      vertex   -6.435913e-02 -3.000000e-03 2.525159e-01
      vertex   -6.435913e-02 2.776667e-02 2.525159e-01
      vertex   -6.539674e-02 -3.000000e-03 2.513835e-01
    endloop
  endfacet
  facet normal -7.372773e-01 0.000000e+00 6.755902e-01
    outer loop
      vertex   -6.539674e-02 -3.000000e-03 2.513835e-01
      vertex   -6.435913e-02 2.776667e-02 2.525159e-01
      vertex   -6.539674e-02 2.776667e-02 2.513835e-01
    endloop
  endfacet
  facet normal -7.489557e-01 0.000000e+00 6.626200e-01
    outer loop
      vertex   -6.539674e-02 -3.000000e-03 2.513835e-01
      vertex   -6.539674e-02 2.776667e-02 2.513835e-01
      vertex   -6.641444e-02 -3.000000e-03 2.502332e-01
    endloop
  endfacet
  facet normal -7.489557e-01 0.000000e+00 6.626200e-01
    outer loop
      vertex   -6.641444e-02 -3.000000e-03 2.502332e-01
      vertex   -6.539674e-02 2.776667e-02 2.513835e-01
      vertex   -6.641444e-02 2.776667e-02 2.502332e-01
    endloop
  endfacet
  facet normal -7.604060e-01 0.000000e+00 6.494480e-01
    outer loop
      vertex   -6.641444e-02 -3.000000e-03 2.502332e-01
      vertex   -6.641444e-02 2.776667e-02 2.502332e-01
      vertex   -6.741191e-02 -3.000000e-03 2.490653e-01
    endloop
  endfacet
  facet normal -7.604060e-01 0.000000e+00 6.494480e-01
    outer loop
      vertex   -6.741191e-02 -3.000000e-03 2.490653e-01
      vertex   -6.641444e-02 2.776667e-02 2.502332e-01
      vertex   -6.741191e-02 2.776667e-02 2.490653e-01
    endloop
  endfacet
  facet normal -7.716246e-01 0.000000e+00 6.360782e-01
    outer loop
      vertex   -6.741191e-02 -3.000000e-03 2.490653e-01
      vertex   -6.741191e-02 2.776667e-02 2.490653e-01
      vertex   -6.838884e-02 -3.000000e-03 2.478802e-01
    endloop
  endfacet
  facet normal -7.716246e-01 0.000000e+00 6.360782e-01
    outer loop
      vertex   -6.838884e-02 -3.000000e-03 2.478802e-01
      vertex   -6.741191e-02 2.776667e-02 2.490653e-01
      vertex   -6.838884e-02 2.776667e-02 2.478802e-01
    endloop
  endfacet
  facet normal -7.826082e-01 0.000000e+00 6.225146e-01
    outer loop
      vertex   -6.838884e-02 -3.000000e-03 2.478802e-01
      vertex   -6.838884e-02 2.776667e-02 2.478802e-01
      vertex   -6.934495e-02 -3.000000e-03 2.466782e-01
    endloop
  endfacet
  facet normal -7.826082e-01 -3.530077e-16 6.225146e-01
    outer loop
      vertex   -6.934495e-02 -3.000000e-03 2.466782e-01
      vertex   -6.838884e-02 2.776667e-02 2.478802e-01
      vertex   -6.934495e-02 2.776667e-02 2.466782e-01
    endloop
  endfacet
  facet normal -7.933533e-01 -3.578545e-16 6.087614e-01
    outer loop
      vertex   -6.934495e-02 -3.000000e-03 2.466782e-01
      vertex   -6.934495e-02 2.776667e-02 2.466782e-01
      vertex   -7.027992e-02 -3.000000e-03 2.454597e-01
    endloop
  endfacet
  facet normal -7.933533e-01 0.000000e+00 6.087614e-01
    outer loop
      vertex   -7.027992e-02 -3.000000e-03 2.454597e-01
      vertex   -6.934495e-02 2.776667e-02 2.466782e-01
      vertex   -7.027992e-02 2.776667e-02 2.454597e-01
    endloop
  endfacet
  facet normal -8.038569e-01 0.000000e+00 5.948228e-01
    outer loop
      vertex   -7.027992e-02 -3.000000e-03 2.454597e-01
      vertex   -7.027992e-02 2.776667e-02 2.454597e-01
      vertex   -7.119350e-02 -3.000000e-03 2.442251e-01
    endloop
  endfacet
  facet normal -8.038569e-01 0.000000e+00 5.948228e-01
    outer loop
      vertex   -7.119350e-02 -3.000000e-03 2.442251e-01
      vertex   -7.027992e-02 2.776667e-02 2.454597e-01
      vertex   -7.119350e-02 2.776667e-02 2.442251e-01
    endloop
  endfacet
  facet normal -8.141155e-01 0.000000e+00 5.807030e-01
    outer loop
      vertex   -7.119350e-02 -3.000000e-03 2.442251e-01
      vertex   -7.119350e-02 2.776667e-02 2.442251e-01
      vertex   -7.208538e-02 -3.000000e-03 2.429747e-01
    endloop
  endfacet
  facet normal -8.141155e-01 0.000000e+00 5.807030e-01
    outer loop
      vertex   -7.208538e-02 -3.000000e-03 2.429747e-01
      vertex   -7.119350e-02 2.776667e-02 2.442251e-01
      vertex   -7.208538e-02 2.776667e-02 2.429747e-01
    endloop
  endfacet
  facet normal -8.241262e-01 0.000000e+00 5.664062e-01
    outer loop
      vertex   -7.208538e-02 -3.000000e-03 2.429747e-01
      vertex   -7.208538e-02 2.776667e-02 2.429747e-01
      vertex   -7.295531e-02 -3.000000e-03 2.417090e-01
    endloop
  endfacet
  facet normal -8.241262e-01 0.000000e+00 5.664062e-01
    outer loop
      vertex   -7.295531e-02 -3.000000e-03 2.417090e-01
      vertex   -7.208538e-02 2.776667e-02 2.429747e-01
      vertex   -7.295531e-02 2.776667e-02 2.417090e-01
    endloop
  endfacet
  facet normal -8.338858e-01 0.000000e+00 5.519370e-01
    outer loop
      vertex   -7.295531e-02 -3.000000e-03 2.417090e-01
      vertex   -7.295531e-02 2.776667e-02 2.417090e-01
      vertex   -7.380301e-02 -3.000000e-03 2.404282e-01
    endloop
  endfacet
  facet normal -8.338858e-01 -2.543549e-16 5.519370e-01
    outer loop
      vertex   -7.380301e-02 -3.000000e-03 2.404282e-01
      vertex   -7.295531e-02 2.776667e-02 2.417090e-01
      vertex   -7.380301e-02 2.776667e-02 2.404282e-01
    endloop
  endfacet
  facet normal -8.433914e-01 -2.761351e-16 5.372996e-01
    outer loop
      vertex   -7.380301e-02 -3.000000e-03 2.404282e-01
      vertex   -7.380301e-02 2.776667e-02 2.404282e-01
      vertex   -7.462823e-02 -3.000000e-03 2.391329e-01
    endloop
  endfacet
  facet normal -8.433914e-01 0.000000e+00 5.372996e-01
    outer loop
      vertex   -7.462823e-02 -3.000000e-03 2.391329e-01
      vertex   -7.380301e-02 2.776667e-02 2.404282e-01
      vertex   -7.462823e-02 2.776667e-02 2.391329e-01
    endloop
  endfacet
  facet normal -8.526402e-01 0.000000e+00 5.224986e-01
    outer loop
      vertex   -7.462823e-02 -3.000000e-03 2.391329e-01
      vertex   -7.462823e-02 2.776667e-02 2.391329e-01
      vertex   -7.543072e-02 -3.000000e-03 2.378234e-01
    endloop
  endfacet
  facet normal -8.526402e-01 -7.691935e-16 5.224986e-01
    outer loop
      vertex   -7.543072e-02 -3.000000e-03 2.378234e-01
      vertex   -7.462823e-02 2.776667e-02 2.391329e-01
      vertex   -7.543072e-02 2.776667e-02 2.378234e-01
    endloop
  endfacet
  facet normal -8.616292e-01 -7.773027e-16 5.075384e-01
    outer loop
      vertex   -7.543072e-02 -3.000000e-03 2.378234e-01
      vertex   -7.543072e-02 2.776667e-02 2.378234e-01
      vertex   -7.621024e-02 -3.000000e-03 2.365000e-01
    endloop
  endfacet
  facet normal -8.616292e-01 0.000000e+00 5.075384e-01
    outer loop
      vertex   -7.621024e-02 -3.000000e-03 2.365000e-01
      vertex   -7.543072e-02 2.776667e-02 2.378234e-01
      vertex   -7.621024e-02 2.776667e-02 2.365000e-01
    endloop
  endfacet
  facet normal -8.703557e-01 0.000000e+00 4.924236e-01
    outer loop
      vertex   -7.621024e-02 -3.000000e-03 2.365000e-01
      vertex   -7.621024e-02 2.776667e-02 2.365000e-01
      vertex   -7.696653e-02 -3.000000e-03 2.351633e-01
    endloop
  endfacet
  facet normal -8.703557e-01 -7.851752e-16 4.924236e-01
    outer loop
      vertex   -7.696653e-02 -3.000000e-03 2.351633e-01
      vertex   -7.621024e-02 2.776667e-02 2.365000e-01
      vertex   -7.696653e-02 2.776667e-02 2.351633e-01
    endloop
  endfacet
  facet normal -8.788171e-01 -7.928085e-16 4.771588e-01
    outer loop
      vertex   -7.696653e-02 -3.000000e-03 2.351633e-01
      vertex   -7.696653e-02 2.776667e-02 2.351633e-01
      vertex   -7.769939e-02 -3.000000e-03 2.338135e-01
    endloop
  endfacet
  facet normal -8.788171e-01 0.000000e+00 4.771588e-01
    outer loop
      vertex   -7.769939e-02 -3.000000e-03 2.338135e-01
      vertex   -7.696653e-02 2.776667e-02 2.351633e-01
      vertex   -7.769939e-02 2.776667e-02 2.338135e-01
    endloop
  endfacet
  facet normal -8.870108e-01 0.000000e+00 4.617486e-01
    outer loop
      vertex   -7.769939e-02 -3.000000e-03 2.338135e-01
      vertex   -7.769939e-02 2.776667e-02 2.338135e-01
      vertex   -7.840857e-02 -3.000000e-03 2.324512e-01
    endloop
  endfacet
  facet normal -8.870108e-01 0.000000e+00 4.617486e-01
    outer loop
      vertex   -7.840857e-02 -3.000000e-03 2.324512e-01
      vertex   -7.769939e-02 2.776667e-02 2.338135e-01
      vertex   -7.840857e-02 2.776667e-02 2.324512e-01
    endloop
  endfacet
  facet normal -8.949344e-01 0.000000e+00 4.461978e-01
    outer loop
      vertex   -7.840857e-02 -3.000000e-03 2.324512e-01
      vertex   -7.840857e-02 2.776667e-02 2.324512e-01
      vertex   -7.909388e-02 -3.000000e-03 2.310767e-01
    endloop
  endfacet
  facet normal -8.949344e-01 0.000000e+00 4.461978e-01
    outer loop
      vertex   -7.909388e-02 -3.000000e-03 2.310767e-01
      vertex   -7.840857e-02 2.776667e-02 2.324512e-01
      vertex   -7.909388e-02 2.776667e-02 2.310767e-01
    endloop
  endfacet
  facet normal -9.025853e-01 0.000000e+00 4.305111e-01
    outer loop
      vertex   -7.909388e-02 -3.000000e-03 2.310767e-01
      vertex   -7.909388e-02 2.776667e-02 2.310767e-01
      vertex   -7.975509e-02 -3.000000e-03 2.296904e-01
    endloop
  endfacet
  facet normal -9.025853e-01 0.000000e+00 4.305111e-01
    outer loop
      vertex   -7.975509e-02 -3.000000e-03 2.296904e-01
      vertex   -7.909388e-02 2.776667e-02 2.310767e-01
      vertex   -7.975509e-02 2.776667e-02 2.296904e-01
    endloop
  endfacet
  facet normal -9.099613e-01 0.000000e+00 4.146932e-01
    outer loop
      vertex   -7.975509e-02 -3.000000e-03 2.296904e-01
      vertex   -7.975509e-02 2.776667e-02 2.296904e-01
      vertex   -8.039200e-02 -3.000000e-03 2.282928e-01
    endloop
  endfacet
  facet normal -9.099613e-01 0.000000e+00 4.146932e-01
    outer loop
      vertex   -8.039200e-02 -3.000000e-03 2.282928e-01
      vertex   -7.975509e-02 2.776667e-02 2.296904e-01
      vertex   -8.039200e-02 2.776667e-02 2.282928e-01
    endloop
  endfacet
  facet normal -9.170601e-01 0.000000e+00 3.987491e-01
    outer loop
      vertex   -8.039200e-02 -3.000000e-03 2.282928e-01
      vertex   -8.039200e-02 2.776667e-02 2.282928e-01
      vertex   -8.100443e-02 -3.000000e-03 2.268843e-01
    endloop
  endfacet
  facet normal -9.170601e-01 -4.136543e-16 3.987491e-01
    outer loop
      vertex   -8.100443e-02 -3.000000e-03 2.268843e-01
      vertex   -8.039200e-02 2.776667e-02 2.282928e-01
      vertex   -8.100443e-02 2.776667e-02 2.268843e-01
    endloop
  endfacet
  facet normal -9.238795e-01 -4.167304e-16 3.826834e-01
    outer loop
      vertex   -8.100443e-02 -3.000000e-03 2.268843e-01
      vertex   -8.100443e-02 2.776667e-02 2.268843e-01
      vertex   -8.159218e-02 -3.000000e-03 2.254654e-01
    endloop
  endfacet
  facet normal -9.238795e-01 0.000000e+00 3.826834e-01
    outer loop
      vertex   -8.159218e-02 -3.000000e-03 2.254654e-01
      vertex   -8.100443e-02 2.776667e-02 2.268843e-01
      vertex   -8.159218e-02 2.776667e-02 2.254654e-01
    endloop
  endfacet
  facet normal -9.304176e-01 0.000000e+00 3.665012e-01
    outer loop
      vertex   -8.159218e-02 -3.000000e-03 2.254654e-01
      vertex   -8.159218e-02 2.776667e-02 2.254654e-01
      vertex   -8.215508e-02 -3.000000e-03 2.240364e-01
    endloop
  endfacet
  facet normal -9.304176e-01 0.000000e+00 3.665012e-01
    outer loop
      vertex   -8.215508e-02 -3.000000e-03 2.240364e-01
      vertex   -8.159218e-02 2.776667e-02 2.254654e-01
      vertex   -8.215508e-02 2.776667e-02 2.240364e-01
    endloop
  endfacet
  facet normal -9.366722e-01 0.000000e+00 3.502074e-01
    outer loop
      vertex   -8.215508e-02 -3.000000e-03 2.240364e-01
      vertex   -8.215508e-02 2.776667e-02 2.240364e-01
      vertex   -8.269295e-02 -3.000000e-03 2.225978e-01
    endloop
  endfacet
  facet normal -9.366722e-01 0.000000e+00 3.502074e-01
    outer loop
      vertex   -8.269295e-02 -3.000000e-03 2.225978e-01
      vertex   -8.215508e-02 2.776667e-02 2.240364e-01
      vertex   -8.269295e-02 2.776667e-02 2.225978e-01
    endloop
  endfacet
  facet normal -9.426415e-01 0.000000e+00 3.338069e-01
    outer loop
      vertex   -8.269295e-02 -3.000000e-03 2.225978e-01
      vertex   -8.269295e-02 2.776667e-02 2.225978e-01
      vertex   -8.320563e-02 -3.000000e-03 2.211500e-01
    endloop
  endfacet
  facet normal -9.426415e-01 0.000000e+00 3.338069e-01
    outer loop
      vertex   -8.320563e-02 -3.000000e-03 2.211500e-01
      vertex   -8.269295e-02 2.776667e-02 2.225978e-01
      vertex   -8.320563e-02 2.776667e-02 2.211500e-01
    endloop
  endfacet
  facet normal -9.483237e-01 0.000000e+00 3.173047e-01
    outer loop
      vertex   -8.320563e-02 -3.000000e-03 2.211500e-01
      vertex   -8.320563e-02 2.776667e-02 2.211500e-01
      vertex   -8.369297e-02 -3.000000e-03 2.196935e-01
    endloop
  endfacet
  facet normal -9.483237e-01 0.000000e+00 3.173047e-01
    outer loop
      vertex   -8.369297e-02 -3.000000e-03 2.196935e-01
      vertex   -8.320563e-02 2.776667e-02 2.211500e-01
      vertex   -8.369297e-02 2.776667e-02 2.196935e-01
    endloop
  endfacet
  facet normal -9.537170e-01 0.000000e+00 3.007058e-01
    outer loop
      vertex   -8.369297e-02 -3.000000e-03 2.196935e-01
      vertex   -8.369297e-02 2.776667e-02 2.196935e-01
      vertex   -8.415482e-02 -3.000000e-03 2.182287e-01
    endloop
  endfacet
  facet normal -9.537170e-01 0.000000e+00 3.007058e-01
    outer loop
      vertex   -8.415482e-02 -3.000000e-03 2.182287e-01
      vertex   -8.369297e-02 2.776667e-02 2.196935e-01
      vertex   -8.415482e-02 2.776667e-02 2.182287e-01
    endloop
  endfacet
  facet normal -9.588197e-01 0.000000e+00 2.840153e-01
    outer loop
      vertex   -8.415482e-02 -3.000000e-03 2.182287e-01
      vertex   -8.415482e-02 2.776667e-02 2.182287e-01
      vertex   -8.459103e-02 -3.000000e-03 2.167561e-01
    endloop
  endfacet
  facet normal -9.588197e-01 0.000000e+00 2.840153e-01
    outer loop
      vertex   -8.459103e-02 -3.000000e-03 2.167561e-01
      vertex   -8.415482e-02 2.776667e-02 2.182287e-01
      vertex   -8.459103e-02 2.776667e-02 2.167561e-01
    endloop
  endfacet
  facet normal -9.636305e-01 0.000000e+00 2.672384e-01
    outer loop
      vertex   -8.459103e-02 -3.000000e-03 2.167561e-01
      vertex   -8.459103e-02 2.776667e-02 2.167561e-01
      vertex   -8.500147e-02 -3.000000e-03 2.152761e-01
    endloop
  endfacet
  facet normal -9.636305e-01 0.000000e+00 2.672384e-01
    outer loop
      vertex   -8.500147e-02 -3.000000e-03 2.152761e-01
      vertex   -8.459103e-02 2.776667e-02 2.167561e-01
      vertex   -8.500147e-02 2.776667e-02 2.152761e-01
    endloop
  endfacet
  facet normal -9.681476e-01 0.000000e+00 2.503800e-01
    outer loop
      vertex   -8.500147e-02 -3.000000e-03 2.152761e-01
      vertex   -8.500147e-02 2.776667e-02 2.152761e-01
      vertex   -8.538602e-02 -3.000000e-03 2.137891e-01
    endloop
  endfacet
  facet normal -9.681476e-01 0.000000e+00 2.503800e-01
    outer loop
      vertex   -8.538602e-02 -3.000000e-03 2.137891e-01
      vertex   -8.500147e-02 2.776667e-02 2.152761e-01
      vertex   -8.538602e-02 2.776667e-02 2.137891e-01
    endloop
  endfacet
  facet normal -9.723699e-01 0.000000e+00 2.334454e-01
    outer loop
      vertex   -8.538602e-02 -3.000000e-03 2.137891e-01
      vertex   -8.538602e-02 2.776667e-02 2.137891e-01
      vertex   -8.574457e-02 -3.000000e-03 2.122957e-01
    endloop
  endfacet
  facet normal -9.723699e-01 -4.386027e-16 2.334454e-01
    outer loop
      vertex   -8.574457e-02 -3.000000e-03 2.122957e-01
      vertex   -8.538602e-02 2.776667e-02 2.137891e-01
      vertex   -8.574457e-02 2.776667e-02 2.122957e-01
    endloop
  endfacet
  facet normal -9.762960e-01 -4.403736e-16 2.164396e-01
    outer loop
      vertex   -8.574457e-02 -3.000000e-03 2.122957e-01
      vertex   -8.574457e-02 2.776667e-02 2.122957e-01
      vertex   -8.607699e-02 -3.000000e-03 2.107962e-01
    endloop
  endfacet
  facet normal -9.762960e-01 0.000000e+00 2.164396e-01
    outer loop
      vertex   -8.607699e-02 -3.000000e-03 2.107962e-01
      vertex   -8.574457e-02 2.776667e-02 2.122957e-01
      vertex   -8.607699e-02 2.776667e-02 2.107962e-01
    endloop
  endfacet
  facet normal -9.799247e-01 0.000000e+00 1.993679e-01
    outer loop
      vertex   -8.607699e-02 -3.000000e-03 2.107962e-01
      vertex   -8.607699e-02 2.776667e-02 2.107962e-01
      vertex   -8.638319e-02 -3.000000e-03 2.092912e-01
    endloop
  endfacet
  facet normal -9.799247e-01 0.000000e+00 1.993679e-01
    outer loop
      vertex   -8.638319e-02 -3.000000e-03 2.092912e-01
      vertex   -8.607699e-02 2.776667e-02 2.107962e-01
      vertex   -8.638319e-02 2.776667e-02 2.092912e-01
    endloop
  endfacet
  facet normal -9.832549e-01 0.000000e+00 1.822355e-01
    outer loop
      vertex   -8.638319e-02 -3.000000e-03 2.092912e-01
      vertex   -8.638319e-02 2.776667e-02 2.092912e-01
      vertex   -8.666308e-02 -3.000000e-03 2.077810e-01
    endloop
  endfacet
  facet normal -9.832549e-01 0.000000e+00 1.822355e-01
    outer loop
      vertex   -8.666308e-02 -3.000000e-03 2.077810e-01
      vertex   -8.638319e-02 2.776667e-02 2.092912e-01
      vertex   -8.666308e-02 2.776667e-02 2.077810e-01
    endloop
  endfacet
  facet normal -9.862856e-01 0.000000e+00 1.650476e-01
    outer loop
      vertex   -8.666308e-02 -3.000000e-03 2.077810e-01
      vertex   -8.666308e-02 2.776667e-02 2.077810e-01
      vertex   -8.691657e-02 -3.000000e-03 2.062662e-01
    endloop
  endfacet
  facet normal -9.862856e-01 0.000000e+00 1.650476e-01
    outer loop
      vertex   -8.691657e-02 -3.000000e-03 2.062662e-01
      vertex   -8.666308e-02 2.776667e-02 2.077810e-01
      vertex   -8.691657e-02 2.776667e-02 2.062662e-01
    endloop
  endfacet
  facet normal -9.890159e-01 0.000000e+00 1.478094e-01
    outer loop
      vertex   -8.691657e-02 -3.000000e-03 2.062662e-01
      vertex   -8.691657e-02 2.776667e-02 2.062662e-01
      vertex   -8.714359e-02 -3.000000e-03 2.047472e-01
    endloop
  endfacet
  facet normal -9.890159e-01 0.000000e+00 1.478094e-01
    outer loop
      vertex   -8.714359e-02 -3.000000e-03 2.047472e-01
      vertex   -8.691657e-02 2.776667e-02 2.062662e-01
      vertex   -8.714359e-02 2.776667e-02 2.047472e-01
    endloop
  endfacet
  facet normal -9.914449e-01 0.000000e+00 1.305262e-01
    outer loop
      vertex   -8.714359e-02 -3.000000e-03 2.047472e-01
      vertex   -8.714359e-02 2.776667e-02 2.047472e-01
      vertex   -8.734406e-02 -3.000000e-03 2.032245e-01
    endloop
  endfacet
  facet normal -9.914449e-01 0.000000e+00 1.305262e-01
    outer loop
      vertex   -8.734406e-02 -3.000000e-03 2.032245e-01
      vertex   -8.714359e-02 2.776667e-02 2.047472e-01
      vertex   -8.734406e-02 2.776667e-02 2.032245e-01
    endloop
  endfacet
  facet normal -9.935719e-01 0.000000e+00 1.132032e-01
    outer loop
      vertex   -8.734406e-02 -3.000000e-03 2.032245e-01
      vertex   -8.734406e-02 2.776667e-02 2.032245e-01
      vertex   -8.751793e-02 -3.000000e-03 2.016985e-01
    endloop
  endfacet
  facet normal -9.935719e-01 0.000000e+00 1.132032e-01
    outer loop
      vertex   -8.751793e-02 -3.000000e-03 2.016985e-01
      vertex   -8.734406e-02 2.776667e-02 2.032245e-01
      vertex   -8.751793e-02 2.776667e-02 2.016985e-01
    endloop
  endfacet
  facet normal -9.953962e-01 0.000000e+00 9.584575e-02
    outer loop
      vertex   -8.751793e-02 -3.000000e-03 2.016985e-01
      vertex   -8.751793e-02 2.776667e-02 2.016985e-01
      vertex   -8.766513e-02 -3.000000e-03 2.001697e-01
    endloop
  endfacet
  facet normal -9.953962e-01 8.646546e-17 9.584575e-02
    outer loop
      vertex   -8.766513e-02 -3.000000e-03 2.001697e-01
      vertex   -8.751793e-02 2.776667e-02 2.016985e-01
      vertex   -8.766513e-02 2.776667e-02 2.001697e-01
    endloop
  endfacet
  facet normal -9.969173e-01 7.078041e-17 7.845910e-02
    outer loop
      vertex   -8.766513e-02 -3.000000e-03 2.001697e-01
      vertex   -8.766513e-02 2.776667e-02 2.001697e-01
      vertex   -8.778564e-02 -3.000000e-03 1.986386e-01
    endloop
  endfacet
  facet normal -9.969173e-01 0.000000e+00 7.845910e-02
    outer loop
      vertex   -8.778564e-02 -3.000000e-03 1.986386e-01
      vertex   -8.766513e-02 2.776667e-02 2.001697e-01
      vertex   -8.778564e-02 2.776667e-02 1.986386e-01
    endloop
  endfacet
  facet normal -9.981348e-01 0.000000e+00 6.104854e-02
    outer loop
      vertex   -8.778564e-02 -3.000000e-03 1.986386e-01
      vertex   -8.778564e-02 2.776667e-02 1.986386e-01
      vertex   -8.787940e-02 -3.000000e-03 1.971056e-01
    endloop
  endfacet
  facet normal -9.981348e-01 -3.951506e-16 6.104854e-02
    outer loop
      vertex   -8.787940e-02 -3.000000e-03 1.971056e-01
      vertex   -8.778564e-02 2.776667e-02 1.986386e-01
      vertex   -8.787940e-02 2.776667e-02 1.971056e-01
    endloop
  endfacet
  facet normal -9.990482e-01 -4.112860e-16 4.361939e-02
    outer loop
      vertex   -8.787940e-02 -3.000000e-03 1.971056e-01
      vertex   -8.787940e-02 2.776667e-02 1.971056e-01
      vertex   -8.794639e-02 -3.000000e-03 1.955712e-01
    endloop
  endfacet
  facet normal -9.990482e-01 3.935042e-17 4.361939e-02
    outer loop
      vertex   -8.794639e-02 -3.000000e-03 1.955712e-01
      vertex   -8.787940e-02 2.776667e-02 1.971056e-01
      vertex   -8.794639e-02 2.776667e-02 1.955712e-01
    endloop
  endfacet
  facet normal -9.996573e-01 2.361505e-17 2.617695e-02
    outer loop
      vertex   -8.794639e-02 -3.000000e-03 1.955712e-01
      vertex   -8.794639e-02 2.776667e-02 1.955712e-01
      vertex   -8.798660e-02 -3.000000e-03 1.940358e-01
    endloop
  endfacet
  facet normal -9.996573e-01 0.000000e+00 2.617695e-02
    outer loop
      vertex   -8.798660e-02 -3.000000e-03 1.940358e-01
      vertex   -8.794639e-02 2.776667e-02 1.955712e-01
      vertex   -8.798660e-02 2.776667e-02 1.940358e-01
    endloop
  endfacet
  facet normal -9.999619e-01 0.000000e+00 8.726535e-03
    outer loop
      vertex   -8.798660e-02 -3.000000e-03 1.940358e-01
      vertex   -8.798660e-02 2.776667e-02 1.940358e-01
      vertex   -8.800000e-02 -3.000000e-03 1.925000e-01
    endloop
  endfacet
  facet normal -9.999619e-01 0.000000e+00 8.726535e-03
    outer loop
      vertex   -8.800000e-02 -3.000000e-03 1.925000e-01
      vertex   -8.798660e-02 2.776667e-02 1.940358e-01
      vertex   -8.800000e-02 2.776667e-02 1.925000e-01
    endloop
  endfacet
  facet normal -9.999619e-01 0.000000e+00 -8.726535e-03
    outer loop
      vertex   -8.800000e-02 -3.000000e-03 1.925000e-01
      vertex   -8.800000e-02 2.776667e-02 1.925000e-01
      vertex   -8.798660e-02 -3.000000e-03 1.909642e-01
    endloop
  endfacet
  facet normal -9.999619e-01 -7.872482e-18 -8.726535e-03
    outer loop
      vertex   -8.798660e-02 -3.000000e-03 1.909642e-01
      vertex   -8.800000e-02 2.776667e-02 1.925000e-01
      vertex   -8.798660e-02 2.776667e-02 1.909642e-01
    endloop
  endfacet
  facet normal -9.996573e-01 -2.361505e-17 -2.617695e-02
    outer loop
      vertex   -8.798660e-02 -3.000000e-03 1.909642e-01
      vertex   -8.798660e-02 2.776667e-02 1.909642e-01
      vertex   -8.794639e-02 -3.000000e-03 1.894289e-01
    endloop
  endfacet
  facet normal -9.996573e-01 0.000000e+00 -2.617695e-02
    outer loop
      vertex   -8.794639e-02 -3.000000e-03 1.894289e-01
      vertex   -8.798660e-02 2.776667e-02 1.909642e-01
      vertex   -8.794639e-02 2.776667e-02 1.894289e-01
    endloop
  endfacet
  facet normal -9.990482e-01 0.000000e+00 -4.361939e-02
    outer loop
      vertex   -8.794639e-02 -3.000000e-03 1.894289e-01
      vertex   -8.794639e-02 2.776667e-02 1.894289e-01
      vertex   -8.787940e-02 -3.000000e-03 1.878944e-01
    endloop
  endfacet
  facet normal -9.990482e-01 0.000000e+00 -4.361939e-02
    outer loop
      vertex   -8.787940e-02 -3.000000e-03 1.878944e-01
      vertex   -8.794639e-02 2.776667e-02 1.894289e-01
      vertex   -8.787940e-02 2.776667e-02 1.878944e-01
    endloop
  endfacet
  facet normal -9.981348e-01 0.000000e+00 -6.104854e-02
    outer loop
      vertex   -8.787940e-02 -3.000000e-03 1.878944e-01
      vertex   -8.787940e-02 2.776667e-02 1.878944e-01
      vertex   -8.778564e-02 -3.000000e-03 1.863614e-01
    endloop
  endfacet
  facet normal -9.981348e-01 -5.507380e-17 -6.104854e-02
    outer loop
      vertex   -8.778564e-02 -3.000000e-03 1.863614e-01
      vertex   -8.787940e-02 2.776667e-02 1.878944e-01
      vertex   -8.778564e-02 2.776667e-02 1.863614e-01
    endloop
  endfacet
  facet normal -9.969173e-01 -7.078041e-17 -7.845910e-02
    outer loop
      vertex   -8.778564e-02 -3.000000e-03 1.863614e-01
      vertex   -8.778564e-02 2.776667e-02 1.863614e-01
      vertex   -8.766513e-02 -3.000000e-03 1.848303e-01
    endloop
  endfacet
  facet normal -9.969173e-01 0.000000e+00 -7.845910e-02
    outer loop
      vertex   -8.766513e-02 -3.000000e-03 1.848303e-01
      vertex   -8.778564e-02 2.776667e-02 1.863614e-01
      vertex   -8.766513e-02 2.776667e-02 1.848303e-01
    endloop
  endfacet
  facet normal -9.953962e-01 0.000000e+00 -9.584575e-02
    outer loop
      vertex   -8.766513e-02 -3.000000e-03 1.848303e-01
      vertex   -8.766513e-02 2.776667e-02 1.848303e-01
      vertex   -8.751793e-02 -3.000000e-03 1.833015e-01
    endloop
  endfacet
  facet normal -9.953962e-01 -8.646546e-17 -9.584575e-02
    outer loop
      vertex   -8.751793e-02 -3.000000e-03 1.833015e-01
      vertex   -8.766513e-02 2.776667e-02 1.848303e-01
      vertex   -8.751793e-02 2.776667e-02 1.833015e-01
    endloop
  endfacet
  facet normal -9.935719e-01 -1.021242e-16 -1.132032e-01
    outer loop
      vertex   -8.751793e-02 -3.000000e-03 1.833015e-01
      vertex   -8.751793e-02 2.776667e-02 1.833015e-01
      vertex   -8.734406e-02 -3.000000e-03 1.817755e-01
    endloop
  endfacet
  facet normal -9.935719e-01 3.460420e-16 -1.132032e-01
    outer loop
      vertex   -8.734406e-02 -3.000000e-03 1.817755e-01
      vertex   -8.751793e-02 2.776667e-02 1.833015e-01
      vertex   -8.734406e-02 2.776667e-02 1.817755e-01
    endloop
  endfacet
  facet normal -9.914449e-01 3.294550e-16 -1.305262e-01
    outer loop
      vertex   -8.734406e-02 -3.000000e-03 1.817755e-01
      vertex   -8.734406e-02 2.776667e-02 1.817755e-01
      vertex   -8.714359e-02 -3.000000e-03 1.802528e-01
    endloop
  endfacet
  facet normal -9.914449e-01 0.000000e+00 -1.305262e-01
    outer loop
      vertex   -8.714359e-02 -3.000000e-03 1.802528e-01
      vertex   -8.734406e-02 2.776667e-02 1.817755e-01
      vertex   -8.714359e-02 2.776667e-02 1.802528e-01
    endloop
  endfacet
  facet normal -9.890159e-01 0.000000e+00 -1.478094e-01
    outer loop
      vertex   -8.714359e-02 -3.000000e-03 1.802528e-01
      vertex   -8.714359e-02 2.776667e-02 1.802528e-01
      vertex   -8.691657e-02 -3.000000e-03 1.787338e-01
    endloop
  endfacet
  facet normal -9.890159e-01 -2.666870e-16 -1.478094e-01
    outer loop
      vertex   -8.691657e-02 -3.000000e-03 1.787338e-01
      vertex   -8.714359e-02 2.776667e-02 1.802528e-01
      vertex   -8.691657e-02 2.776667e-02 1.787338e-01
    endloop
  endfacet
  facet normal -9.862856e-01 -2.977893e-16 -1.650476e-01
    outer loop
      vertex   -8.691657e-02 -3.000000e-03 1.787338e-01
      vertex   -8.691657e-02 2.776667e-02 1.787338e-01
      vertex   -8.666308e-02 -3.000000e-03 1.772190e-01
    endloop
  endfacet
  facet normal -9.862856e-01 -1.488946e-16 -1.650476e-01
    outer loop
      vertex   -8.666308e-02 -3.000000e-03 1.772190e-01
      vertex   -8.691657e-02 2.776667e-02 1.787338e-01
      vertex   -8.666308e-02 2.776667e-02 1.772190e-01
    endloop
  endfacet
  facet normal -9.832549e-01 -1.644004e-16 -1.822355e-01
    outer loop
      vertex   -8.666308e-02 -3.000000e-03 1.772190e-01
      vertex   -8.666308e-02 2.776667e-02 1.772190e-01
      vertex   -8.638319e-02 -3.000000e-03 1.757088e-01
    endloop
  endfacet
  facet normal -9.832549e-01 -1.644004e-16 -1.822355e-01
    outer loop
      vertex   -8.638319e-02 -3.000000e-03 1.757088e-01
      vertex   -8.666308e-02 2.776667e-02 1.772190e-01
      vertex   -8.638319e-02 2.776667e-02 1.757088e-01
    endloop
  endfacet
  facet normal -9.799247e-01 -1.798561e-16 -1.993679e-01
    outer loop
      vertex   -8.638319e-02 -3.000000e-03 1.757088e-01
      vertex   -8.638319e-02 2.776667e-02 1.757088e-01
      vertex   -8.607699e-02 -3.000000e-03 1.742038e-01
    endloop
  endfacet
  facet normal -9.799247e-01 -8.229827e-17 -1.993679e-01
    outer loop
      vertex   -8.607699e-02 -3.000000e-03 1.742038e-01
      vertex   -8.638319e-02 2.776667e-02 1.757088e-01
      vertex   -8.607699e-02 2.776667e-02 1.742038e-01
    endloop
  endfacet
  facet normal -9.762960e-01 -4.985970e-17 -2.164396e-01
    outer loop
      vertex   -8.607699e-02 -3.000000e-03 1.742038e-01
      vertex   -8.607699e-02 2.776667e-02 1.742038e-01
      vertex   -8.574457e-02 -3.000000e-03 1.727043e-01
    endloop
  endfacet
  facet normal -9.762960e-01 4.403736e-16 -2.164396e-01
    outer loop
      vertex   -8.574457e-02 -3.000000e-03 1.727043e-01
      vertex   -8.607699e-02 2.776667e-02 1.742038e-01
      vertex   -8.574457e-02 2.776667e-02 1.727043e-01
    endloop
  endfacet
  facet normal -9.723699e-01 4.386027e-16 -2.334454e-01
    outer loop
      vertex   -8.574457e-02 -3.000000e-03 1.727043e-01
      vertex   -8.574457e-02 2.776667e-02 1.727043e-01
      vertex   -8.538602e-02 -3.000000e-03 1.712109e-01
    endloop
  endfacet
  facet normal -9.723699e-01 -4.386027e-16 -2.334454e-01
    outer loop
      vertex   -8.538602e-02 -3.000000e-03 1.712109e-01
      vertex   -8.574457e-02 2.776667e-02 1.727043e-01
      vertex   -8.538602e-02 2.776667e-02 1.712109e-01
    endloop
  endfacet
  facet normal -9.681476e-01 -4.366982e-16 -2.503800e-01
    outer loop
      vertex   -8.538602e-02 -3.000000e-03 1.712109e-01
      vertex   -8.538602e-02 2.776667e-02 1.712109e-01
      vertex   -8.500147e-02 -3.000000e-03 1.697239e-01
    endloop
  endfacet
  facet normal -9.681476e-01 0.000000e+00 -2.503800e-01
    outer loop
      vertex   -8.500147e-02 -3.000000e-03 1.697239e-01
      vertex   -8.538602e-02 2.776667e-02 1.712109e-01
      vertex   -8.500147e-02 2.776667e-02 1.697239e-01
    endloop
  endfacet
  facet normal -9.636305e-01 0.000000e+00 -2.672384e-01
    outer loop
      vertex   -8.500147e-02 -3.000000e-03 1.697239e-01
      vertex   -8.500147e-02 2.776667e-02 1.697239e-01
      vertex   -8.459103e-02 -3.000000e-03 1.682439e-01
    endloop
  endfacet
  facet normal -9.636305e-01 -2.410841e-16 -2.672384e-01
    outer loop
      vertex   -8.459103e-02 -3.000000e-03 1.682439e-01
      vertex   -8.500147e-02 2.776667e-02 1.697239e-01
      vertex   -8.459103e-02 2.776667e-02 1.682439e-01
    endloop
  endfacet
  facet normal -9.588197e-01 -2.562192e-16 -2.840153e-01
    outer loop
      vertex   -8.459103e-02 -3.000000e-03 1.682439e-01
      vertex   -8.459103e-02 2.776667e-02 1.682439e-01
      vertex   -8.415482e-02 -3.000000e-03 1.667713e-01
    endloop
  endfacet
  facet normal -9.588197e-01 0.000000e+00 -2.840153e-01
    outer loop
      vertex   -8.415482e-02 -3.000000e-03 1.667713e-01
      vertex   -8.459103e-02 2.776667e-02 1.682439e-01
      vertex   -8.415482e-02 2.776667e-02 1.667713e-01
    endloop
  endfacet
  facet normal -9.537170e-01 0.000000e+00 -3.007058e-01
    outer loop
      vertex   -8.415482e-02 -3.000000e-03 1.667713e-01
      vertex   -8.415482e-02 2.776667e-02 1.667713e-01
      vertex   -8.369297e-02 -3.000000e-03 1.653065e-01
    endloop
  endfacet
  facet normal -9.537170e-01 0.000000e+00 -3.007058e-01
    outer loop
      vertex   -8.369297e-02 -3.000000e-03 1.653065e-01
      vertex   -8.415482e-02 2.776667e-02 1.667713e-01
      vertex   -8.369297e-02 2.776667e-02 1.653065e-01
    endloop
  endfacet
  facet normal -9.483237e-01 0.000000e+00 -3.173047e-01
    outer loop
      vertex   -8.369297e-02 -3.000000e-03 1.653065e-01
      vertex   -8.369297e-02 2.776667e-02 1.653065e-01
      vertex   -8.320563e-02 -3.000000e-03 1.638500e-01
    endloop
  endfacet
  facet normal -9.483237e-01 -2.862505e-16 -3.173047e-01
    outer loop
      vertex   -8.320563e-02 -3.000000e-03 1.638500e-01
      vertex   -8.369297e-02 2.776667e-02 1.653065e-01
      vertex   -8.320563e-02 2.776667e-02 1.638500e-01
    endloop
  endfacet
  facet normal -9.426415e-01 -3.011376e-16 -3.338069e-01
    outer loop
      vertex   -8.320563e-02 -3.000000e-03 1.638500e-01
      vertex   -8.320563e-02 2.776667e-02 1.638500e-01
      vertex   -8.269295e-02 -3.000000e-03 1.624022e-01
    endloop
  endfacet
  facet normal -9.426415e-01 4.251932e-16 -3.338069e-01
    outer loop
      vertex   -8.269295e-02 -3.000000e-03 1.624022e-01
      vertex   -8.320563e-02 2.776667e-02 1.638500e-01
      vertex   -8.269295e-02 2.776667e-02 1.624022e-01
    endloop
  endfacet
  facet normal -9.366722e-01 4.225007e-16 -3.502074e-01
    outer loop
      vertex   -8.269295e-02 -3.000000e-03 1.624022e-01
      vertex   -8.269295e-02 2.776667e-02 1.624022e-01
      vertex   -8.215508e-02 -3.000000e-03 1.609636e-01
    endloop
  endfacet
  facet normal -9.366722e-01 0.000000e+00 -3.502074e-01
    outer loop
      vertex   -8.215508e-02 -3.000000e-03 1.609636e-01
      vertex   -8.269295e-02 2.776667e-02 1.624022e-01
      vertex   -8.215508e-02 2.776667e-02 1.609636e-01
    endloop
  endfacet
  facet normal -9.304176e-01 0.000000e+00 -3.665012e-01
    outer loop
      vertex   -8.215508e-02 -3.000000e-03 1.609636e-01
      vertex   -8.215508e-02 2.776667e-02 1.609636e-01
      vertex   -8.159218e-02 -3.000000e-03 1.595346e-01
    endloop
  endfacet
  facet normal -9.304176e-01 -6.612645e-16 -3.665012e-01
    outer loop
      vertex   -8.159218e-02 -3.000000e-03 1.595346e-01
      vertex   -8.215508e-02 2.776667e-02 1.609636e-01
      vertex   -8.159218e-02 2.776667e-02 1.595346e-01
    endloop
  endfacet
  facet normal -9.238795e-01 -6.904615e-16 -3.826834e-01
    outer loop
      vertex   -8.159218e-02 -3.000000e-03 1.595346e-01
      vertex   -8.159218e-02 2.776667e-02 1.595346e-01
      vertex   -8.100443e-02 -3.000000e-03 1.581157e-01
    endloop
  endfacet
  facet normal -9.238795e-01 0.000000e+00 -3.826834e-01
    outer loop
      vertex   -8.100443e-02 -3.000000e-03 1.581157e-01
      vertex   -8.159218e-02 2.776667e-02 1.595346e-01
      vertex   -8.100443e-02 2.776667e-02 1.581157e-01
    endloop
  endfacet
  facet normal -9.170601e-01 0.000000e+00 -3.987491e-01
    outer loop
      vertex   -8.100443e-02 -3.000000e-03 1.581157e-01
      vertex   -8.100443e-02 2.776667e-02 1.581157e-01
      vertex   -8.039200e-02 -3.000000e-03 1.567072e-01
    endloop
  endfacet
  facet normal -9.170601e-01 -4.136543e-16 -3.987491e-01
    outer loop
      vertex   -8.039200e-02 -3.000000e-03 1.567072e-01
      vertex   -8.100443e-02 2.776667e-02 1.581157e-01
      vertex   -8.039200e-02 2.776667e-02 1.567072e-01
    endloop
  endfacet
  facet normal -9.099613e-01 -4.104523e-16 -4.146932e-01
    outer loop
      vertex   -8.039200e-02 -3.000000e-03 1.567072e-01
      vertex   -8.039200e-02 2.776667e-02 1.567072e-01
      vertex   -7.975509e-02 -3.000000e-03 1.553096e-01
    endloop
  endfacet
  facet normal -9.099613e-01 4.104523e-16 -4.146932e-01
    outer loop
      vertex   -7.975509e-02 -3.000000e-03 1.553096e-01
      vertex   -8.039200e-02 2.776667e-02 1.567072e-01
      vertex   -7.975509e-02 2.776667e-02 1.553096e-01
    endloop
  endfacet
  facet normal -9.025853e-01 4.071253e-16 -4.305111e-01
    outer loop
      vertex   -7.975509e-02 -3.000000e-03 1.553096e-01
      vertex   -7.975509e-02 2.776667e-02 1.553096e-01
      vertex   -7.909388e-02 -3.000000e-03 1.539233e-01
    endloop
  endfacet
  facet normal -9.025853e-01 0.000000e+00 -4.305111e-01
    outer loop
      vertex   -7.909388e-02 -3.000000e-03 1.539233e-01
      vertex   -7.975509e-02 2.776667e-02 1.553096e-01
      vertex   -7.909388e-02 2.776667e-02 1.539233e-01
    endloop
  endfacet
  facet normal -8.949344e-01 0.000000e+00 -4.461978e-01
    outer loop
      vertex   -7.909388e-02 -3.000000e-03 1.539233e-01
      vertex   -7.909388e-02 2.776667e-02 1.539233e-01
      vertex   -7.840857e-02 -3.000000e-03 1.525488e-01
    endloop
  endfacet
  facet normal -8.949344e-01 1.145136e-18 -4.461978e-01
    outer loop
      vertex   -7.840857e-02 -3.000000e-03 1.525488e-01
      vertex   -7.909388e-02 2.776667e-02 1.539233e-01
      vertex   -7.840857e-02 2.776667e-02 1.525488e-01
    endloop
  endfacet
  facet normal -8.870108e-01 -1.645776e-17 -4.617486e-01
    outer loop
      vertex   -7.840857e-02 -3.000000e-03 1.525488e-01
      vertex   -7.840857e-02 2.776667e-02 1.525488e-01
      vertex   -7.769939e-02 -3.000000e-03 1.511865e-01
    endloop
  endfacet
  facet normal -8.870108e-01 0.000000e+00 -4.617486e-01
    outer loop
      vertex   -7.769939e-02 -3.000000e-03 1.511865e-01
      vertex   -7.840857e-02 2.776667e-02 1.525488e-01
      vertex   -7.769939e-02 2.776667e-02 1.511865e-01
    endloop
  endfacet
  facet normal -8.788171e-01 0.000000e+00 -4.771588e-01
    outer loop
      vertex   -7.769939e-02 -3.000000e-03 1.511865e-01
      vertex   -7.769939e-02 2.776667e-02 1.511865e-01
      vertex   -7.696653e-02 -3.000000e-03 1.498368e-01
    endloop
  endfacet
  facet normal -8.788171e-01 -3.405564e-17 -4.771588e-01
    outer loop
      vertex   -7.696653e-02 -3.000000e-03 1.498368e-01
      vertex   -7.769939e-02 2.776667e-02 1.511865e-01
      vertex   -7.696653e-02 2.776667e-02 1.498368e-01
    endloop
  endfacet
  facet normal -8.703557e-01 -5.164315e-17 -4.924236e-01
    outer loop
      vertex   -7.696653e-02 -3.000000e-03 1.498368e-01
      vertex   -7.696653e-02 2.776667e-02 1.498368e-01
      vertex   -7.621024e-02 -3.000000e-03 1.485000e-01
    endloop
  endfacet
  facet normal -8.703557e-01 -4.442307e-16 -4.924236e-01
    outer loop
      vertex   -7.621024e-02 -3.000000e-03 1.485000e-01
      vertex   -7.696653e-02 2.776667e-02 1.498368e-01
      vertex   -7.621024e-02 2.776667e-02 1.485000e-01
    endloop
  endfacet
  facet normal -8.616292e-01 -4.578663e-16 -5.075384e-01
    outer loop
      vertex   -7.621024e-02 -3.000000e-03 1.485000e-01
      vertex   -7.621024e-02 2.776667e-02 1.485000e-01
      vertex   -7.543072e-02 -3.000000e-03 1.471767e-01
    endloop
  endfacet
  facet normal -8.616292e-01 -6.921493e-17 -5.075384e-01
    outer loop
      vertex   -7.543072e-02 -3.000000e-03 1.471767e-01
      vertex   -7.621024e-02 2.776667e-02 1.485000e-01
      vertex   -7.543072e-02 2.776667e-02 1.471767e-01
    endloop
  endfacet
  facet normal -8.526402e-01 -8.676563e-17 -5.224986e-01
    outer loop
      vertex   -7.543072e-02 -3.000000e-03 1.471767e-01
      vertex   -7.543072e-02 2.776667e-02 1.471767e-01
      vertex   -7.462823e-02 -3.000000e-03 1.458671e-01
    endloop
  endfacet
  facet normal -8.526402e-01 -8.676563e-17 -5.224986e-01
    outer loop
      vertex   -7.462823e-02 -3.000000e-03 1.458671e-01
      vertex   -7.543072e-02 2.776667e-02 1.471767e-01
      vertex   -7.462823e-02 2.776667e-02 1.458671e-01
    endloop
  endfacet
  facet normal -8.433914e-01 -1.042899e-16 -5.372996e-01
    outer loop
      vertex   -7.462823e-02 -3.000000e-03 1.458671e-01
      vertex   -7.462823e-02 2.776667e-02 1.458671e-01
      vertex   -7.380301e-02 -3.000000e-03 1.445718e-01
    endloop
  endfacet
  facet normal -8.433914e-01 3.804249e-16 -5.372996e-01
    outer loop
      vertex   -7.380301e-02 -3.000000e-03 1.445718e-01
      vertex   -7.462823e-02 2.776667e-02 1.458671e-01
      vertex   -7.380301e-02 2.776667e-02 1.445718e-01
    endloop
  endfacet
  facet normal -8.338858e-01 3.761373e-16 -5.519370e-01
    outer loop
      vertex   -7.380301e-02 -3.000000e-03 1.445718e-01
      vertex   -7.380301e-02 2.776667e-02 1.445718e-01
      vertex   -7.295531e-02 -3.000000e-03 1.432910e-01
    endloop
  endfacet
  facet normal -8.338858e-01 -6.197021e-16 -5.519370e-01
    outer loop
      vertex   -7.295531e-02 -3.000000e-03 1.432910e-01
      vertex   -7.380301e-02 2.776667e-02 1.445718e-01
      vertex   -7.295531e-02 2.776667e-02 1.432910e-01
    endloop
  endfacet
  facet normal -8.241262e-01 -6.502106e-16 -5.664062e-01
    outer loop
      vertex   -7.295531e-02 -3.000000e-03 1.432910e-01
      vertex   -7.295531e-02 2.776667e-02 1.432910e-01
      vertex   -7.208538e-02 -3.000000e-03 1.420253e-01
    endloop
  endfacet
  facet normal -8.241262e-01 -1.392378e-16 -5.664062e-01
    outer loop
      vertex   -7.208538e-02 -3.000000e-03 1.420253e-01
      vertex   -7.295531e-02 2.776667e-02 1.432910e-01
      vertex   -7.208538e-02 2.776667e-02 1.420253e-01
    endloop
  endfacet
  facet normal -8.141155e-01 -1.566508e-16 -5.807030e-01
    outer loop
      vertex   -7.208538e-02 -3.000000e-03 1.420253e-01
      vertex   -7.208538e-02 2.776667e-02 1.420253e-01
      vertex   -7.119350e-02 -3.000000e-03 1.407749e-01
    endloop
  endfacet
  facet normal -8.141155e-01 -5.238704e-16 -5.807030e-01
    outer loop
      vertex   -7.119350e-02 -3.000000e-03 1.407749e-01
      vertex   -7.208538e-02 2.776667e-02 1.420253e-01
      vertex   -7.119350e-02 2.776667e-02 1.407749e-01
    endloop
  endfacet
  facet normal -8.038569e-01 -5.366083e-16 -5.948228e-01
    outer loop
      vertex   -7.119350e-02 -3.000000e-03 1.407749e-01
      vertex   -7.119350e-02 2.776667e-02 1.407749e-01
      vertex   -7.027992e-02 -3.000000e-03 1.395403e-01
    endloop
  endfacet
  facet normal -8.038569e-01 1.885762e-16 -5.948228e-01
    outer loop
      vertex   -7.027992e-02 -3.000000e-03 1.395403e-01
      vertex   -7.119350e-02 2.776667e-02 1.407749e-01
      vertex   -7.027992e-02 2.776667e-02 1.395403e-01
    endloop
  endfacet
  facet normal -7.933533e-01 1.665262e-16 -6.087614e-01
    outer loop
      vertex   -7.027992e-02 -3.000000e-03 1.395403e-01
      vertex   -7.027992e-02 2.776667e-02 1.395403e-01
      vertex   -6.934495e-02 -3.000000e-03 1.383218e-01
    endloop
  endfacet
  facet normal -7.933533e-01 -1.913283e-16 -6.087614e-01
    outer loop
      vertex   -6.934495e-02 -3.000000e-03 1.383218e-01
      vertex   -7.027992e-02 2.776667e-02 1.395403e-01
      vertex   -6.934495e-02 2.776667e-02 1.383218e-01
    endloop
  endfacet
  facet normal -7.826082e-01 -2.085823e-16 -6.225146e-01
    outer loop
      vertex   -6.934495e-02 -3.000000e-03 1.383218e-01
      vertex   -6.934495e-02 2.776667e-02 1.383218e-01
      vertex   -6.838884e-02 -3.000000e-03 1.371198e-01
    endloop
  endfacet
  facet normal -7.826082e-01 3.530077e-16 -6.225146e-01
    outer loop
      vertex   -6.838884e-02 -3.000000e-03 1.371198e-01
      vertex   -6.934495e-02 2.776667e-02 1.383218e-01
      vertex   -6.838884e-02 2.776667e-02 1.371198e-01
    endloop
  endfacet
  facet normal -7.716246e-01 3.480534e-16 -6.360782e-01
    outer loop
      vertex   -6.838884e-02 -3.000000e-03 1.371198e-01
      vertex   -6.838884e-02 2.776667e-02 1.371198e-01
      vertex   -6.741191e-02 -3.000000e-03 1.359347e-01
    endloop
  endfacet
  facet normal -7.716246e-01 -2.257727e-16 -6.360782e-01
    outer loop
      vertex   -6.741191e-02 -3.000000e-03 1.359347e-01
      vertex   -6.838884e-02 2.776667e-02 1.371198e-01
      vertex   -6.741191e-02 2.776667e-02 1.359347e-01
    endloop
  endfacet
  facet normal -7.604060e-01 -2.428944e-16 -6.494480e-01
    outer loop
      vertex   -6.741191e-02 -3.000000e-03 1.359347e-01
      vertex   -6.741191e-02 2.776667e-02 1.359347e-01
      vertex   -6.641444e-02 -3.000000e-03 1.347668e-01
    endloop
  endfacet
  facet normal -7.604060e-01 -2.428944e-16 -6.494480e-01
    outer loop
      vertex   -6.641444e-02 -3.000000e-03 1.347668e-01
      vertex   -6.741191e-02 2.776667e-02 1.359347e-01
      vertex   -6.641444e-02 2.776667e-02 1.347668e-01
    endloop
  endfacet
  facet normal -7.489557e-01 -2.599421e-16 -6.626200e-01
    outer loop
      vertex   -6.641444e-02 -3.000000e-03 1.347668e-01
      vertex   -6.641444e-02 2.776667e-02 1.347668e-01
      vertex   -6.539674e-02 -3.000000e-03 1.336165e-01
    endloop
  endfacet
  facet normal -7.489557e-01 3.378282e-16 -6.626200e-01
    outer loop
      vertex   -6.539674e-02 -3.000000e-03 1.336165e-01
      vertex   -6.641444e-02 2.776667e-02 1.347668e-01
      vertex   -6.539674e-02 2.776667e-02 1.336165e-01
    endloop
  endfacet
  facet normal -7.372773e-01 3.325605e-16 -6.755902e-01
    outer loop
      vertex   -6.539674e-02 -3.000000e-03 1.336165e-01
      vertex   -6.539674e-02 2.776667e-02 1.336165e-01
      vertex   -6.435913e-02 -3.000000e-03 1.324842e-01
    endloop
  endfacet
  facet normal -7.372773e-01 -3.325605e-16 -6.755902e-01
    outer loop
      vertex   -6.435913e-02 -3.000000e-03 1.324842e-01
      vertex   -6.539674e-02 2.776667e-02 1.336165e-01
      vertex   -6.435913e-02 2.776667e-02 1.324842e-01
    endloop
  endfacet
  facet normal -7.253744e-01 -3.271915e-16 -6.883546e-01
    outer loop
      vertex   -6.435913e-02 -3.000000e-03 1.324842e-01
      vertex   -6.435913e-02 2.776667e-02 1.324842e-01
      vertex   -6.330190e-02 -3.000000e-03 1.313701e-01
    endloop
  endfacet
  facet normal -7.253744e-01 -2.937948e-16 -6.883546e-01
    outer loop
      vertex   -6.330190e-02 -3.000000e-03 1.313701e-01
      vertex   -6.435913e-02 2.776667e-02 1.324842e-01
      vertex   -6.330190e-02 2.776667e-02 1.313701e-01
    endloop
  endfacet
  facet normal -7.132504e-01 -3.105894e-16 -7.009093e-01
    outer loop
      vertex   -6.330190e-02 -3.000000e-03 1.313701e-01
      vertex   -6.330190e-02 2.776667e-02 1.313701e-01
      vertex   -6.222540e-02 -3.000000e-03 1.302746e-01
    endloop
  endfacet
  facet normal -7.132504e-01 3.217228e-16 -7.009093e-01
    outer loop
      vertex   -6.222540e-02 -3.000000e-03 1.302746e-01
      vertex   -6.330190e-02 2.776667e-02 1.313701e-01
      vertex   -6.222540e-02 2.776667e-02 1.302746e-01
    endloop
  endfacet
  facet normal -7.009093e-01 3.161561e-16 -7.132504e-01
    outer loop
      vertex   -6.222540e-02 -3.000000e-03 1.302746e-01
      vertex   -6.222540e-02 2.776667e-02 1.302746e-01
      vertex   -6.112994e-02 -3.000000e-03 1.291981e-01
    endloop
  endfacet
  facet normal -7.009093e-01 4.742342e-16 -7.132504e-01
    outer loop
      vertex   -6.112994e-02 -3.000000e-03 1.291981e-01
      vertex   -6.222540e-02 2.776667e-02 1.302746e-01
      vertex   -6.112994e-02 2.776667e-02 1.291981e-01
    endloop
  endfacet
  facet normal -6.883546e-01 4.657397e-16 -7.253744e-01
    outer loop
      vertex   -6.112994e-02 -3.000000e-03 1.291981e-01
      vertex   -6.112994e-02 2.776667e-02 1.291981e-01
      vertex   -6.001586e-02 -3.000000e-03 1.281409e-01
    endloop
  endfacet
  facet normal -6.883546e-01 -1.552466e-16 -7.253744e-01
    outer loop
      vertex   -6.001586e-02 -3.000000e-03 1.281409e-01
      vertex   -6.112994e-02 2.776667e-02 1.291981e-01
      vertex   -6.001586e-02 2.776667e-02 1.281409e-01
    endloop
  endfacet
  facet normal -6.755902e-01 -1.523678e-16 -7.372773e-01
    outer loop
      vertex   -6.001586e-02 -3.000000e-03 1.281409e-01
      vertex   -6.001586e-02 2.776667e-02 1.281409e-01
      vertex   -5.888349e-02 -3.000000e-03 1.271033e-01
    endloop
  endfacet
  facet normal -6.755902e-01 -3.603855e-16 -7.372773e-01
    outer loop
      vertex   -5.888349e-02 -3.000000e-03 1.271033e-01
      vertex   -6.001586e-02 2.776667e-02 1.281409e-01
      vertex   -5.888349e-02 2.776667e-02 1.271033e-01
    endloop
  endfacet
  facet normal -6.626200e-01 -3.767713e-16 -7.489557e-01
    outer loop
      vertex   -5.888349e-02 -3.000000e-03 1.271033e-01
      vertex   -5.888349e-02 2.776667e-02 1.271033e-01
      vertex   -5.773319e-02 -3.000000e-03 1.260856e-01
    endloop
  endfacet
  facet normal -6.626200e-01 1.494426e-16 -7.489557e-01
    outer loop
      vertex   -5.773319e-02 -3.000000e-03 1.260856e-01
      vertex   -5.888349e-02 2.776667e-02 1.271033e-01
      vertex   -5.773319e-02 2.776667e-02 1.260856e-01
    endloop
  endfacet
  facet normal -6.494480e-01 1.464719e-16 -7.604060e-01
    outer loop
      vertex   -5.773319e-02 -3.000000e-03 1.260856e-01
      vertex   -5.773319e-02 2.776667e-02 1.260856e-01
      vertex   -5.656531e-02 -3.000000e-03 1.250881e-01
    endloop
  endfacet
  facet normal -6.494480e-01 2.929437e-16 -7.604060e-01
    outer loop
      vertex   -5.656531e-02 -3.000000e-03 1.250881e-01
      vertex   -5.773319e-02 2.776667e-02 1.260856e-01
      vertex   -5.656531e-02 2.776667e-02 1.250881e-01
    endloop
  endfacet
  facet normal -6.360782e-01 2.869131e-16 -7.716246e-01
    outer loop
      vertex   -5.656531e-02 -3.000000e-03 1.250881e-01
      vertex   -5.656531e-02 2.776667e-02 1.250881e-01
      vertex   -5.538019e-02 -3.000000e-03 1.241112e-01
    endloop
  endfacet
  facet normal -6.360782e-01 -6.114031e-17 -7.716246e-01
    outer loop
      vertex   -5.538019e-02 -3.000000e-03 1.241112e-01
      vertex   -5.656531e-02 2.776667e-02 1.250881e-01
      vertex   -5.538019e-02 2.776667e-02 1.241112e-01
    endloop
  endfacet
  facet normal -6.225146e-01 -7.221269e-17 -7.826082e-01
    outer loop
      vertex   -5.538019e-02 -3.000000e-03 1.241112e-01
      vertex   -5.538019e-02 2.776667e-02 1.241112e-01
      vertex   -5.417821e-02 -3.000000e-03 1.231551e-01
    endloop
  endfacet
  facet normal -6.225146e-01 -5.656179e-16 -7.826082e-01
    outer loop
      vertex   -5.417821e-02 -3.000000e-03 1.231551e-01
      vertex   -5.538019e-02 2.776667e-02 1.241112e-01
      vertex   -5.417821e-02 2.776667e-02 1.231551e-01
    endloop
  endfacet
  facet normal -6.087614e-01 -5.784132e-16 -7.933533e-01
    outer loop
      vertex   -5.417821e-02 -3.000000e-03 1.231551e-01
      vertex   -5.417821e-02 2.776667e-02 1.231551e-01
      vertex   -5.295972e-02 -3.000000e-03 1.222201e-01
    endloop
  endfacet
  facet normal -6.087614e-01 5.403262e-17 -7.933533e-01
    outer loop
      vertex   -5.295972e-02 -3.000000e-03 1.222201e-01
      vertex   -5.417821e-02 2.776667e-02 1.231551e-01
      vertex   -5.295972e-02 2.776667e-02 1.222201e-01
    endloop
  endfacet
  facet normal -5.948228e-01 3.986398e-17 -8.038569e-01
    outer loop
      vertex   -5.295972e-02 -3.000000e-03 1.222201e-01
      vertex   -5.295972e-02 2.776667e-02 1.222201e-01
      vertex   -5.172510e-02 -3.000000e-03 1.213065e-01
    endloop
  endfacet
  facet normal -5.948228e-01 3.986398e-17 -8.038569e-01
    outer loop
      vertex   -5.172510e-02 -3.000000e-03 1.213065e-01
      vertex   -5.295972e-02 2.776667e-02 1.222201e-01
      vertex   -5.172510e-02 2.776667e-02 1.213065e-01
    endloop
  endfacet
  facet normal -5.807030e-01 2.568319e-17 -8.141155e-01
    outer loop
      vertex   -5.172510e-02 -3.000000e-03 1.213065e-01
      vertex   -5.172510e-02 2.776667e-02 1.213065e-01
      vertex   -5.047473e-02 -3.000000e-03 1.204146e-01
    endloop
  endfacet
  facet normal -5.807030e-01 -2.619352e-16 -8.141155e-01
    outer loop
      vertex   -5.047473e-02 -3.000000e-03 1.204146e-01
      vertex   -5.172510e-02 2.776667e-02 1.213065e-01
      vertex   -5.047473e-02 2.776667e-02 1.204146e-01
    endloop
  endfacet
  facet normal -5.664062e-01 -2.554864e-16 -8.241262e-01
    outer loop
      vertex   -5.047473e-02 -3.000000e-03 1.204146e-01
      vertex   -5.047473e-02 2.776667e-02 1.204146e-01
      vertex   -4.920898e-02 -3.000000e-03 1.195447e-01
    endloop
  endfacet
  facet normal -5.664062e-01 -1.277432e-16 -8.241262e-01
    outer loop
      vertex   -4.920898e-02 -3.000000e-03 1.195447e-01
      vertex   -5.047473e-02 2.776667e-02 1.204146e-01
      vertex   -4.920898e-02 2.776667e-02 1.195447e-01
    endloop
  endfacet
  facet normal -5.519370e-01 -1.244799e-16 -8.338858e-01
    outer loop
      vertex   -4.920898e-02 -3.000000e-03 1.195447e-01
      vertex   -4.920898e-02 2.776667e-02 1.195447e-01
      vertex   -4.792824e-02 -3.000000e-03 1.186970e-01
    endloop
  endfacet
  facet normal -5.519370e-01 -2.697528e-18 -8.338858e-01
    outer loop
      vertex   -4.792824e-02 -3.000000e-03 1.186970e-01
      vertex   -4.920898e-02 2.776667e-02 1.195447e-01
      vertex   -4.792824e-02 2.776667e-02 1.186970e-01
    endloop
  endfacet
  facet normal -5.372996e-01 -1.688882e-17 -8.433914e-01
    outer loop
      vertex   -4.792824e-02 -3.000000e-03 1.186970e-01
      vertex   -4.792824e-02 2.776667e-02 1.186970e-01
      vertex   -4.663290e-02 -3.000000e-03 1.178718e-01
    endloop
  endfacet
  facet normal -5.372996e-01 -1.211787e-16 -8.433914e-01
    outer loop
      vertex   -4.663290e-02 -3.000000e-03 1.178718e-01
      vertex   -4.792824e-02 2.776667e-02 1.186970e-01
      vertex   -4.663290e-02 2.776667e-02 1.178718e-01
    endloop
  endfacet
  facet normal -5.224986e-01 -1.178406e-16 -8.526402e-01
    outer loop
      vertex   -4.663290e-02 -3.000000e-03 1.178718e-01
      vertex   -4.663290e-02 2.776667e-02 1.178718e-01
      vertex   -4.532335e-02 -3.000000e-03 1.170693e-01
    endloop
  endfacet
  facet normal -5.224986e-01 -6.513529e-16 -8.526402e-01
    outer loop
      vertex   -4.532335e-02 -3.000000e-03 1.170693e-01
      vertex   -4.663290e-02 2.776667e-02 1.178718e-01
      vertex   -4.532335e-02 2.776667e-02 1.170693e-01
    endloop
  endfacet
  facet normal -5.075384e-01 -6.628361e-16 -8.616292e-01
    outer loop
      vertex   -4.532335e-02 -3.000000e-03 1.170693e-01
      vertex   -4.532335e-02 2.776667e-02 1.170693e-01
      vertex   -4.400000e-02 -3.000000e-03 1.162898e-01
    endloop
  endfacet
  facet normal -5.075384e-01 -3.194364e-16 -8.616292e-01
    outer loop
      vertex   -4.400000e-02 -3.000000e-03 1.162898e-01
      vertex   -4.532335e-02 2.776667e-02 1.170693e-01
      vertex   -4.400000e-02 2.776667e-02 1.162898e-01
    endloop
  endfacet
  facet normal -4.924236e-01 -3.409444e-16 -8.703557e-01
    outer loop
      vertex   -4.400000e-02 -3.000000e-03 1.162898e-01
      vertex   -4.400000e-02 2.776667e-02 1.162898e-01
      vertex   -4.266325e-02 -3.000000e-03 1.155335e-01
    endloop
  endfacet
  facet normal -4.924236e-01 3.331731e-16 -8.703557e-01
    outer loop
      vertex   -4.266325e-02 -3.000000e-03 1.155335e-01
      vertex   -4.400000e-02 2.776667e-02 1.162898e-01
      vertex   -4.266325e-02 2.776667e-02 1.155335e-01
    endloop
  endfacet
  facet normal -4.771588e-01 3.228449e-16 -8.788171e-01
    outer loop
      vertex   -4.266325e-02 -3.000000e-03 1.155335e-01
      vertex   -4.266325e-02 2.776667e-02 1.155335e-01
      vertex   -4.131350e-02 -3.000000e-03 1.148006e-01
    endloop
  endfacet
  facet normal -4.771588e-01 -7.355933e-17 -8.788171e-01
    outer loop
      vertex   -4.131350e-02 -3.000000e-03 1.148006e-01
      vertex   -4.266325e-02 2.776667e-02 1.155335e-01
      vertex   -4.131350e-02 2.776667e-02 1.148006e-01
    endloop
  endfacet
  facet normal -4.617486e-01 -8.768172e-17 -8.870108e-01
    outer loop
      vertex   -4.131350e-02 -3.000000e-03 1.148006e-01
      vertex   -4.131350e-02 2.776667e-02 1.148006e-01
      vertex   -3.995116e-02 -3.000000e-03 1.140914e-01
    endloop
  endfacet
  facet normal -4.617486e-01 -1.918212e-16 -8.870108e-01
    outer loop
      vertex   -3.995116e-02 -3.000000e-03 1.140914e-01
      vertex   -4.131350e-02 2.776667e-02 1.148006e-01
      vertex   -3.995116e-02 2.776667e-02 1.140914e-01
    endloop
  endfacet
  facet normal -4.461978e-01 -2.024097e-16 -8.949344e-01
    outer loop
      vertex   -3.995116e-02 -3.000000e-03 1.140914e-01
      vertex   -3.995116e-02 2.776667e-02 1.140914e-01
      vertex   -3.857666e-02 -3.000000e-03 1.134061e-01
    endloop
  endfacet
  facet normal -4.461978e-01 3.018968e-16 -8.949344e-01
    outer loop
      vertex   -3.857666e-02 -3.000000e-03 1.134061e-01
      vertex   -3.995116e-02 2.776667e-02 1.140914e-01
      vertex   -3.857666e-02 2.776667e-02 1.134061e-01
    endloop
  endfacet
  facet normal -4.305111e-01 2.912832e-16 -9.025853e-01
    outer loop
      vertex   -3.857666e-02 -3.000000e-03 1.134061e-01
      vertex   -3.857666e-02 2.776667e-02 1.134061e-01
      vertex   -3.719041e-02 -3.000000e-03 1.127449e-01
    endloop
  endfacet
  facet normal -4.305111e-01 2.912832e-16 -9.025853e-01
    outer loop
      vertex   -3.719041e-02 -3.000000e-03 1.127449e-01
      vertex   -3.857666e-02 2.776667e-02 1.134061e-01
      vertex   -3.719041e-02 2.776667e-02 1.127449e-01
    endloop
  endfacet
  facet normal -4.146932e-01 2.805808e-16 -9.099613e-01
    outer loop
      vertex   -3.719041e-02 -3.000000e-03 1.127449e-01
      vertex   -3.719041e-02 2.776667e-02 1.127449e-01
      vertex   -3.579282e-02 -3.000000e-03 1.121080e-01
    endloop
  endfacet
  facet normal -4.146932e-01 1.298715e-16 -9.099613e-01
    outer loop
      vertex   -3.579282e-02 -3.000000e-03 1.121080e-01
      vertex   -3.719041e-02 2.776667e-02 1.127449e-01
      vertex   -3.579282e-02 2.776667e-02 1.121080e-01
    endloop
  endfacet
  facet normal -3.987491e-01 1.438613e-16 -9.170601e-01
    outer loop
      vertex   -3.579282e-02 -3.000000e-03 1.121080e-01
      vertex   -3.579282e-02 2.776667e-02 1.121080e-01
      vertex   -3.438434e-02 -3.000000e-03 1.114956e-01
    endloop
  endfacet
  facet normal -3.987491e-01 0.000000e+00 -9.170601e-01
    outer loop
      vertex   -3.438434e-02 -3.000000e-03 1.114956e-01
      vertex   -3.579282e-02 2.776667e-02 1.121080e-01
      vertex   -3.438434e-02 2.776667e-02 1.114956e-01
    endloop
  endfacet
  facet normal -3.826834e-01 0.000000e+00 -9.238795e-01
    outer loop
      vertex   -3.438434e-02 -3.000000e-03 1.114956e-01
      vertex   -3.438434e-02 2.776667e-02 1.114956e-01
      vertex   -3.296538e-02 -3.000000e-03 1.109078e-01
    endloop
  endfacet
  facet normal -3.826834e-01 0.000000e+00 -9.238795e-01
    outer loop
      vertex   -3.296538e-02 -3.000000e-03 1.109078e-01
      vertex   -3.438434e-02 2.776667e-02 1.114956e-01
      vertex   -3.296538e-02 2.776667e-02 1.109078e-01
    endloop
  endfacet
  facet normal -3.665012e-01 0.000000e+00 -9.304176e-01
    outer loop
      vertex   -3.296538e-02 -3.000000e-03 1.109078e-01
      vertex   -3.296538e-02 2.776667e-02 1.109078e-01
      vertex   -3.153638e-02 -3.000000e-03 1.103449e-01
    endloop
  endfacet
  facet normal -3.665012e-01 2.479742e-16 -9.304176e-01
    outer loop
      vertex   -3.153638e-02 -3.000000e-03 1.103449e-01
      vertex   -3.296538e-02 2.776667e-02 1.109078e-01
      vertex   -3.153638e-02 2.776667e-02 1.103449e-01
    endloop
  endfacet
  facet normal -3.502074e-01 2.369498e-16 -9.366722e-01
    outer loop
      vertex   -3.153638e-02 -3.000000e-03 1.103449e-01
      vertex   -3.153638e-02 2.776667e-02 1.103449e-01
      vertex   -3.009777e-02 -3.000000e-03 1.098071e-01
    endloop
  endfacet
  facet normal -3.502074e-01 7.898327e-17 -9.366722e-01
    outer loop
      vertex   -3.009777e-02 -3.000000e-03 1.098071e-01
      vertex   -3.153638e-02 2.776667e-02 1.103449e-01
      vertex   -3.009777e-02 2.776667e-02 1.098071e-01
    endloop
  endfacet
  facet normal -3.338069e-01 7.528441e-17 -9.426415e-01
    outer loop
      vertex   -3.009777e-02 -3.000000e-03 1.098071e-01
      vertex   -3.009777e-02 2.776667e-02 1.098071e-01
      vertex   -2.865000e-02 -3.000000e-03 1.092944e-01
    endloop
  endfacet
  facet normal -3.338069e-01 0.000000e+00 -9.426415e-01
    outer loop
      vertex   -2.865000e-02 -3.000000e-03 1.092944e-01
      vertex   -3.009777e-02 2.776667e-02 1.098071e-01
      vertex   -2.865000e-02 2.776667e-02 1.092944e-01
    endloop
  endfacet
  facet normal -3.173047e-01 0.000000e+00 -9.483237e-01
    outer loop
      vertex   -2.865000e-02 -3.000000e-03 1.092944e-01
      vertex   -2.865000e-02 2.776667e-02 1.092944e-01
      vertex   -2.719350e-02 -3.000000e-03 1.088070e-01
    endloop
  endfacet
  facet normal -3.173047e-01 0.000000e+00 -9.483237e-01
    outer loop
      vertex   -2.719350e-02 -3.000000e-03 1.088070e-01
      vertex   -2.865000e-02 2.776667e-02 1.092944e-01
      vertex   -2.719350e-02 2.776667e-02 1.088070e-01
    endloop
  endfacet
  facet normal -3.007058e-01 0.000000e+00 -9.537170e-01
    outer loop
      vertex   -2.719350e-02 -3.000000e-03 1.088070e-01
      vertex   -2.719350e-02 2.776667e-02 1.088070e-01
      vertex   -2.572871e-02 -3.000000e-03 1.083452e-01
    endloop
  endfacet
  facet normal -3.007058e-01 -1.928224e-16 -9.537170e-01
    outer loop
      vertex   -2.572871e-02 -3.000000e-03 1.083452e-01
      vertex   -2.719350e-02 2.776667e-02 1.088070e-01
      vertex   -2.572871e-02 2.776667e-02 1.083452e-01
    endloop
  endfacet
  facet normal -2.840153e-01 -2.082989e-16 -9.588197e-01
    outer loop
      vertex   -2.572871e-02 -3.000000e-03 1.083452e-01
      vertex   -2.572871e-02 2.776667e-02 1.083452e-01
      vertex   -2.425609e-02 -3.000000e-03 1.079090e-01
    endloop
  endfacet
  facet normal -2.840153e-01 3.202739e-17 -9.588197e-01
    outer loop
      vertex   -2.425609e-02 -3.000000e-03 1.079090e-01
      vertex   -2.572871e-02 2.776667e-02 1.083452e-01
      vertex   -2.425609e-02 2.776667e-02 1.079090e-01
    endloop
  endfacet
  facet normal -2.672384e-01 3.013552e-17 -9.636305e-01
    outer loop
      vertex   -2.425609e-02 -3.000000e-03 1.079090e-01
      vertex   -2.425609e-02 2.776667e-02 1.079090e-01
      vertex   -2.277608e-02 -3.000000e-03 1.074985e-01
    endloop
  endfacet
  facet normal -2.672384e-01 0.000000e+00 -9.636305e-01
    outer loop
      vertex   -2.277608e-02 -3.000000e-03 1.074985e-01
      vertex   -2.425609e-02 2.776667e-02 1.079090e-01
      vertex   -2.277608e-02 2.776667e-02 1.074985e-01
    endloop
  endfacet
  facet normal -2.503800e-01 0.000000e+00 -9.681476e-01
    outer loop
      vertex   -2.277608e-02 -3.000000e-03 1.074985e-01
      vertex   -2.277608e-02 2.776667e-02 1.074985e-01
      vertex   -2.128913e-02 -3.000000e-03 1.071140e-01
    endloop
  endfacet
  facet normal -2.503800e-01 0.000000e+00 -9.681476e-01
    outer loop
      vertex   -2.128913e-02 -3.000000e-03 1.071140e-01
      vertex   -2.277608e-02 2.776667e-02 1.074985e-01
      vertex   -2.128913e-02 2.776667e-02 1.071140e-01
    endloop
  endfacet
  facet normal -2.334454e-01 0.000000e+00 -9.723699e-01
    outer loop
      vertex   -2.128913e-02 -3.000000e-03 1.071140e-01
      vertex   -2.128913e-02 2.776667e-02 1.071140e-01
      vertex   -1.979569e-02 -3.000000e-03 1.067554e-01
    endloop
  endfacet
  facet normal -2.334454e-01 0.000000e+00 -9.723699e-01
    outer loop
      vertex   -1.979569e-02 -3.000000e-03 1.067554e-01
      vertex   -2.128913e-02 2.776667e-02 1.071140e-01
      vertex   -1.979569e-02 2.776667e-02 1.067554e-01
    endloop
  endfacet
  facet normal -2.164396e-01 0.000000e+00 -9.762960e-01
    outer loop
      vertex   -1.979569e-02 -3.000000e-03 1.067554e-01
      vertex   -1.979569e-02 2.776667e-02 1.067554e-01
      vertex   -1.829623e-02 -3.000000e-03 1.064230e-01
    endloop
  endfacet
  facet normal -2.164396e-01 1.220356e-16 -9.762960e-01
    outer loop
      vertex   -1.829623e-02 -3.000000e-03 1.064230e-01
      vertex   -1.979569e-02 2.776667e-02 1.067554e-01
      vertex   -1.829623e-02 2.776667e-02 1.064230e-01
    endloop
  endfacet
  facet normal -1.993679e-01 1.124100e-16 -9.799247e-01
    outer loop
      vertex   -1.829623e-02 -3.000000e-03 1.064230e-01
      vertex   -1.829623e-02 2.776667e-02 1.064230e-01
      vertex   -1.679119e-02 -3.000000e-03 1.061168e-01
    endloop
  endfacet
  facet normal -1.993679e-01 0.000000e+00 -9.799247e-01
    outer loop
      vertex   -1.679119e-02 -3.000000e-03 1.061168e-01
      vertex   -1.829623e-02 2.776667e-02 1.064230e-01
      vertex   -1.679119e-02 2.776667e-02 1.061168e-01
    endloop
  endfacet
  facet normal -1.822355e-01 0.000000e+00 -9.832549e-01
    outer loop
      vertex   -1.679119e-02 -3.000000e-03 1.061168e-01
      vertex   -1.679119e-02 2.776667e-02 1.061168e-01
      vertex   -1.528104e-02 -3.000000e-03 1.058369e-01
    endloop
  endfacet
  facet normal -1.822355e-01 2.055005e-17 -9.832549e-01
    outer loop
      vertex   -1.528104e-02 -3.000000e-03 1.058369e-01
      vertex   -1.679119e-02 2.776667e-02 1.061168e-01
      vertex   -1.528104e-02 2.776667e-02 1.058369e-01
    endloop
  endfacet
  facet normal -1.650476e-01 1.861183e-17 -9.862856e-01
    outer loop
      vertex   -1.528104e-02 -3.000000e-03 1.058369e-01
      vertex   -1.528104e-02 2.776667e-02 1.058369e-01
      vertex   -1.376623e-02 -3.000000e-03 1.055834e-01
    endloop
  endfacet
  facet normal -1.650476e-01 0.000000e+00 -9.862856e-01
    outer loop
      vertex   -1.376623e-02 -3.000000e-03 1.055834e-01
      vertex   -1.528104e-02 2.776667e-02 1.058369e-01
      vertex   -1.376623e-02 2.776667e-02 1.055834e-01
    endloop
  endfacet
  facet normal -1.478094e-01 0.000000e+00 -9.890159e-01
    outer loop
      vertex   -1.376623e-02 -3.000000e-03 1.055834e-01
      vertex   -1.376623e-02 2.776667e-02 1.055834e-01
      vertex   -1.224723e-02 -3.000000e-03 1.053564e-01
    endloop
  endfacet
  facet normal -1.478094e-01 1.083416e-16 -9.890159e-01
    outer loop
      vertex   -1.224723e-02 -3.000000e-03 1.053564e-01
      vertex   -1.376623e-02 2.776667e-02 1.055834e-01
      vertex   -1.224723e-02 2.776667e-02 1.053564e-01
    endloop
  endfacet
  facet normal -1.305262e-01 9.567332e-17 -9.914449e-01
    outer loop
      vertex   -1.224723e-02 -3.000000e-03 1.053564e-01
      vertex   -1.224723e-02 2.776667e-02 1.053564e-01
      vertex   -1.072450e-02 -3.000000e-03 1.051559e-01
    endloop
  endfacet
  facet normal -1.305262e-01 7.359486e-18 -9.914449e-01
    outer loop
      vertex   -1.072450e-02 -3.000000e-03 1.051559e-01
      vertex   -1.224723e-02 2.776667e-02 1.053564e-01
      vertex   -1.072450e-02 2.776667e-02 1.051559e-01
    endloop
  endfacet
  facet normal -1.132032e-01 6.382761e-18 -9.935719e-01
    outer loop
      vertex   -1.072450e-02 -3.000000e-03 1.051559e-01
      vertex   -1.072450e-02 2.776667e-02 1.051559e-01
      vertex   -9.198505e-03 -3.000000e-03 1.049821e-01
    endloop
  endfacet
  facet normal -1.132032e-01 1.276552e-17 -9.935719e-01
    outer loop
      vertex   -9.198505e-03 -3.000000e-03 1.049821e-01
      vertex   -1.072450e-02 2.776667e-02 1.051559e-01
      vertex   -9.198505e-03 2.776667e-02 1.049821e-01
    endloop
  endfacet
  facet normal -9.584575e-02 1.080818e-17 -9.953962e-01
    outer loop
      vertex   -9.198505e-03 -3.000000e-03 1.049821e-01
      vertex   -9.198505e-03 2.776667e-02 1.049821e-01
      vertex   -7.669705e-03 -3.000000e-03 1.048349e-01
    endloop
  endfacet
  facet normal -9.584575e-02 2.702046e-18 -9.953962e-01
    outer loop
      vertex   -7.669705e-03 -3.000000e-03 1.048349e-01
      vertex   -9.198505e-03 2.776667e-02 1.049821e-01
      vertex   -7.669705e-03 2.776667e-02 1.048349e-01
    endloop
  endfacet
  facet normal -7.845910e-02 2.211888e-18 -9.969173e-01
    outer loop
      vertex   -7.669705e-03 -3.000000e-03 1.048349e-01
      vertex   -7.669705e-03 2.776667e-02 1.048349e-01
      vertex   -6.138570e-03 -3.000000e-03 1.047144e-01
    endloop
  endfacet
  facet normal -7.845910e-02 6.635664e-18 -9.969173e-01
    outer loop
      vertex   -6.138570e-03 -3.000000e-03 1.047144e-01
      vertex   -7.669705e-03 2.776667e-02 1.048349e-01
      vertex   -6.138570e-03 2.776667e-02 1.047144e-01
    endloop
  endfacet
  facet normal -6.104854e-02 5.163169e-18 -9.981348e-01
    outer loop
      vertex   -6.138570e-03 -3.000000e-03 1.047144e-01
      vertex   -6.138570e-03 2.776667e-02 1.047144e-01
      vertex   -4.605564e-03 -3.000000e-03 1.046206e-01
    endloop
  endfacet
  facet normal -6.104854e-02 4.130535e-17 -9.981348e-01
    outer loop
      vertex   -4.605564e-03 -3.000000e-03 1.046206e-01
      vertex   -6.138570e-03 2.776667e-02 1.047144e-01
      vertex   -4.605564e-03 2.776667e-02 1.046206e-01
    endloop
  endfacet
  facet normal -4.361939e-02 2.951281e-17 -9.990482e-01
    outer loop
      vertex   -4.605564e-03 -3.000000e-03 1.046206e-01
      vertex   -4.605564e-03 2.776667e-02 1.046206e-01
      vertex   -3.071156e-03 -3.000000e-03 1.045536e-01
    endloop
  endfacet
  facet normal -4.361939e-02 3.689102e-18 -9.990482e-01
    outer loop
      vertex   -3.071156e-03 -3.000000e-03 1.045536e-01
      vertex   -4.605564e-03 2.776667e-02 1.046206e-01
      vertex   -3.071156e-03 2.776667e-02 1.045536e-01
    endloop
  endfacet
  facet normal -2.617695e-02 2.213911e-18 -9.996573e-01
    outer loop
      vertex   -3.071156e-03 -3.000000e-03 1.045536e-01
      vertex   -3.071156e-03 2.776667e-02 1.045536e-01
      vertex   -1.535812e-03 -3.000000e-03 1.045134e-01
    endloop
  endfacet
  facet normal -2.617695e-02 1.475940e-18 -9.996573e-01
    outer loop
      vertex   -1.535812e-03 -3.000000e-03 1.045134e-01
      vertex   -3.071156e-03 2.776667e-02 1.045536e-01
      vertex   -1.535812e-03 2.776667e-02 1.045134e-01
    endloop
  endfacet
  facet normal -8.726535e-03 4.920301e-19 -9.999619e-01
    outer loop
      vertex   -1.535812e-03 -3.000000e-03 1.045134e-01
      vertex   -1.535812e-03 2.776667e-02 1.045134e-01
      vertex   -1.616534e-17 -3.000000e-03 1.045000e-01
    endloop
  endfacet
  facet normal -8.726535e-03 5.712028e-19 -9.999619e-01
    outer loop
      vertex   -1.616534e-17 -3.000000e-03 1.045000e-01
      vertex   -1.535812e-03 2.776667e-02 1.045134e-01
      vertex   -1.415148e-17 2.776667e-02 1.045000e-01
    endloop
  endfacet
  facet normal 8.726535e-03 -5.712028e-19 -9.999619e-01
    outer loop
      vertex   -1.616534e-17 -3.000000e-03 1.045000e-01
      vertex   -1.415148e-17 2.776667e-02 1.045000e-01
      vertex   1.535812e-03 -3.000000e-03 1.045134e-01
    endloop
  endfacet
  facet normal 8.726535e-03 -6.150376e-18 -9.999619e-01
    outer loop
      vertex   1.535812e-03 -3.000000e-03 1.045134e-01
      vertex   -1.415148e-17 2.776667e-02 1.045000e-01
      vertex   1.535812e-03 2.776667e-02 1.045134e-01
    endloop
  endfacet
  facet normal 2.617695e-02 -1.844926e-17 -9.996573e-01
    outer loop
      vertex   1.535812e-03 -3.000000e-03 1.045134e-01
      vertex   1.535812e-03 2.776667e-02 1.045134e-01
      vertex   3.071156e-03 -3.000000e-03 1.045536e-01
    endloop
  endfacet
  facet normal 2.617695e-02 -1.106955e-18 -9.996573e-01
    outer loop
      vertex   3.071156e-03 -3.000000e-03 1.045536e-01
      vertex   1.535812e-03 2.776667e-02 1.045134e-01
      vertex   3.071156e-03 2.776667e-02 1.045536e-01
    endloop
  endfacet
  facet normal 4.361939e-02 -1.844551e-18 -9.990482e-01
    outer loop
      vertex   3.071156e-03 -3.000000e-03 1.045536e-01
      vertex   3.071156e-03 2.776667e-02 1.045536e-01
      vertex   4.605564e-03 -3.000000e-03 1.046206e-01
    endloop
  endfacet
  facet normal 4.361939e-02 -2.459401e-18 -9.990482e-01
    outer loop
      vertex   4.605564e-03 -3.000000e-03 1.046206e-01
      vertex   3.071156e-03 2.776667e-02 1.045536e-01
      vertex   4.605564e-03 2.776667e-02 1.046206e-01
    endloop
  endfacet
  facet normal 6.104854e-02 -3.442113e-18 -9.981348e-01
    outer loop
      vertex   4.605564e-03 -3.000000e-03 1.046206e-01
      vertex   4.605564e-03 2.776667e-02 1.046206e-01
      vertex   6.138570e-03 -3.000000e-03 1.047144e-01
    endloop
  endfacet
  facet normal 6.104854e-02 8.987277e-16 -9.981348e-01
    outer loop
      vertex   6.138570e-03 -3.000000e-03 1.047144e-01
      vertex   4.605564e-03 2.776667e-02 1.046206e-01
      vertex   6.138570e-03 2.776667e-02 1.047144e-01
    endloop
  endfacet
  facet normal 7.845910e-02 8.971385e-16 -9.969173e-01
    outer loop
      vertex   6.138570e-03 -3.000000e-03 1.047144e-01
      vertex   6.138570e-03 2.776667e-02 1.047144e-01
      vertex   7.669705e-03 -3.000000e-03 1.048349e-01
    endloop
  endfacet
  facet normal 7.845910e-02 -4.423776e-18 -9.969173e-01
    outer loop
      vertex   7.669705e-03 -3.000000e-03 1.048349e-01
      vertex   6.138570e-03 2.776667e-02 1.047144e-01
      vertex   7.669705e-03 2.776667e-02 1.048349e-01
    endloop
  endfacet
  facet normal 9.584575e-02 -5.404091e-18 -9.953962e-01
    outer loop
      vertex   7.669705e-03 -3.000000e-03 1.048349e-01
      vertex   7.669705e-03 2.776667e-02 1.048349e-01
      vertex   9.198505e-03 -3.000000e-03 1.049821e-01
    endloop
  endfacet
  facet normal 9.584575e-02 -7.025319e-17 -9.953962e-01
    outer loop
      vertex   9.198505e-03 -3.000000e-03 1.049821e-01
      vertex   7.669705e-03 2.776667e-02 1.048349e-01
      vertex   9.198505e-03 2.776667e-02 1.049821e-01
    endloop
  endfacet
  facet normal 1.132032e-01 -8.297589e-17 -9.935719e-01
    outer loop
      vertex   9.198505e-03 -3.000000e-03 1.049821e-01
      vertex   9.198505e-03 2.776667e-02 1.049821e-01
      vertex   1.072450e-02 -3.000000e-03 1.051559e-01
    endloop
  endfacet
  facet normal 1.132032e-01 -6.382761e-18 -9.935719e-01
    outer loop
      vertex   1.072450e-02 -3.000000e-03 1.051559e-01
      vertex   9.198505e-03 2.776667e-02 1.049821e-01
      vertex   1.072450e-02 2.776667e-02 1.051559e-01
    endloop
  endfacet
  facet normal 1.305262e-01 -7.359486e-18 -9.914449e-01
    outer loop
      vertex   1.072450e-02 -3.000000e-03 1.051559e-01
      vertex   1.072450e-02 2.776667e-02 1.051559e-01
      vertex   1.224723e-02 -3.000000e-03 1.053564e-01
    endloop
  endfacet
  facet normal 1.305262e-01 0.000000e+00 -9.914449e-01
    outer loop
      vertex   1.224723e-02 -3.000000e-03 1.053564e-01
      vertex   1.072450e-02 2.776667e-02 1.051559e-01
      vertex   1.224723e-02 2.776667e-02 1.053564e-01
    endloop
  endfacet
  facet normal 1.478094e-01 0.000000e+00 -9.890159e-01
    outer loop
      vertex   1.224723e-02 -3.000000e-03 1.053564e-01
      vertex   1.224723e-02 2.776667e-02 1.053564e-01
      vertex   1.376623e-02 -3.000000e-03 1.055834e-01
    endloop
  endfacet
  facet normal 1.478094e-01 -8.333969e-18 -9.890159e-01
    outer loop
      vertex   1.376623e-02 -3.000000e-03 1.055834e-01
      vertex   1.224723e-02 2.776667e-02 1.053564e-01
      vertex   1.376623e-02 2.776667e-02 1.055834e-01
    endloop
  endfacet
  facet normal 1.650476e-01 -9.305914e-18 -9.862856e-01
    outer loop
      vertex   1.376623e-02 -3.000000e-03 1.055834e-01
      vertex   1.376623e-02 2.776667e-02 1.055834e-01
      vertex   1.528104e-02 -3.000000e-03 1.058369e-01
    endloop
  endfacet
  facet normal 1.650476e-01 -1.209769e-16 -9.862856e-01
    outer loop
      vertex   1.528104e-02 -3.000000e-03 1.058369e-01
      vertex   1.376623e-02 2.776667e-02 1.055834e-01
      vertex   1.528104e-02 2.776667e-02 1.058369e-01
    endloop
  endfacet
  facet normal 1.822355e-01 -1.335753e-16 -9.832549e-01
    outer loop
      vertex   1.528104e-02 -3.000000e-03 1.058369e-01
      vertex   1.528104e-02 2.776667e-02 1.058369e-01
      vertex   1.679119e-02 -3.000000e-03 1.061168e-01
    endloop
  endfacet
  facet normal 1.822355e-01 0.000000e+00 -9.832549e-01
    outer loop
      vertex   1.679119e-02 -3.000000e-03 1.061168e-01
      vertex   1.528104e-02 2.776667e-02 1.058369e-01
      vertex   1.679119e-02 2.776667e-02 1.061168e-01
    endloop
  endfacet
  facet normal 1.993679e-01 0.000000e+00 -9.799247e-01
    outer loop
      vertex   1.679119e-02 -3.000000e-03 1.061168e-01
      vertex   1.679119e-02 2.776667e-02 1.061168e-01
      vertex   1.829623e-02 -3.000000e-03 1.064230e-01
    endloop
  endfacet
  facet normal 1.993679e-01 -2.248201e-17 -9.799247e-01
    outer loop
      vertex   1.829623e-02 -3.000000e-03 1.064230e-01
      vertex   1.679119e-02 2.776667e-02 1.061168e-01
      vertex   1.829623e-02 2.776667e-02 1.064230e-01
    endloop
  endfacet
  facet normal 2.164396e-01 -2.440712e-17 -9.762960e-01
    outer loop
      vertex   1.829623e-02 -3.000000e-03 1.064230e-01
      vertex   1.829623e-02 2.776667e-02 1.064230e-01
      vertex   1.979569e-02 -3.000000e-03 1.067554e-01
    endloop
  endfacet
  facet normal 2.164396e-01 0.000000e+00 -9.762960e-01
    outer loop
      vertex   1.979569e-02 -3.000000e-03 1.067554e-01
      vertex   1.829623e-02 2.776667e-02 1.064230e-01
      vertex   1.979569e-02 2.776667e-02 1.067554e-01
    endloop
  endfacet
  facet normal 2.334454e-01 0.000000e+00 -9.723699e-01
    outer loop
      vertex   1.979569e-02 -3.000000e-03 1.067554e-01
      vertex   1.979569e-02 2.776667e-02 1.067554e-01
      vertex   2.128913e-02 -3.000000e-03 1.071140e-01
    endloop
  endfacet
  facet normal 2.334454e-01 0.000000e+00 -9.723699e-01
    outer loop
      vertex   2.128913e-02 -3.000000e-03 1.071140e-01
      vertex   1.979569e-02 2.776667e-02 1.067554e-01
      vertex   2.128913e-02 2.776667e-02 1.071140e-01
    endloop
  endfacet
  facet normal 2.503800e-01 0.000000e+00 -9.681476e-01
    outer loop
      vertex   2.128913e-02 -3.000000e-03 1.071140e-01
      vertex   2.128913e-02 2.776667e-02 1.071140e-01
      vertex   2.277608e-02 -3.000000e-03 1.074985e-01
    endloop
  endfacet
  facet normal 2.503800e-01 2.672914e-16 -9.681476e-01
    outer loop
      vertex   2.277608e-02 -3.000000e-03 1.074985e-01
      vertex   2.128913e-02 2.776667e-02 1.071140e-01
      vertex   2.277608e-02 2.776667e-02 1.074985e-01
    endloop
  endfacet
  facet normal 2.672384e-01 2.538475e-16 -9.636305e-01
    outer loop
      vertex   2.277608e-02 -3.000000e-03 1.074985e-01
      vertex   2.277608e-02 2.776667e-02 1.074985e-01
      vertex   2.425609e-02 -3.000000e-03 1.079090e-01
    endloop
  endfacet
  facet normal 2.672384e-01 0.000000e+00 -9.636305e-01
    outer loop
      vertex   2.425609e-02 -3.000000e-03 1.079090e-01
      vertex   2.277608e-02 2.776667e-02 1.074985e-01
      vertex   2.425609e-02 2.776667e-02 1.079090e-01
    endloop
  endfacet
  facet normal 2.840153e-01 0.000000e+00 -9.588197e-01
    outer loop
      vertex   2.425609e-02 -3.000000e-03 1.079090e-01
      vertex   2.425609e-02 2.776667e-02 1.079090e-01
      vertex   2.572871e-02 -3.000000e-03 1.083452e-01
    endloop
  endfacet
  facet normal 2.840153e-01 -3.202739e-17 -9.588197e-01
    outer loop
      vertex   2.572871e-02 -3.000000e-03 1.083452e-01
      vertex   2.425609e-02 2.776667e-02 1.079090e-01
      vertex   2.572871e-02 2.776667e-02 1.083452e-01
    endloop
  endfacet
  facet normal 3.007058e-01 -3.390952e-17 -9.537170e-01
    outer loop
      vertex   2.572871e-02 -3.000000e-03 1.083452e-01
      vertex   2.572871e-02 2.776667e-02 1.083452e-01
      vertex   2.719350e-02 -3.000000e-03 1.088070e-01
    endloop
  endfacet
  facet normal 3.007058e-01 -3.390952e-17 -9.537170e-01
    outer loop
      vertex   2.719350e-02 -3.000000e-03 1.088070e-01
      vertex   2.572871e-02 2.776667e-02 1.083452e-01
      vertex   2.719350e-02 2.776667e-02 1.088070e-01
    endloop
  endfacet
  facet normal 3.173047e-01 -3.578131e-17 -9.483237e-01
    outer loop
      vertex   2.719350e-02 -3.000000e-03 1.088070e-01
      vertex   2.719350e-02 2.776667e-02 1.088070e-01
      vertex   2.865000e-02 -3.000000e-03 1.092944e-01
    endloop
  endfacet
  facet normal 3.173047e-01 -1.789066e-16 -9.483237e-01
    outer loop
      vertex   2.865000e-02 -3.000000e-03 1.092944e-01
      vertex   2.719350e-02 2.776667e-02 1.088070e-01
      vertex   2.865000e-02 2.776667e-02 1.092944e-01
    endloop
  endfacet
  facet normal 3.338069e-01 -1.882110e-16 -9.426415e-01
    outer loop
      vertex   2.865000e-02 -3.000000e-03 1.092944e-01
      vertex   2.865000e-02 2.776667e-02 1.092944e-01
      vertex   3.009777e-02 -3.000000e-03 1.098071e-01
    endloop
  endfacet
  facet normal 3.338069e-01 -3.764221e-17 -9.426415e-01
    outer loop
      vertex   3.009777e-02 -3.000000e-03 1.098071e-01
      vertex   2.865000e-02 2.776667e-02 1.092944e-01
      vertex   3.009777e-02 2.776667e-02 1.098071e-01
    endloop
  endfacet
  facet normal 3.502074e-01 -3.949163e-17 -9.366722e-01
    outer loop
      vertex   3.009777e-02 -3.000000e-03 1.098071e-01
      vertex   3.009777e-02 2.776667e-02 1.098071e-01
      vertex   3.153638e-02 -3.000000e-03 1.103449e-01
    endloop
  endfacet
  facet normal 3.502074e-01 2.369498e-16 -9.366722e-01
    outer loop
      vertex   3.153638e-02 -3.000000e-03 1.103449e-01
      vertex   3.009777e-02 2.776667e-02 1.098071e-01
      vertex   3.153638e-02 2.776667e-02 1.103449e-01
    endloop
  endfacet
  facet normal 3.665012e-01 2.479742e-16 -9.304176e-01
    outer loop
      vertex   3.153638e-02 -3.000000e-03 1.103449e-01
      vertex   3.153638e-02 2.776667e-02 1.103449e-01
      vertex   3.296538e-02 -3.000000e-03 1.109078e-01
    endloop
  endfacet
  facet normal 3.665012e-01 0.000000e+00 -9.304176e-01
    outer loop
      vertex   3.296538e-02 -3.000000e-03 1.109078e-01
      vertex   3.153638e-02 2.776667e-02 1.103449e-01
      vertex   3.296538e-02 2.776667e-02 1.109078e-01
    endloop
  endfacet
  facet normal 3.826834e-01 0.000000e+00 -9.238795e-01
    outer loop
      vertex   3.296538e-02 -3.000000e-03 1.109078e-01
      vertex   3.296538e-02 2.776667e-02 1.109078e-01
      vertex   3.438434e-02 -3.000000e-03 1.114956e-01
    endloop
  endfacet
  facet normal 3.826834e-01 0.000000e+00 -9.238795e-01
    outer loop
      vertex   3.438434e-02 -3.000000e-03 1.114956e-01
      vertex   3.296538e-02 2.776667e-02 1.109078e-01
      vertex   3.438434e-02 2.776667e-02 1.114956e-01
    endloop
  endfacet
  facet normal 3.987491e-01 0.000000e+00 -9.170601e-01
    outer loop
      vertex   3.438434e-02 -3.000000e-03 1.114956e-01
      vertex   3.438434e-02 2.776667e-02 1.114956e-01
      vertex   3.579282e-02 -3.000000e-03 1.121080e-01
    endloop
  endfacet
  facet normal 3.987491e-01 1.438613e-16 -9.170601e-01
    outer loop
      vertex   3.579282e-02 -3.000000e-03 1.121080e-01
      vertex   3.438434e-02 2.776667e-02 1.114956e-01
      vertex   3.579282e-02 2.776667e-02 1.121080e-01
    endloop
  endfacet
  facet normal 4.146932e-01 1.298715e-16 -9.099613e-01
    outer loop
      vertex   3.579282e-02 -3.000000e-03 1.121080e-01
      vertex   3.579282e-02 2.776667e-02 1.121080e-01
      vertex   3.719041e-02 -3.000000e-03 1.127449e-01
    endloop
  endfacet
  facet normal 4.146932e-01 0.000000e+00 -9.099613e-01
    outer loop
      vertex   3.719041e-02 -3.000000e-03 1.127449e-01
      vertex   3.579282e-02 2.776667e-02 1.121080e-01
      vertex   3.719041e-02 2.776667e-02 1.127449e-01
    endloop
  endfacet
  facet normal 4.305111e-01 0.000000e+00 -9.025853e-01
    outer loop
      vertex   3.719041e-02 -3.000000e-03 1.127449e-01
      vertex   3.719041e-02 2.776667e-02 1.127449e-01
      vertex   3.857666e-02 -3.000000e-03 1.134061e-01
    endloop
  endfacet
  facet normal 4.305111e-01 1.941888e-16 -9.025853e-01
    outer loop
      vertex   3.857666e-02 -3.000000e-03 1.134061e-01
      vertex   3.719041e-02 2.776667e-02 1.127449e-01
      vertex   3.857666e-02 2.776667e-02 1.134061e-01
    endloop
  endfacet
  facet normal 4.461978e-01 2.012645e-16 -8.949344e-01
    outer loop
      vertex   3.857666e-02 -3.000000e-03 1.134061e-01
      vertex   3.857666e-02 2.776667e-02 1.134061e-01
      vertex   3.995116e-02 -3.000000e-03 1.140914e-01
    endloop
  endfacet
  facet normal 4.461978e-01 2.024097e-16 -8.949344e-01
    outer loop
      vertex   3.995116e-02 -3.000000e-03 1.140914e-01
      vertex   3.857666e-02 2.776667e-02 1.134061e-01
      vertex   3.995116e-02 2.776667e-02 1.140914e-01
    endloop
  endfacet
  facet normal 4.617486e-01 1.918212e-16 -8.870108e-01
    outer loop
      vertex   3.995116e-02 -3.000000e-03 1.140914e-01
      vertex   3.995116e-02 2.776667e-02 1.140914e-01
      vertex   4.131350e-02 -3.000000e-03 1.148006e-01
    endloop
  endfacet
  facet normal 4.617486e-01 0.000000e+00 -8.870108e-01
    outer loop
      vertex   4.131350e-02 -3.000000e-03 1.148006e-01
      vertex   3.995116e-02 2.776667e-02 1.140914e-01
      vertex   4.131350e-02 2.776667e-02 1.148006e-01
    endloop
  endfacet
  facet normal 4.771588e-01 0.000000e+00 -8.788171e-01
    outer loop
      vertex   4.131350e-02 -3.000000e-03 1.148006e-01
      vertex   4.131350e-02 2.776667e-02 1.148006e-01
      vertex   4.266325e-02 -3.000000e-03 1.155335e-01
    endloop
  endfacet
  facet normal 4.771588e-01 0.000000e+00 -8.788171e-01
    outer loop
      vertex   4.266325e-02 -3.000000e-03 1.155335e-01
      vertex   4.131350e-02 2.776667e-02 1.148006e-01
      vertex   4.266325e-02 2.776667e-02 1.155335e-01
    endloop
  endfacet
  facet normal 4.924236e-01 0.000000e+00 -8.703557e-01
    outer loop
      vertex   4.266325e-02 -3.000000e-03 1.155335e-01
      vertex   4.266325e-02 2.776667e-02 1.155335e-01
      vertex   4.400000e-02 -3.000000e-03 1.162898e-01
    endloop
  endfacet
  facet normal 4.924236e-01 0.000000e+00 -8.703557e-01
    outer loop
      vertex   4.400000e-02 -3.000000e-03 1.162898e-01
      vertex   4.266325e-02 2.776667e-02 1.155335e-01
      vertex   4.400000e-02 2.776667e-02 1.162898e-01
    endloop
  endfacet
  facet normal 5.075384e-01 0.000000e+00 -8.616292e-01
    outer loop
      vertex   4.400000e-02 -3.000000e-03 1.162898e-01
      vertex   4.400000e-02 2.776667e-02 1.162898e-01
      vertex   4.532335e-02 -3.000000e-03 1.170693e-01
    endloop
  endfacet
  facet normal 5.075384e-01 0.000000e+00 -8.616292e-01
    outer loop
      vertex   4.532335e-02 -3.000000e-03 1.170693e-01
      vertex   4.400000e-02 2.776667e-02 1.162898e-01
      vertex   4.532335e-02 2.776667e-02 1.170693e-01
    endloop
  endfacet
  facet normal 5.224986e-01 0.000000e+00 -8.526402e-01
    outer loop
      vertex   4.532335e-02 -3.000000e-03 1.170693e-01
      vertex   4.532335e-02 2.776667e-02 1.170693e-01
      vertex   4.663290e-02 -3.000000e-03 1.178718e-01
    endloop
  endfacet
  facet normal 5.224986e-01 0.000000e+00 -8.526402e-01
    outer loop
      vertex   4.663290e-02 -3.000000e-03 1.178718e-01
      vertex   4.532335e-02 2.776667e-02 1.170693e-01
      vertex   4.663290e-02 2.776667e-02 1.178718e-01
    endloop
  endfacet
  facet normal 5.372996e-01 0.000000e+00 -8.433914e-01
    outer loop
      vertex   4.663290e-02 -3.000000e-03 1.178718e-01
      vertex   4.663290e-02 2.776667e-02 1.178718e-01
      vertex   4.792824e-02 -3.000000e-03 1.186970e-01
    endloop
  endfacet
  facet normal 5.372996e-01 -1.211787e-16 -8.433914e-01
    outer loop
      vertex   4.792824e-02 -3.000000e-03 1.186970e-01
      vertex   4.663290e-02 2.776667e-02 1.178718e-01
      vertex   4.792824e-02 2.776667e-02 1.186970e-01
    endloop
  endfacet
  facet normal 5.519370e-01 -1.244799e-16 -8.338858e-01
    outer loop
      vertex   4.792824e-02 -3.000000e-03 1.186970e-01
      vertex   4.792824e-02 2.776667e-02 1.186970e-01
      vertex   4.920898e-02 -3.000000e-03 1.195447e-01
    endloop
  endfacet
  facet normal 5.519370e-01 1.244799e-16 -8.338858e-01
    outer loop
      vertex   4.920898e-02 -3.000000e-03 1.195447e-01
      vertex   4.792824e-02 2.776667e-02 1.186970e-01
      vertex   4.920898e-02 2.776667e-02 1.195447e-01
    endloop
  endfacet
  facet normal 5.664062e-01 1.277432e-16 -8.241262e-01
    outer loop
      vertex   4.920898e-02 -3.000000e-03 1.195447e-01
      vertex   4.920898e-02 2.776667e-02 1.195447e-01
      vertex   5.047473e-02 -3.000000e-03 1.204146e-01
    endloop
  endfacet
  facet normal 5.664062e-01 -2.554864e-16 -8.241262e-01
    outer loop
      vertex   5.047473e-02 -3.000000e-03 1.204146e-01
      vertex   4.920898e-02 2.776667e-02 1.195447e-01
      vertex   5.047473e-02 2.776667e-02 1.204146e-01
    endloop
  endfacet
  facet normal 5.807030e-01 -2.619352e-16 -8.141155e-01
    outer loop
      vertex   5.047473e-02 -3.000000e-03 1.204146e-01
      vertex   5.047473e-02 2.776667e-02 1.204146e-01
      vertex   5.172510e-02 -3.000000e-03 1.213065e-01
    endloop
  endfacet
  facet normal 5.807030e-01 -1.309676e-16 -8.141155e-01
    outer loop
      vertex   5.172510e-02 -3.000000e-03 1.213065e-01
      vertex   5.047473e-02 2.776667e-02 1.204146e-01
      vertex   5.172510e-02 2.776667e-02 1.213065e-01
    endloop
  endfacet
  facet normal 5.948228e-01 -1.341521e-16 -8.038569e-01
    outer loop
      vertex   5.172510e-02 -3.000000e-03 1.213065e-01
      vertex   5.172510e-02 2.776667e-02 1.213065e-01
      vertex   5.295972e-02 -3.000000e-03 1.222201e-01
    endloop
  endfacet
  facet normal 5.948228e-01 -2.683042e-16 -8.038569e-01
    outer loop
      vertex   5.295972e-02 -3.000000e-03 1.222201e-01
      vertex   5.172510e-02 2.776667e-02 1.213065e-01
      vertex   5.295972e-02 2.776667e-02 1.222201e-01
    endloop
  endfacet
  facet normal 6.087614e-01 -2.745914e-16 -7.933533e-01
    outer loop
      vertex   5.295972e-02 -3.000000e-03 1.222201e-01
      vertex   5.295972e-02 2.776667e-02 1.222201e-01
      vertex   5.417821e-02 -3.000000e-03 1.231551e-01
    endloop
  endfacet
  facet normal 6.087614e-01 2.745914e-16 -7.933533e-01
    outer loop
      vertex   5.417821e-02 -3.000000e-03 1.231551e-01
      vertex   5.295972e-02 2.776667e-02 1.222201e-01
      vertex   5.417821e-02 2.776667e-02 1.231551e-01
    endloop
  endfacet
  facet normal 6.225146e-01 2.807950e-16 -7.826082e-01
    outer loop
      vertex   5.417821e-02 -3.000000e-03 1.231551e-01
      vertex   5.417821e-02 2.776667e-02 1.231551e-01
      vertex   5.538019e-02 -3.000000e-03 1.241112e-01
    endloop
  endfacet
  facet normal 6.225146e-01 0.000000e+00 -7.826082e-01
    outer loop
      vertex   5.538019e-02 -3.000000e-03 1.241112e-01
      vertex   5.417821e-02 2.776667e-02 1.231551e-01
      vertex   5.538019e-02 2.776667e-02 1.241112e-01
    endloop
  endfacet
  facet normal 6.360782e-01 0.000000e+00 -7.716246e-01
    outer loop
      vertex   5.538019e-02 -3.000000e-03 1.241112e-01
      vertex   5.538019e-02 2.776667e-02 1.241112e-01
      vertex   5.656531e-02 -3.000000e-03 1.250881e-01
    endloop
  endfacet
  facet normal 6.360782e-01 -1.434565e-16 -7.716246e-01
    outer loop
      vertex   5.656531e-02 -3.000000e-03 1.250881e-01
      vertex   5.538019e-02 2.776667e-02 1.241112e-01
      vertex   5.656531e-02 2.776667e-02 1.250881e-01
    endloop
  endfacet
  facet normal 6.494480e-01 -1.464719e-16 -7.604060e-01
    outer loop
      vertex   5.656531e-02 -3.000000e-03 1.250881e-01
      vertex   5.656531e-02 2.776667e-02 1.250881e-01
      vertex   5.773319e-02 -3.000000e-03 1.260856e-01
    endloop
  endfacet
  facet normal 6.494480e-01 0.000000e+00 -7.604060e-01
    outer loop
      vertex   5.773319e-02 -3.000000e-03 1.260856e-01
      vertex   5.656531e-02 2.776667e-02 1.250881e-01
      vertex   5.773319e-02 2.776667e-02 1.260856e-01
    endloop
  endfacet
  facet normal 6.626200e-01 0.000000e+00 -7.489557e-01
    outer loop
      vertex   5.773319e-02 -3.000000e-03 1.260856e-01
      vertex   5.773319e-02 2.776667e-02 1.260856e-01
      vertex   5.888349e-02 -3.000000e-03 1.271033e-01
    endloop
  endfacet
  facet normal 6.626200e-01 -1.494426e-16 -7.489557e-01
    outer loop
      vertex   5.888349e-02 -3.000000e-03 1.271033e-01
      vertex   5.773319e-02 2.776667e-02 1.260856e-01
      vertex   5.888349e-02 2.776667e-02 1.271033e-01
    endloop
  endfacet
  facet normal 6.755902e-01 -1.523678e-16 -7.372773e-01
    outer loop
      vertex   5.888349e-02 -3.000000e-03 1.271033e-01
      vertex   5.888349e-02 2.776667e-02 1.271033e-01
      vertex   6.001586e-02 -3.000000e-03 1.281409e-01
    endloop
  endfacet
  facet normal 6.755902e-01 0.000000e+00 -7.372773e-01
    outer loop
      vertex   6.001586e-02 -3.000000e-03 1.281409e-01
      vertex   5.888349e-02 2.776667e-02 1.271033e-01
      vertex   6.001586e-02 2.776667e-02 1.281409e-01
    endloop
  endfacet
  facet normal 6.883546e-01 0.000000e+00 -7.253744e-01
    outer loop
      vertex   6.001586e-02 -3.000000e-03 1.281409e-01
      vertex   6.001586e-02 2.776667e-02 1.281409e-01
      vertex   6.112994e-02 -3.000000e-03 1.291981e-01
    endloop
  endfacet
  facet normal 6.883546e-01 -3.438899e-16 -7.253744e-01
    outer loop
      vertex   6.112994e-02 -3.000000e-03 1.291981e-01
      vertex   6.001586e-02 2.776667e-02 1.281409e-01
      vertex   6.112994e-02 2.776667e-02 1.291981e-01
    endloop
  endfacet
  facet normal 7.009093e-01 -3.272895e-16 -7.132504e-01
    outer loop
      vertex   6.112994e-02 -3.000000e-03 1.291981e-01
      vertex   6.112994e-02 2.776667e-02 1.291981e-01
      vertex   6.222540e-02 -3.000000e-03 1.302746e-01
    endloop
  endfacet
  facet normal 7.009093e-01 0.000000e+00 -7.132504e-01
    outer loop
      vertex   6.222540e-02 -3.000000e-03 1.302746e-01
      vertex   6.112994e-02 2.776667e-02 1.291981e-01
      vertex   6.222540e-02 2.776667e-02 1.302746e-01
    endloop
  endfacet
  facet normal 7.132504e-01 0.000000e+00 -7.009093e-01
    outer loop
      vertex   6.222540e-02 -3.000000e-03 1.302746e-01
      vertex   6.222540e-02 2.776667e-02 1.302746e-01
      vertex   6.330190e-02 -3.000000e-03 1.313701e-01
    endloop
  endfacet
  facet normal 7.132504e-01 0.000000e+00 -7.009093e-01
    outer loop
      vertex   6.330190e-02 -3.000000e-03 1.313701e-01
      vertex   6.222540e-02 2.776667e-02 1.302746e-01
      vertex   6.330190e-02 2.776667e-02 1.313701e-01
    endloop
  endfacet
  facet normal 7.253744e-01 0.000000e+00 -6.883546e-01
    outer loop
      vertex   6.330190e-02 -3.000000e-03 1.313701e-01
      vertex   6.330190e-02 2.776667e-02 1.313701e-01
      vertex   6.435913e-02 -3.000000e-03 1.324842e-01
    endloop
  endfacet
  facet normal 7.253744e-01 3.271915e-16 -6.883546e-01
    outer loop
      vertex   6.435913e-02 -3.000000e-03 1.324842e-01
      vertex   6.330190e-02 2.776667e-02 1.313701e-01
      vertex   6.435913e-02 2.776667e-02 1.324842e-01
    endloop
  endfacet
  facet normal 7.372773e-01 3.325605e-16 -6.755902e-01
    outer loop
      vertex   6.435913e-02 -3.000000e-03 1.324842e-01
      vertex   6.435913e-02 2.776667e-02 1.324842e-01
      vertex   6.539674e-02 -3.000000e-03 1.336165e-01
    endloop
  endfacet
  facet normal 7.372773e-01 -6.094711e-16 -6.755902e-01
    outer loop
      vertex   6.539674e-02 -3.000000e-03 1.336165e-01
      vertex   6.435913e-02 2.776667e-02 1.324842e-01
      vertex   6.539674e-02 2.776667e-02 1.336165e-01
    endloop
  endfacet
  facet normal 7.489557e-01 -5.977703e-16 -6.626200e-01
    outer loop
      vertex   6.539674e-02 -3.000000e-03 1.336165e-01
      vertex   6.539674e-02 2.776667e-02 1.336165e-01
      vertex   6.641444e-02 -3.000000e-03 1.347668e-01
    endloop
  endfacet
  facet normal 7.489557e-01 0.000000e+00 -6.626200e-01
    outer loop
      vertex   6.641444e-02 -3.000000e-03 1.347668e-01
      vertex   6.539674e-02 2.776667e-02 1.336165e-01
      vertex   6.641444e-02 2.776667e-02 1.347668e-01
    endloop
  endfacet
  facet normal 7.604060e-01 0.000000e+00 -6.494480e-01
    outer loop
      vertex   6.641444e-02 -3.000000e-03 1.347668e-01
      vertex   6.641444e-02 2.776667e-02 1.347668e-01
      vertex   6.741191e-02 -3.000000e-03 1.359347e-01
    endloop
  endfacet
  facet normal 7.604060e-01 0.000000e+00 -6.494480e-01
    outer loop
      vertex   6.741191e-02 -3.000000e-03 1.359347e-01
      vertex   6.641444e-02 2.776667e-02 1.347668e-01
      vertex   6.741191e-02 2.776667e-02 1.359347e-01
    endloop
  endfacet
  facet normal 7.716246e-01 0.000000e+00 -6.360782e-01
    outer loop
      vertex   6.741191e-02 -3.000000e-03 1.359347e-01
      vertex   6.741191e-02 2.776667e-02 1.359347e-01
      vertex   6.838884e-02 -3.000000e-03 1.371198e-01
    endloop
  endfacet
  facet normal 7.716246e-01 -3.480534e-16 -6.360782e-01
    outer loop
      vertex   6.838884e-02 -3.000000e-03 1.371198e-01
      vertex   6.741191e-02 2.776667e-02 1.359347e-01
      vertex   6.838884e-02 2.776667e-02 1.371198e-01
    endloop
  endfacet
  facet normal 7.826082e-01 -3.530077e-16 -6.225146e-01
    outer loop
      vertex   6.838884e-02 -3.000000e-03 1.371198e-01
      vertex   6.838884e-02 2.776667e-02 1.371198e-01
      vertex   6.934495e-02 -3.000000e-03 1.383218e-01
    endloop
  endfacet
  facet normal 7.826082e-01 3.530077e-16 -6.225146e-01
    outer loop
      vertex   6.934495e-02 -3.000000e-03 1.383218e-01
      vertex   6.838884e-02 2.776667e-02 1.371198e-01
      vertex   6.934495e-02 2.776667e-02 1.383218e-01
    endloop
  endfacet
  facet normal 7.933533e-01 3.578545e-16 -6.087614e-01
    outer loop
      vertex   6.934495e-02 -3.000000e-03 1.383218e-01
      vertex   6.934495e-02 2.776667e-02 1.383218e-01
      vertex   7.027992e-02 -3.000000e-03 1.395403e-01
    endloop
  endfacet
  facet normal 7.933533e-01 0.000000e+00 -6.087614e-01
    outer loop
      vertex   7.027992e-02 -3.000000e-03 1.395403e-01
      vertex   6.934495e-02 2.776667e-02 1.383218e-01
      vertex   7.027992e-02 2.776667e-02 1.395403e-01
    endloop
  endfacet
  facet normal 8.038569e-01 0.000000e+00 -5.948228e-01
    outer loop
      vertex   7.027992e-02 -3.000000e-03 1.395403e-01
      vertex   7.027992e-02 2.776667e-02 1.395403e-01
      vertex   7.119350e-02 -3.000000e-03 1.407749e-01
    endloop
  endfacet
  facet normal 8.038569e-01 0.000000e+00 -5.948228e-01
    outer loop
      vertex   7.119350e-02 -3.000000e-03 1.407749e-01
      vertex   7.027992e-02 2.776667e-02 1.395403e-01
      vertex   7.119350e-02 2.776667e-02 1.407749e-01
    endloop
  endfacet
  facet normal 8.141155e-01 0.000000e+00 -5.807030e-01
    outer loop
      vertex   7.119350e-02 -3.000000e-03 1.407749e-01
      vertex   7.119350e-02 2.776667e-02 1.407749e-01
      vertex   7.208538e-02 -3.000000e-03 1.420253e-01
    endloop
  endfacet
  facet normal 8.141155e-01 -3.672196e-16 -5.807030e-01
    outer loop
      vertex   7.208538e-02 -3.000000e-03 1.420253e-01
      vertex   7.119350e-02 2.776667e-02 1.407749e-01
      vertex   7.208538e-02 2.776667e-02 1.420253e-01
    endloop
  endfacet
  facet normal 8.241262e-01 -3.717351e-16 -5.664062e-01
    outer loop
      vertex   7.208538e-02 -3.000000e-03 1.420253e-01
      vertex   7.208538e-02 2.776667e-02 1.420253e-01
      vertex   7.295531e-02 -3.000000e-03 1.432910e-01
    endloop
  endfacet
  facet normal 8.241262e-01 -5.109728e-16 -5.664062e-01
    outer loop
      vertex   7.295531e-02 -3.000000e-03 1.432910e-01
      vertex   7.208538e-02 2.776667e-02 1.420253e-01
      vertex   7.295531e-02 2.776667e-02 1.432910e-01
    endloop
  endfacet
  facet normal 8.338858e-01 -4.979197e-16 -5.519370e-01
    outer loop
      vertex   7.295531e-02 -3.000000e-03 1.432910e-01
      vertex   7.295531e-02 2.776667e-02 1.432910e-01
      vertex   7.380301e-02 -3.000000e-03 1.445718e-01
    endloop
  endfacet
  facet normal 8.338858e-01 0.000000e+00 -5.519370e-01
    outer loop
      vertex   7.380301e-02 -3.000000e-03 1.445718e-01
      vertex   7.295531e-02 2.776667e-02 1.432910e-01
      vertex   7.380301e-02 2.776667e-02 1.445718e-01
    endloop
  endfacet
  facet normal 8.433914e-01 0.000000e+00 -5.372996e-01
    outer loop
      vertex   7.380301e-02 -3.000000e-03 1.445718e-01
      vertex   7.380301e-02 2.776667e-02 1.445718e-01
      vertex   7.462823e-02 -3.000000e-03 1.458671e-01
    endloop
  endfacet
  facet normal 8.433914e-01 -3.804249e-16 -5.372996e-01
    outer loop
      vertex   7.462823e-02 -3.000000e-03 1.458671e-01
      vertex   7.380301e-02 2.776667e-02 1.445718e-01
      vertex   7.462823e-02 2.776667e-02 1.458671e-01
    endloop
  endfacet
  facet normal 8.526402e-01 -3.845967e-16 -5.224986e-01
    outer loop
      vertex   7.462823e-02 -3.000000e-03 1.458671e-01
      vertex   7.462823e-02 2.776667e-02 1.458671e-01
      vertex   7.543072e-02 -3.000000e-03 1.471767e-01
    endloop
  endfacet
  facet normal 8.526402e-01 0.000000e+00 -5.224986e-01
    outer loop
      vertex   7.543072e-02 -3.000000e-03 1.471767e-01
      vertex   7.462823e-02 2.776667e-02 1.458671e-01
      vertex   7.543072e-02 2.776667e-02 1.471767e-01
    endloop
  endfacet
  facet normal 8.616292e-01 0.000000e+00 -5.075384e-01
    outer loop
      vertex   7.543072e-02 -3.000000e-03 1.471767e-01
      vertex   7.543072e-02 2.776667e-02 1.471767e-01
      vertex   7.621024e-02 -3.000000e-03 1.485000e-01
    endloop
  endfacet
  facet normal 8.616292e-01 -3.886514e-16 -5.075384e-01
    outer loop
      vertex   7.621024e-02 -3.000000e-03 1.485000e-01
      vertex   7.543072e-02 2.776667e-02 1.471767e-01
      vertex   7.621024e-02 2.776667e-02 1.485000e-01
    endloop
  endfacet
  facet normal 8.703557e-01 -3.925876e-16 -4.924236e-01
    outer loop
      vertex   7.621024e-02 -3.000000e-03 1.485000e-01
      vertex   7.621024e-02 2.776667e-02 1.485000e-01
      vertex   7.696653e-02 -3.000000e-03 1.498368e-01
    endloop
  endfacet
  facet normal 8.703557e-01 0.000000e+00 -4.924236e-01
    outer loop
      vertex   7.696653e-02 -3.000000e-03 1.498368e-01
      vertex   7.621024e-02 2.776667e-02 1.485000e-01
      vertex   7.696653e-02 2.776667e-02 1.498368e-01
    endloop
  endfacet
  facet normal 8.788171e-01 0.000000e+00 -4.771588e-01
    outer loop
      vertex   7.696653e-02 -3.000000e-03 1.498368e-01
      vertex   7.696653e-02 2.776667e-02 1.498368e-01
      vertex   7.769939e-02 -3.000000e-03 1.511865e-01
    endloop
  endfacet
  facet normal 8.788171e-01 0.000000e+00 -4.771588e-01
    outer loop
      vertex   7.769939e-02 -3.000000e-03 1.511865e-01
      vertex   7.696653e-02 2.776667e-02 1.498368e-01
      vertex   7.769939e-02 2.776667e-02 1.511865e-01
    endloop
  endfacet
  facet normal 8.870108e-01 0.000000e+00 -4.617486e-01
    outer loop
      vertex   7.769939e-02 -3.000000e-03 1.511865e-01
      vertex   7.769939e-02 2.776667e-02 1.511865e-01
      vertex   7.840857e-02 -3.000000e-03 1.525488e-01
    endloop
  endfacet
  facet normal 8.870108e-01 0.000000e+00 -4.617486e-01
    outer loop
      vertex   7.840857e-02 -3.000000e-03 1.525488e-01
      vertex   7.769939e-02 2.776667e-02 1.511865e-01
      vertex   7.840857e-02 2.776667e-02 1.525488e-01
    endloop
  endfacet
  facet normal 8.949344e-01 0.000000e+00 -4.461978e-01
    outer loop
      vertex   7.840857e-02 -3.000000e-03 1.525488e-01
      vertex   7.840857e-02 2.776667e-02 1.525488e-01
      vertex   7.909388e-02 -3.000000e-03 1.539233e-01
    endloop
  endfacet
  facet normal 8.949344e-01 0.000000e+00 -4.461978e-01
    outer loop
      vertex   7.909388e-02 -3.000000e-03 1.539233e-01
      vertex   7.840857e-02 2.776667e-02 1.525488e-01
      vertex   7.909388e-02 2.776667e-02 1.539233e-01
    endloop
  endfacet
  facet normal 9.025853e-01 0.000000e+00 -4.305111e-01
    outer loop
      vertex   7.909388e-02 -3.000000e-03 1.539233e-01
      vertex   7.909388e-02 2.776667e-02 1.539233e-01
      vertex   7.975509e-02 -3.000000e-03 1.553096e-01
    endloop
  endfacet
  facet normal 9.025853e-01 0.000000e+00 -4.305111e-01
    outer loop
      vertex   7.975509e-02 -3.000000e-03 1.553096e-01
      vertex   7.909388e-02 2.776667e-02 1.539233e-01
      vertex   7.975509e-02 2.776667e-02 1.553096e-01
    endloop
  endfacet
  facet normal 9.099613e-01 0.000000e+00 -4.146932e-01
    outer loop
      vertex   7.975509e-02 -3.000000e-03 1.553096e-01
      vertex   7.975509e-02 2.776667e-02 1.553096e-01
      vertex   8.039200e-02 -3.000000e-03 1.567072e-01
    endloop
  endfacet
  facet normal 9.099613e-01 0.000000e+00 -4.146932e-01
    outer loop
      vertex   8.039200e-02 -3.000000e-03 1.567072e-01
      vertex   7.975509e-02 2.776667e-02 1.553096e-01
      vertex   8.039200e-02 2.776667e-02 1.567072e-01
    endloop
  endfacet
  facet normal 9.170601e-01 0.000000e+00 -3.987491e-01
    outer loop
      vertex   8.039200e-02 -3.000000e-03 1.567072e-01
      vertex   8.039200e-02 2.776667e-02 1.567072e-01
      vertex   8.100443e-02 -3.000000e-03 1.581157e-01
    endloop
  endfacet
  facet normal 9.170601e-01 0.000000e+00 -3.987491e-01
    outer loop
      vertex   8.100443e-02 -3.000000e-03 1.581157e-01
      vertex   8.039200e-02 2.776667e-02 1.567072e-01
      vertex   8.100443e-02 2.776667e-02 1.581157e-01
    endloop
  endfacet
  facet normal 9.238795e-01 0.000000e+00 -3.826834e-01
    outer loop
      vertex   8.100443e-02 -3.000000e-03 1.581157e-01
      vertex   8.100443e-02 2.776667e-02 1.581157e-01
      vertex   8.159218e-02 -3.000000e-03 1.595346e-01
    endloop
  endfacet
  facet normal 9.238795e-01 0.000000e+00 -3.826834e-01
    outer loop
      vertex   8.159218e-02 -3.000000e-03 1.595346e-01
      vertex   8.100443e-02 2.776667e-02 1.581157e-01
      vertex   8.159218e-02 2.776667e-02 1.595346e-01
    endloop
  endfacet
  facet normal 9.304176e-01 0.000000e+00 -3.665012e-01
    outer loop
      vertex   8.159218e-02 -3.000000e-03 1.595346e-01
      vertex   8.159218e-02 2.776667e-02 1.595346e-01
      vertex   8.215508e-02 -3.000000e-03 1.609636e-01
    endloop
  endfacet
  facet normal 9.304176e-01 -4.196794e-16 -3.665012e-01
    outer loop
      vertex   8.215508e-02 -3.000000e-03 1.609636e-01
      vertex   8.159218e-02 2.776667e-02 1.595346e-01
      vertex   8.215508e-02 2.776667e-02 1.609636e-01
    endloop
  endfacet
  facet normal 9.366722e-01 -4.225007e-16 -3.502074e-01
    outer loop
      vertex   8.215508e-02 -3.000000e-03 1.609636e-01
      vertex   8.215508e-02 2.776667e-02 1.609636e-01
      vertex   8.269295e-02 -3.000000e-03 1.624022e-01
    endloop
  endfacet
  facet normal 9.366722e-01 0.000000e+00 -3.502074e-01
    outer loop
      vertex   8.269295e-02 -3.000000e-03 1.624022e-01
      vertex   8.215508e-02 2.776667e-02 1.609636e-01
      vertex   8.269295e-02 2.776667e-02 1.624022e-01
    endloop
  endfacet
  facet normal 9.426415e-01 0.000000e+00 -3.338069e-01
    outer loop
      vertex   8.269295e-02 -3.000000e-03 1.624022e-01
      vertex   8.269295e-02 2.776667e-02 1.624022e-01
      vertex   8.320563e-02 -3.000000e-03 1.638500e-01
    endloop
  endfacet
  facet normal 9.426415e-01 4.251932e-16 -3.338069e-01
    outer loop
      vertex   8.320563e-02 -3.000000e-03 1.638500e-01
      vertex   8.269295e-02 2.776667e-02 1.624022e-01
      vertex   8.320563e-02 2.776667e-02 1.638500e-01
    endloop
  endfacet
  facet normal 9.483237e-01 4.277563e-16 -3.173047e-01
    outer loop
      vertex   8.320563e-02 -3.000000e-03 1.638500e-01
      vertex   8.320563e-02 2.776667e-02 1.638500e-01
      vertex   8.369297e-02 -3.000000e-03 1.653065e-01
    endloop
  endfacet
  facet normal 9.483237e-01 4.277563e-16 -3.173047e-01
    outer loop
      vertex   8.369297e-02 -3.000000e-03 1.653065e-01
      vertex   8.320563e-02 2.776667e-02 1.638500e-01
      vertex   8.369297e-02 2.776667e-02 1.653065e-01
    endloop
  endfacet
  facet normal 9.537170e-01 4.301890e-16 -3.007058e-01
    outer loop
      vertex   8.369297e-02 -3.000000e-03 1.653065e-01
      vertex   8.369297e-02 2.776667e-02 1.653065e-01
      vertex   8.415482e-02 -3.000000e-03 1.667713e-01
    endloop
  endfacet
  facet normal 9.537170e-01 -4.301890e-16 -3.007058e-01
    outer loop
      vertex   8.415482e-02 -3.000000e-03 1.667713e-01
      vertex   8.369297e-02 2.776667e-02 1.653065e-01
      vertex   8.415482e-02 2.776667e-02 1.667713e-01
    endloop
  endfacet
  facet normal 9.588197e-01 -4.324907e-16 -2.840153e-01
    outer loop
      vertex   8.415482e-02 -3.000000e-03 1.667713e-01
      vertex   8.415482e-02 2.776667e-02 1.667713e-01
      vertex   8.459103e-02 -3.000000e-03 1.682439e-01
    endloop
  endfacet
  facet normal 9.588197e-01 0.000000e+00 -2.840153e-01
    outer loop
      vertex   8.459103e-02 -3.000000e-03 1.682439e-01
      vertex   8.415482e-02 2.776667e-02 1.667713e-01
      vertex   8.459103e-02 2.776667e-02 1.682439e-01
    endloop
  endfacet
  facet normal 9.636305e-01 0.000000e+00 -2.672384e-01
    outer loop
      vertex   8.459103e-02 -3.000000e-03 1.682439e-01
      vertex   8.459103e-02 2.776667e-02 1.682439e-01
      vertex   8.500147e-02 -3.000000e-03 1.697239e-01
    endloop
  endfacet
  facet normal 9.636305e-01 0.000000e+00 -2.672384e-01
    outer loop
      vertex   8.500147e-02 -3.000000e-03 1.697239e-01
      vertex   8.459103e-02 2.776667e-02 1.682439e-01
      vertex   8.500147e-02 2.776667e-02 1.697239e-01
    endloop
  endfacet
  facet normal 9.681476e-01 0.000000e+00 -2.503800e-01
    outer loop
      vertex   8.500147e-02 -3.000000e-03 1.697239e-01
      vertex   8.500147e-02 2.776667e-02 1.697239e-01
      vertex   8.538602e-02 -3.000000e-03 1.712109e-01
    endloop
  endfacet
  facet normal 9.681476e-01 0.000000e+00 -2.503800e-01
    outer loop
      vertex   8.538602e-02 -3.000000e-03 1.712109e-01
      vertex   8.500147e-02 2.776667e-02 1.697239e-01
      vertex   8.538602e-02 2.776667e-02 1.712109e-01
    endloop
  endfacet
  facet normal 9.723699e-01 0.000000e+00 -2.334454e-01
    outer loop
      vertex   8.538602e-02 -3.000000e-03 1.712109e-01
      vertex   8.538602e-02 2.776667e-02 1.712109e-01
      vertex   8.574457e-02 -3.000000e-03 1.727043e-01
    endloop
  endfacet
  facet normal 9.723699e-01 0.000000e+00 -2.334454e-01
    outer loop
      vertex   8.574457e-02 -3.000000e-03 1.727043e-01
      vertex   8.538602e-02 2.776667e-02 1.712109e-01
      vertex   8.574457e-02 2.776667e-02 1.727043e-01
    endloop
  endfacet
  facet normal 9.762960e-01 0.000000e+00 -2.164396e-01
    outer loop
      vertex   8.574457e-02 -3.000000e-03 1.727043e-01
      vertex   8.574457e-02 2.776667e-02 1.727043e-01
      vertex   8.607699e-02 -3.000000e-03 1.742038e-01
    endloop
  endfacet
  facet normal 9.762960e-01 1.952570e-16 -2.164396e-01
    outer loop
      vertex   8.607699e-02 -3.000000e-03 1.742038e-01
      vertex   8.574457e-02 2.776667e-02 1.727043e-01
      vertex   8.607699e-02 2.776667e-02 1.742038e-01
    endloop
  endfacet
  facet normal 9.799247e-01 1.798561e-16 -1.993679e-01
    outer loop
      vertex   8.607699e-02 -3.000000e-03 1.742038e-01
      vertex   8.607699e-02 2.776667e-02 1.742038e-01
      vertex   8.638319e-02 -3.000000e-03 1.757088e-01
    endloop
  endfacet
  facet normal 9.799247e-01 0.000000e+00 -1.993679e-01
    outer loop
      vertex   8.638319e-02 -3.000000e-03 1.757088e-01
      vertex   8.607699e-02 2.776667e-02 1.742038e-01
      vertex   8.638319e-02 2.776667e-02 1.757088e-01
    endloop
  endfacet
  facet normal 9.832549e-01 0.000000e+00 -1.822355e-01
    outer loop
      vertex   8.638319e-02 -3.000000e-03 1.757088e-01
      vertex   8.638319e-02 2.776667e-02 1.757088e-01
      vertex   8.666308e-02 -3.000000e-03 1.772190e-01
    endloop
  endfacet
  facet normal 9.832549e-01 0.000000e+00 -1.822355e-01
    outer loop
      vertex   8.666308e-02 -3.000000e-03 1.772190e-01
      vertex   8.638319e-02 2.776667e-02 1.757088e-01
      vertex   8.666308e-02 2.776667e-02 1.772190e-01
    endloop
  endfacet
  facet normal 9.862856e-01 0.000000e+00 -1.650476e-01
    outer loop
      vertex   8.666308e-02 -3.000000e-03 1.772190e-01
      vertex   8.666308e-02 2.776667e-02 1.772190e-01
      vertex   8.691657e-02 -3.000000e-03 1.787338e-01
    endloop
  endfacet
  facet normal 9.862856e-01 0.000000e+00 -1.650476e-01
    outer loop
      vertex   8.691657e-02 -3.000000e-03 1.787338e-01
      vertex   8.666308e-02 2.776667e-02 1.772190e-01
      vertex   8.691657e-02 2.776667e-02 1.787338e-01
    endloop
  endfacet
  facet normal 9.890159e-01 0.000000e+00 -1.478094e-01
    outer loop
      vertex   8.691657e-02 -3.000000e-03 1.787338e-01
      vertex   8.691657e-02 2.776667e-02 1.787338e-01
      vertex   8.714359e-02 -3.000000e-03 1.802528e-01
    endloop
  endfacet
  facet normal 9.890159e-01 1.333435e-16 -1.478094e-01
    outer loop
      vertex   8.714359e-02 -3.000000e-03 1.802528e-01
      vertex   8.691657e-02 2.776667e-02 1.787338e-01
      vertex   8.714359e-02 2.776667e-02 1.802528e-01
    endloop
  endfacet
  facet normal 9.914449e-01 1.177518e-16 -1.305262e-01
    outer loop
      vertex   8.714359e-02 -3.000000e-03 1.802528e-01
      vertex   8.714359e-02 2.776667e-02 1.802528e-01
      vertex   8.734406e-02 -3.000000e-03 1.817755e-01
    endloop
  endfacet
  facet normal 9.914449e-01 0.000000e+00 -1.305262e-01
    outer loop
      vertex   8.734406e-02 -3.000000e-03 1.817755e-01
      vertex   8.714359e-02 2.776667e-02 1.802528e-01
      vertex   8.734406e-02 2.776667e-02 1.817755e-01
    endloop
  endfacet
  facet normal 9.935719e-01 0.000000e+00 -1.132032e-01
    outer loop
      vertex   8.734406e-02 -3.000000e-03 1.817755e-01
      vertex   8.734406e-02 2.776667e-02 1.817755e-01
      vertex   8.751793e-02 -3.000000e-03 1.833015e-01
    endloop
  endfacet
  facet normal 9.935719e-01 0.000000e+00 -1.132032e-01
    outer loop
      vertex   8.751793e-02 -3.000000e-03 1.833015e-01
      vertex   8.734406e-02 2.776667e-02 1.817755e-01
      vertex   8.751793e-02 2.776667e-02 1.833015e-01
    endloop
  endfacet
  facet normal 9.953962e-01 0.000000e+00 -9.584575e-02
    outer loop
      vertex   8.751793e-02 -3.000000e-03 1.833015e-01
      vertex   8.751793e-02 2.776667e-02 1.833015e-01
      vertex   8.766513e-02 -3.000000e-03 1.848303e-01
    endloop
  endfacet
  facet normal 9.953962e-01 0.000000e+00 -9.584575e-02
    outer loop
      vertex   8.766513e-02 -3.000000e-03 1.848303e-01
      vertex   8.751793e-02 2.776667e-02 1.833015e-01
      vertex   8.766513e-02 2.776667e-02 1.848303e-01
    endloop
  endfacet
  facet normal 9.969173e-01 0.000000e+00 -7.845910e-02
    outer loop
      vertex   8.766513e-02 -3.000000e-03 1.848303e-01
      vertex   8.766513e-02 2.776667e-02 1.848303e-01
      vertex   8.778564e-02 -3.000000e-03 1.863614e-01
    endloop
  endfacet
  facet normal 9.969173e-01 0.000000e+00 -7.845910e-02
    outer loop
      vertex   8.778564e-02 -3.000000e-03 1.863614e-01
      vertex   8.766513e-02 2.776667e-02 1.848303e-01
      vertex   8.778564e-02 2.776667e-02 1.863614e-01
    endloop
  endfacet
  facet normal 9.981348e-01 0.000000e+00 -6.104854e-02
    outer loop
      vertex   8.778564e-02 -3.000000e-03 1.863614e-01
      vertex   8.778564e-02 2.776667e-02 1.863614e-01
      vertex   8.787940e-02 -3.000000e-03 1.878944e-01
    endloop
  endfacet
  facet normal 9.981348e-01 1.101476e-16 -6.104854e-02
    outer loop
      vertex   8.787940e-02 -3.000000e-03 1.878944e-01
      vertex   8.778564e-02 2.776667e-02 1.863614e-01
      vertex   8.787940e-02 2.776667e-02 1.878944e-01
    endloop
  endfacet
  facet normal 9.990482e-01 7.870084e-17 -4.361939e-02
    outer loop
      vertex   8.787940e-02 -3.000000e-03 1.878944e-01
      vertex   8.787940e-02 2.776667e-02 1.878944e-01
      vertex   8.794639e-02 -3.000000e-03 1.894289e-01
    endloop
  endfacet
  facet normal 9.990482e-01 0.000000e+00 -4.361939e-02
    outer loop
      vertex   8.794639e-02 -3.000000e-03 1.894289e-01
      vertex   8.787940e-02 2.776667e-02 1.878944e-01
      vertex   8.794639e-02 2.776667e-02 1.894289e-01
    endloop
  endfacet
  facet normal 9.996573e-01 0.000000e+00 -2.617695e-02
    outer loop
      vertex   8.794639e-02 -3.000000e-03 1.894289e-01
      vertex   8.794639e-02 2.776667e-02 1.894289e-01
      vertex   8.798660e-02 -3.000000e-03 1.909642e-01
    endloop
  endfacet
  facet normal 9.996573e-01 0.000000e+00 -2.617695e-02
    outer loop
      vertex   8.798660e-02 -3.000000e-03 1.909642e-01
      vertex   8.794639e-02 2.776667e-02 1.894289e-01
      vertex   8.798660e-02 2.776667e-02 1.909642e-01
    endloop
  endfacet
  facet normal 9.999619e-01 0.000000e+00 8.726535e-03
    outer loop
      vertex   8.798660e-02 8.930000e-02 1.940358e-01
      vertex   8.798660e-02 5.853333e-02 1.940358e-01
      vertex   8.800000e-02 8.930000e-02 1.925000e-01
    endloop
  endfacet
  facet normal 9.999619e-01 0.000000e+00 8.726535e-03
    outer loop
      vertex   8.800000e-02 8.930000e-02 1.925000e-01
      vertex   8.798660e-02 5.853333e-02 1.940358e-01
      vertex   8.800000e-02 5.853333e-02 1.925000e-01
    endloop
  endfacet
  facet normal 9.999619e-01 0.000000e+00 -8.726535e-03
    outer loop
      vertex   8.800000e-02 8.930000e-02 1.925000e-01
      vertex   8.800000e-02 5.853333e-02 1.925000e-01
      vertex   8.798660e-02 8.930000e-02 1.909642e-01
    endloop
  endfacet
  facet normal 9.999619e-01 0.000000e+00 -8.726535e-03
    outer loop
      vertex   8.798660e-02 8.930000e-02 1.909642e-01
      vertex   8.800000e-02 5.853333e-02 1.925000e-01
      vertex   8.798660e-02 5.853333e-02 1.909642e-01
    endloop
  endfacet
  facet normal 9.996573e-01 0.000000e+00 -2.617695e-02
    outer loop
      vertex   8.798660e-02 8.930000e-02 1.909642e-01
      vertex   8.798660e-02 5.853333e-02 1.909642e-01
      vertex   8.794639e-02 8.930000e-02 1.894289e-01
    endloop
  endfacet
  facet normal 9.996573e-01 0.000000e+00 -2.617695e-02
    outer loop
      vertex   8.794639e-02 8.930000e-02 1.894289e-01
      vertex   8.798660e-02 5.853333e-02 1.909642e-01
      vertex   8.794639e-02 5.853333e-02 1.894289e-01
    endloop
  endfacet
  facet normal 9.990482e-01 0.000000e+00 -4.361939e-02
    outer loop
      vertex   8.794639e-02 8.930000e-02 1.894289e-01
      vertex   8.794639e-02 5.853333e-02 1.894289e-01
      vertex   8.787940e-02 8.930000e-02 1.878944e-01
    endloop
  endfacet
  facet normal 9.990482e-01 3.935042e-17 -4.361939e-02
    outer loop
      vertex   8.787940e-02 8.930000e-02 1.878944e-01
      vertex   8.794639e-02 5.853333e-02 1.894289e-01
      vertex   8.787940e-02 5.853333e-02 1.878944e-01
    endloop
  endfacet
  facet normal 9.981348e-01 5.507380e-17 -6.104854e-02
    outer loop
      vertex   8.787940e-02 8.930000e-02 1.878944e-01
      vertex   8.787940e-02 5.853333e-02 1.878944e-01
      vertex   8.778564e-02 8.930000e-02 1.863614e-01
    endloop
  endfacet
  facet normal 9.981348e-01 0.000000e+00 -6.104854e-02
    outer loop
      vertex   8.778564e-02 8.930000e-02 1.863614e-01
      vertex   8.787940e-02 5.853333e-02 1.878944e-01
      vertex   8.778564e-02 5.853333e-02 1.863614e-01
    endloop
  endfacet
  facet normal 9.969173e-01 0.000000e+00 -7.845910e-02
    outer loop
      vertex   8.778564e-02 8.930000e-02 1.863614e-01
      vertex   8.778564e-02 5.853333e-02 1.863614e-01
      vertex   8.766513e-02 8.930000e-02 1.848303e-01
    endloop
  endfacet
  facet normal 9.969173e-01 0.000000e+00 -7.845910e-02
    outer loop
      vertex   8.766513e-02 8.930000e-02 1.848303e-01
      vertex   8.778564e-02 5.853333e-02 1.863614e-01
      vertex   8.766513e-02 5.853333e-02 1.848303e-01
    endloop
  endfacet
  facet normal 9.953962e-01 0.000000e+00 -9.584575e-02
    outer loop
      vertex   8.766513e-02 8.930000e-02 1.848303e-01
      vertex   8.766513e-02 5.853333e-02 1.848303e-01
      vertex   8.751793e-02 8.930000e-02 1.833015e-01
    endloop
  endfacet
  facet normal 9.953962e-01 0.000000e+00 -9.584575e-02
    outer loop
      vertex   8.751793e-02 8.930000e-02 1.833015e-01
      vertex   8.766513e-02 5.853333e-02 1.848303e-01
      vertex   8.751793e-02 5.853333e-02 1.833015e-01
    endloop
  endfacet
  facet normal 9.935719e-01 0.000000e+00 -1.132032e-01
    outer loop
      vertex   8.751793e-02 8.930000e-02 1.833015e-01
      vertex   8.751793e-02 5.853333e-02 1.833015e-01
      vertex   8.734406e-02 8.930000e-02 1.817755e-01
    endloop
  endfacet
  facet normal 9.935719e-01 0.000000e+00 -1.132032e-01
    outer loop
      vertex   8.734406e-02 8.930000e-02 1.817755e-01
      vertex   8.751793e-02 5.853333e-02 1.833015e-01
      vertex   8.734406e-02 5.853333e-02 1.817755e-01
    endloop
  endfacet
  facet normal 9.914449e-01 0.000000e+00 -1.305262e-01
    outer loop
      vertex   8.734406e-02 8.930000e-02 1.817755e-01
      vertex   8.734406e-02 5.853333e-02 1.817755e-01
      vertex   8.714359e-02 8.930000e-02 1.802528e-01
    endloop
  endfacet
  facet normal 9.914449e-01 1.177518e-16 -1.305262e-01
    outer loop
      vertex   8.714359e-02 8.930000e-02 1.802528e-01
      vertex   8.734406e-02 5.853333e-02 1.817755e-01
      vertex   8.714359e-02 5.853333e-02 1.802528e-01
    endloop
  endfacet
  facet normal 9.890159e-01 1.333435e-16 -1.478094e-01
    outer loop
      vertex   8.714359e-02 8.930000e-02 1.802528e-01
      vertex   8.714359e-02 5.853333e-02 1.802528e-01
      vertex   8.691657e-02 8.930000e-02 1.787338e-01
    endloop
  endfacet
  facet normal 9.890159e-01 0.000000e+00 -1.478094e-01
    outer loop
      vertex   8.691657e-02 8.930000e-02 1.787338e-01
      vertex   8.714359e-02 5.853333e-02 1.802528e-01
      vertex   8.691657e-02 5.853333e-02 1.787338e-01
    endloop
  endfacet
  facet normal 9.862856e-01 0.000000e+00 -1.650476e-01
    outer loop
      vertex   8.691657e-02 8.930000e-02 1.787338e-01
      vertex   8.691657e-02 5.853333e-02 1.787338e-01
      vertex   8.666308e-02 8.930000e-02 1.772190e-01
    endloop
  endfacet
  facet normal 9.862856e-01 0.000000e+00 -1.650476e-01
    outer loop
      vertex   8.666308e-02 8.930000e-02 1.772190e-01
      vertex   8.691657e-02 5.853333e-02 1.787338e-01
      vertex   8.666308e-02 5.853333e-02 1.772190e-01
    endloop
  endfacet
  facet normal 9.832549e-01 0.000000e+00 -1.822355e-01
    outer loop
      vertex   8.666308e-02 8.930000e-02 1.772190e-01
      vertex   8.666308e-02 5.853333e-02 1.772190e-01
      vertex   8.638319e-02 8.930000e-02 1.757088e-01
    endloop
  endfacet
  facet normal 9.832549e-01 0.000000e+00 -1.822355e-01
    outer loop
      vertex   8.638319e-02 8.930000e-02 1.757088e-01
      vertex   8.666308e-02 5.853333e-02 1.772190e-01
      vertex   8.638319e-02 5.853333e-02 1.757088e-01
    endloop
  endfacet
  facet normal 9.799247e-01 0.000000e+00 -1.993679e-01
    outer loop
      vertex   8.638319e-02 8.930000e-02 1.757088e-01
      vertex   8.638319e-02 5.853333e-02 1.757088e-01
      vertex   8.607699e-02 8.930000e-02 1.742038e-01
    endloop
  endfacet
  facet normal 9.799247e-01 -4.420104e-16 -1.993679e-01
    outer loop
      vertex   8.607699e-02 8.930000e-02 1.742038e-01
      vertex   8.638319e-02 5.853333e-02 1.757088e-01
      vertex   8.607699e-02 5.853333e-02 1.742038e-01
    endloop
  endfacet
  facet normal 9.762960e-01 -4.403736e-16 -2.164396e-01
    outer loop
      vertex   8.607699e-02 8.930000e-02 1.742038e-01
      vertex   8.607699e-02 5.853333e-02 1.742038e-01
      vertex   8.574457e-02 8.930000e-02 1.727043e-01
    endloop
  endfacet
  facet normal 9.762960e-01 0.000000e+00 -2.164396e-01
    outer loop
      vertex   8.574457e-02 8.930000e-02 1.727043e-01
      vertex   8.607699e-02 5.853333e-02 1.742038e-01
      vertex   8.574457e-02 5.853333e-02 1.727043e-01
    endloop
  endfacet
  facet normal 9.723699e-01 0.000000e+00 -2.334454e-01
    outer loop
      vertex   8.574457e-02 8.930000e-02 1.727043e-01
      vertex   8.574457e-02 5.853333e-02 1.727043e-01
      vertex   8.538602e-02 8.930000e-02 1.712109e-01
    endloop
  endfacet
  facet normal 9.723699e-01 0.000000e+00 -2.334454e-01
    outer loop
      vertex   8.538602e-02 8.930000e-02 1.712109e-01
      vertex   8.574457e-02 5.853333e-02 1.727043e-01
      vertex   8.538602e-02 5.853333e-02 1.712109e-01
    endloop
  endfacet
  facet normal 9.681476e-01 0.000000e+00 -2.503800e-01
    outer loop
      vertex   8.538602e-02 8.930000e-02 1.712109e-01
      vertex   8.538602e-02 5.853333e-02 1.712109e-01
      vertex   8.500147e-02 8.930000e-02 1.697239e-01
    endloop
  endfacet
  facet normal 9.681476e-01 0.000000e+00 -2.503800e-01
    outer loop
      vertex   8.500147e-02 8.930000e-02 1.697239e-01
      vertex   8.538602e-02 5.853333e-02 1.712109e-01
      vertex   8.500147e-02 5.853333e-02 1.697239e-01
    endloop
  endfacet
  facet normal 9.636305e-01 0.000000e+00 -2.672384e-01
    outer loop
      vertex   8.500147e-02 8.930000e-02 1.697239e-01
      vertex   8.500147e-02 5.853333e-02 1.697239e-01
      vertex   8.459103e-02 8.930000e-02 1.682439e-01
    endloop
  endfacet
  facet normal 9.636305e-01 -2.410841e-16 -2.672384e-01
    outer loop
      vertex   8.459103e-02 8.930000e-02 1.682439e-01
      vertex   8.500147e-02 5.853333e-02 1.697239e-01
      vertex   8.459103e-02 5.853333e-02 1.682439e-01
    endloop
  endfacet
  facet normal 9.588197e-01 -2.562192e-16 -2.840153e-01
    outer loop
      vertex   8.459103e-02 8.930000e-02 1.682439e-01
      vertex   8.459103e-02 5.853333e-02 1.682439e-01
      vertex   8.415482e-02 8.930000e-02 1.667713e-01
    endloop
  endfacet
  facet normal 9.588197e-01 0.000000e+00 -2.840153e-01
    outer loop
      vertex   8.415482e-02 8.930000e-02 1.667713e-01
      vertex   8.459103e-02 5.853333e-02 1.682439e-01
      vertex   8.415482e-02 5.853333e-02 1.667713e-01
    endloop
  endfacet
  facet normal 9.537170e-01 0.000000e+00 -3.007058e-01
    outer loop
      vertex   8.415482e-02 8.930000e-02 1.667713e-01
      vertex   8.415482e-02 5.853333e-02 1.667713e-01
      vertex   8.369297e-02 8.930000e-02 1.653065e-01
    endloop
  endfacet
  facet normal 9.537170e-01 0.000000e+00 -3.007058e-01
    outer loop
      vertex   8.369297e-02 8.930000e-02 1.653065e-01
      vertex   8.415482e-02 5.853333e-02 1.667713e-01
      vertex   8.369297e-02 5.853333e-02 1.653065e-01
    endloop
  endfacet
  facet normal 9.483237e-01 0.000000e+00 -3.173047e-01
    outer loop
      vertex   8.369297e-02 8.930000e-02 1.653065e-01
      vertex   8.369297e-02 5.853333e-02 1.653065e-01
      vertex   8.320563e-02 8.930000e-02 1.638500e-01
    endloop
  endfacet
  facet normal 9.483237e-01 0.000000e+00 -3.173047e-01
    outer loop
      vertex   8.320563e-02 8.930000e-02 1.638500e-01
      vertex   8.369297e-02 5.853333e-02 1.653065e-01
      vertex   8.320563e-02 5.853333e-02 1.638500e-01
    endloop
  endfacet
  facet normal 9.426415e-01 0.000000e+00 -3.338069e-01
    outer loop
      vertex   8.320563e-02 8.930000e-02 1.638500e-01
      vertex   8.320563e-02 5.853333e-02 1.638500e-01
      vertex   8.269295e-02 8.930000e-02 1.624022e-01
    endloop
  endfacet
  facet normal 9.426415e-01 -3.011376e-16 -3.338069e-01
    outer loop
      vertex   8.269295e-02 8.930000e-02 1.624022e-01
      vertex   8.320563e-02 5.853333e-02 1.638500e-01
      vertex   8.269295e-02 5.853333e-02 1.624022e-01
    endloop
  endfacet
  facet normal 9.366722e-01 -3.159331e-16 -3.502074e-01
    outer loop
      vertex   8.269295e-02 8.930000e-02 1.624022e-01
      vertex   8.269295e-02 5.853333e-02 1.624022e-01
      vertex   8.215508e-02 8.930000e-02 1.609636e-01
    endloop
  endfacet
  facet normal 9.366722e-01 0.000000e+00 -3.502074e-01
    outer loop
      vertex   8.215508e-02 8.930000e-02 1.609636e-01
      vertex   8.269295e-02 5.853333e-02 1.624022e-01
      vertex   8.215508e-02 5.853333e-02 1.609636e-01
    endloop
  endfacet
  facet normal 9.304176e-01 0.000000e+00 -3.665012e-01
    outer loop
      vertex   8.215508e-02 8.930000e-02 1.609636e-01
      vertex   8.215508e-02 5.853333e-02 1.609636e-01
      vertex   8.159218e-02 8.930000e-02 1.595346e-01
    endloop
  endfacet
  facet normal 9.304176e-01 0.000000e+00 -3.665012e-01
    outer loop
      vertex   8.159218e-02 8.930000e-02 1.595346e-01
      vertex   8.215508e-02 5.853333e-02 1.609636e-01
      vertex   8.159218e-02 5.853333e-02 1.595346e-01
    endloop
  endfacet
  facet normal 9.238795e-01 0.000000e+00 -3.826834e-01
    outer loop
      vertex   8.159218e-02 8.930000e-02 1.595346e-01
      vertex   8.159218e-02 5.853333e-02 1.595346e-01
      vertex   8.100443e-02 8.930000e-02 1.581157e-01
    endloop
  endfacet
  facet normal 9.238795e-01 0.000000e+00 -3.826834e-01
    outer loop
      vertex   8.100443e-02 8.930000e-02 1.581157e-01
      vertex   8.159218e-02 5.853333e-02 1.595346e-01
      vertex   8.100443e-02 5.853333e-02 1.581157e-01
    endloop
  endfacet
  facet normal 9.170601e-01 0.000000e+00 -3.987491e-01
    outer loop
      vertex   8.100443e-02 8.930000e-02 1.581157e-01
      vertex   8.100443e-02 5.853333e-02 1.581157e-01
      vertex   8.039200e-02 8.930000e-02 1.567072e-01
    endloop
  endfacet
  facet normal 9.170601e-01 4.136543e-16 -3.987491e-01
    outer loop
      vertex   8.039200e-02 8.930000e-02 1.567072e-01
      vertex   8.100443e-02 5.853333e-02 1.581157e-01
      vertex   8.039200e-02 5.853333e-02 1.567072e-01
    endloop
  endfacet
  facet normal 9.099613e-01 4.104523e-16 -4.146932e-01
    outer loop
      vertex   8.039200e-02 8.930000e-02 1.567072e-01
      vertex   8.039200e-02 5.853333e-02 1.567072e-01
      vertex   7.975509e-02 8.930000e-02 1.553096e-01
    endloop
  endfacet
  facet normal 9.099613e-01 0.000000e+00 -4.146932e-01
    outer loop
      vertex   7.975509e-02 8.930000e-02 1.553096e-01
      vertex   8.039200e-02 5.853333e-02 1.567072e-01
      vertex   7.975509e-02 5.853333e-02 1.553096e-01
    endloop
  endfacet
  facet normal 9.025853e-01 0.000000e+00 -4.305111e-01
    outer loop
      vertex   7.975509e-02 8.930000e-02 1.553096e-01
      vertex   7.975509e-02 5.853333e-02 1.553096e-01
      vertex   7.909388e-02 8.930000e-02 1.539233e-01
    endloop
  endfacet
  facet normal 9.025853e-01 0.000000e+00 -4.305111e-01
    outer loop
      vertex   7.909388e-02 8.930000e-02 1.539233e-01
      vertex   7.975509e-02 5.853333e-02 1.553096e-01
      vertex   7.909388e-02 5.853333e-02 1.539233e-01
    endloop
  endfacet
  facet normal 8.949344e-01 0.000000e+00 -4.461978e-01
    outer loop
      vertex   7.909388e-02 8.930000e-02 1.539233e-01
      vertex   7.909388e-02 5.853333e-02 1.539233e-01
      vertex   7.840857e-02 8.930000e-02 1.525488e-01
    endloop
  endfacet
  facet normal 8.949344e-01 0.000000e+00 -4.461978e-01
    outer loop
      vertex   7.840857e-02 8.930000e-02 1.525488e-01
      vertex   7.909388e-02 5.853333e-02 1.539233e-01
      vertex   7.840857e-02 5.853333e-02 1.525488e-01
    endloop
  endfacet
  facet normal 8.870108e-01 0.000000e+00 -4.617486e-01
    outer loop
      vertex   7.840857e-02 8.930000e-02 1.525488e-01
      vertex   7.840857e-02 5.853333e-02 1.525488e-01
      vertex   7.769939e-02 8.930000e-02 1.511865e-01
    endloop
  endfacet
  facet normal 8.870108e-01 -4.165579e-16 -4.617486e-01
    outer loop
      vertex   7.769939e-02 8.930000e-02 1.511865e-01
      vertex   7.840857e-02 5.853333e-02 1.525488e-01
      vertex   7.769939e-02 5.853333e-02 1.511865e-01
    endloop
  endfacet
  facet normal 8.788171e-01 -4.304599e-16 -4.771588e-01
    outer loop
      vertex   7.769939e-02 8.930000e-02 1.511865e-01
      vertex   7.769939e-02 5.853333e-02 1.511865e-01
      vertex   7.696653e-02 8.930000e-02 1.498368e-01
    endloop
  endfacet
  facet normal 8.788171e-01 3.964042e-16 -4.771588e-01
    outer loop
      vertex   7.696653e-02 8.930000e-02 1.498368e-01
      vertex   7.769939e-02 5.853333e-02 1.511865e-01
      vertex   7.696653e-02 5.853333e-02 1.498368e-01
    endloop
  endfacet
  facet normal 8.703557e-01 3.925876e-16 -4.924236e-01
    outer loop
      vertex   7.696653e-02 8.930000e-02 1.498368e-01
      vertex   7.696653e-02 5.853333e-02 1.498368e-01
      vertex   7.621024e-02 8.930000e-02 1.485000e-01
    endloop
  endfacet
  facet normal 8.703557e-01 5.164315e-17 -4.924236e-01
    outer loop
      vertex   7.621024e-02 8.930000e-02 1.485000e-01
      vertex   7.696653e-02 5.853333e-02 1.498368e-01
      vertex   7.621024e-02 5.853333e-02 1.485000e-01
    endloop
  endfacet
  facet normal 8.616292e-01 6.921493e-17 -5.075384e-01
    outer loop
      vertex   7.621024e-02 8.930000e-02 1.485000e-01
      vertex   7.621024e-02 5.853333e-02 1.485000e-01
      vertex   7.543072e-02 8.930000e-02 1.471767e-01
    endloop
  endfacet
  facet normal 8.616292e-01 -3.886514e-16 -5.075384e-01
    outer loop
      vertex   7.543072e-02 8.930000e-02 1.471767e-01
      vertex   7.621024e-02 5.853333e-02 1.485000e-01
      vertex   7.543072e-02 5.853333e-02 1.471767e-01
    endloop
  endfacet
  facet normal 8.526402e-01 -3.845967e-16 -5.224986e-01
    outer loop
      vertex   7.543072e-02 8.930000e-02 1.471767e-01
      vertex   7.543072e-02 5.853333e-02 1.471767e-01
      vertex   7.462823e-02 8.930000e-02 1.458671e-01
    endloop
  endfacet
  facet normal 8.526402e-01 3.845967e-16 -5.224986e-01
    outer loop
      vertex   7.462823e-02 8.930000e-02 1.458671e-01
      vertex   7.543072e-02 5.853333e-02 1.471767e-01
      vertex   7.462823e-02 5.853333e-02 1.458671e-01
    endloop
  endfacet
  facet normal 8.433914e-01 3.804249e-16 -5.372996e-01
    outer loop
      vertex   7.462823e-02 8.930000e-02 1.458671e-01
      vertex   7.462823e-02 5.853333e-02 1.458671e-01
      vertex   7.380301e-02 8.930000e-02 1.445718e-01
    endloop
  endfacet
  facet normal 8.433914e-01 0.000000e+00 -5.372996e-01
    outer loop
      vertex   7.380301e-02 8.930000e-02 1.445718e-01
      vertex   7.462823e-02 5.853333e-02 1.458671e-01
      vertex   7.380301e-02 5.853333e-02 1.445718e-01
    endloop
  endfacet
  facet normal 8.338858e-01 0.000000e+00 -5.519370e-01
    outer loop
      vertex   7.380301e-02 8.930000e-02 1.445718e-01
      vertex   7.380301e-02 5.853333e-02 1.445718e-01
      vertex   7.295531e-02 8.930000e-02 1.432910e-01
    endloop
  endfacet
  facet normal 8.338858e-01 0.000000e+00 -5.519370e-01
    outer loop
      vertex   7.295531e-02 8.930000e-02 1.432910e-01
      vertex   7.380301e-02 5.853333e-02 1.445718e-01
      vertex   7.295531e-02 5.853333e-02 1.432910e-01
    endloop
  endfacet
  facet normal 8.241262e-01 0.000000e+00 -5.664062e-01
    outer loop
      vertex   7.295531e-02 8.930000e-02 1.432910e-01
      vertex   7.295531e-02 5.853333e-02 1.432910e-01
      vertex   7.208538e-02 8.930000e-02 1.420253e-01
    endloop
  endfacet
  facet normal 8.241262e-01 0.000000e+00 -5.664062e-01
    outer loop
      vertex   7.208538e-02 8.930000e-02 1.420253e-01
      vertex   7.295531e-02 5.853333e-02 1.432910e-01
      vertex   7.208538e-02 5.853333e-02 1.420253e-01
    endloop
  endfacet
  facet normal 8.141155e-01 0.000000e+00 -5.807030e-01
    outer loop
      vertex   7.208538e-02 8.930000e-02 1.420253e-01
      vertex   7.208538e-02 5.853333e-02 1.420253e-01
      vertex   7.119350e-02 8.930000e-02 1.407749e-01
    endloop
  endfacet
  facet normal 8.141155e-01 0.000000e+00 -5.807030e-01
    outer loop
      vertex   7.119350e-02 8.930000e-02 1.407749e-01
      vertex   7.208538e-02 5.853333e-02 1.420253e-01
      vertex   7.119350e-02 5.853333e-02 1.407749e-01
    endloop
  endfacet
  facet normal 8.038569e-01 0.000000e+00 -5.948228e-01
    outer loop
      vertex   7.119350e-02 8.930000e-02 1.407749e-01
      vertex   7.119350e-02 5.853333e-02 1.407749e-01
      vertex   7.027992e-02 8.930000e-02 1.395403e-01
    endloop
  endfacet
  facet normal 8.038569e-01 0.000000e+00 -5.948228e-01
    outer loop
      vertex   7.027992e-02 8.930000e-02 1.395403e-01
      vertex   7.119350e-02 5.853333e-02 1.407749e-01
      vertex   7.027992e-02 5.853333e-02 1.395403e-01
    endloop
  endfacet
  facet normal 7.933533e-01 0.000000e+00 -6.087614e-01
    outer loop
      vertex   7.027992e-02 8.930000e-02 1.395403e-01
      vertex   7.027992e-02 5.853333e-02 1.395403e-01
      vertex   6.934495e-02 8.930000e-02 1.383218e-01
    endloop
  endfacet
  facet normal 7.933533e-01 3.578545e-16 -6.087614e-01
    outer loop
      vertex   6.934495e-02 8.930000e-02 1.383218e-01
      vertex   7.027992e-02 5.853333e-02 1.395403e-01
      vertex   6.934495e-02 5.853333e-02 1.383218e-01
    endloop
  endfacet
  facet normal 7.826082e-01 3.530077e-16 -6.225146e-01
    outer loop
      vertex   6.934495e-02 8.930000e-02 1.383218e-01
      vertex   6.934495e-02 5.853333e-02 1.383218e-01
      vertex   6.838884e-02 8.930000e-02 1.371198e-01
    endloop
  endfacet
  facet normal 7.826082e-01 0.000000e+00 -6.225146e-01
    outer loop
      vertex   6.838884e-02 8.930000e-02 1.371198e-01
      vertex   6.934495e-02 5.853333e-02 1.383218e-01
      vertex   6.838884e-02 5.853333e-02 1.371198e-01
    endloop
  endfacet
  facet normal 7.716246e-01 0.000000e+00 -6.360782e-01
    outer loop
      vertex   6.838884e-02 8.930000e-02 1.371198e-01
      vertex   6.838884e-02 5.853333e-02 1.371198e-01
      vertex   6.741191e-02 8.930000e-02 1.359347e-01
    endloop
  endfacet
  facet normal 7.716246e-01 0.000000e+00 -6.360782e-01
    outer loop
      vertex   6.741191e-02 8.930000e-02 1.359347e-01
      vertex   6.838884e-02 5.853333e-02 1.371198e-01
      vertex   6.741191e-02 5.853333e-02 1.359347e-01
    endloop
  endfacet
  facet normal 7.604060e-01 0.000000e+00 -6.494480e-01
    outer loop
      vertex   6.741191e-02 8.930000e-02 1.359347e-01
      vertex   6.741191e-02 5.853333e-02 1.359347e-01
      vertex   6.641444e-02 8.930000e-02 1.347668e-01
    endloop
  endfacet
  facet normal 7.604060e-01 0.000000e+00 -6.494480e-01
    outer loop
      vertex   6.641444e-02 8.930000e-02 1.347668e-01
      vertex   6.741191e-02 5.853333e-02 1.359347e-01
      vertex   6.641444e-02 5.853333e-02 1.347668e-01
    endloop
  endfacet
  facet normal 7.489557e-01 0.000000e+00 -6.626200e-01
    outer loop
      vertex   6.641444e-02 8.930000e-02 1.347668e-01
      vertex   6.641444e-02 5.853333e-02 1.347668e-01
      vertex   6.539674e-02 8.930000e-02 1.336165e-01
    endloop
  endfacet
  facet normal 7.489557e-01 0.000000e+00 -6.626200e-01
    outer loop
      vertex   6.539674e-02 8.930000e-02 1.336165e-01
      vertex   6.641444e-02 5.853333e-02 1.347668e-01
      vertex   6.539674e-02 5.853333e-02 1.336165e-01
    endloop
  endfacet
  facet normal 7.372773e-01 0.000000e+00 -6.755902e-01
    outer loop
      vertex   6.539674e-02 8.930000e-02 1.336165e-01
      vertex   6.539674e-02 5.853333e-02 1.336165e-01
      vertex   6.435913e-02 8.930000e-02 1.324842e-01
    endloop
  endfacet
  facet normal 7.372773e-01 3.325605e-16 -6.755902e-01
    outer loop
      vertex   6.435913e-02 8.930000e-02 1.324842e-01
      vertex   6.539674e-02 5.853333e-02 1.336165e-01
      vertex   6.435913e-02 5.853333e-02 1.324842e-01
    endloop
  endfacet
  facet normal 7.253744e-01 3.271915e-16 -6.883546e-01
    outer loop
      vertex   6.435913e-02 8.930000e-02 1.324842e-01
      vertex   6.435913e-02 5.853333e-02 1.324842e-01
      vertex   6.330190e-02 8.930000e-02 1.313701e-01
    endloop
  endfacet
  facet normal 7.253744e-01 -6.543830e-16 -6.883546e-01
    outer loop
      vertex   6.330190e-02 8.930000e-02 1.313701e-01
      vertex   6.435913e-02 5.853333e-02 1.324842e-01
      vertex   6.330190e-02 5.853333e-02 1.313701e-01
    endloop
  endfacet
  facet normal 7.132504e-01 -6.434456e-16 -7.009093e-01
    outer loop
      vertex   6.330190e-02 8.930000e-02 1.313701e-01
      vertex   6.330190e-02 5.853333e-02 1.313701e-01
      vertex   6.222540e-02 8.930000e-02 1.302746e-01
    endloop
  endfacet
  facet normal 7.132504e-01 -1.608614e-16 -7.009093e-01
    outer loop
      vertex   6.222540e-02 8.930000e-02 1.302746e-01
      vertex   6.330190e-02 5.853333e-02 1.313701e-01
      vertex   6.222540e-02 5.853333e-02 1.302746e-01
    endloop
  endfacet
  facet normal 7.009093e-01 -1.580781e-16 -7.132504e-01
    outer loop
      vertex   6.222540e-02 8.930000e-02 1.302746e-01
      vertex   6.222540e-02 5.853333e-02 1.302746e-01
      vertex   6.112994e-02 8.930000e-02 1.291981e-01
    endloop
  endfacet
  facet normal 7.009093e-01 -3.161561e-16 -7.132504e-01
    outer loop
      vertex   6.112994e-02 8.930000e-02 1.291981e-01
      vertex   6.222540e-02 5.853333e-02 1.302746e-01
      vertex   6.112994e-02 5.853333e-02 1.291981e-01
    endloop
  endfacet
  facet normal 6.883546e-01 -3.104931e-16 -7.253744e-01
    outer loop
      vertex   6.112994e-02 8.930000e-02 1.291981e-01
      vertex   6.112994e-02 5.853333e-02 1.291981e-01
      vertex   6.001586e-02 8.930000e-02 1.281409e-01
    endloop
  endfacet
  facet normal 6.883546e-01 1.552466e-16 -7.253744e-01
    outer loop
      vertex   6.001586e-02 8.930000e-02 1.281409e-01
      vertex   6.112994e-02 5.853333e-02 1.291981e-01
      vertex   6.001586e-02 5.853333e-02 1.281409e-01
    endloop
  endfacet
  facet normal 6.755902e-01 1.523678e-16 -7.372773e-01
    outer loop
      vertex   6.001586e-02 8.930000e-02 1.281409e-01
      vertex   6.001586e-02 5.853333e-02 1.281409e-01
      vertex   5.888349e-02 8.930000e-02 1.271033e-01
    endloop
  endfacet
  facet normal 6.755902e-01 0.000000e+00 -7.372773e-01
    outer loop
      vertex   5.888349e-02 8.930000e-02 1.271033e-01
      vertex   6.001586e-02 5.853333e-02 1.281409e-01
      vertex   5.888349e-02 5.853333e-02 1.271033e-01
    endloop
  endfacet
  facet normal 6.626200e-01 0.000000e+00 -7.489557e-01
    outer loop
      vertex   5.888349e-02 8.930000e-02 1.271033e-01
      vertex   5.888349e-02 5.853333e-02 1.271033e-01
      vertex   5.773319e-02 8.930000e-02 1.260856e-01
    endloop
  endfacet
  facet normal 6.626200e-01 0.000000e+00 -7.489557e-01
    outer loop
      vertex   5.773319e-02 8.930000e-02 1.260856e-01
      vertex   5.888349e-02 5.853333e-02 1.271033e-01
      vertex   5.773319e-02 5.853333e-02 1.260856e-01
    endloop
  endfacet
  facet normal 6.494480e-01 0.000000e+00 -7.604060e-01
    outer loop
      vertex   5.773319e-02 8.930000e-02 1.260856e-01
      vertex   5.773319e-02 5.853333e-02 1.260856e-01
      vertex   5.656531e-02 8.930000e-02 1.250881e-01
    endloop
  endfacet
  facet normal 6.494480e-01 2.929437e-16 -7.604060e-01
    outer loop
      vertex   5.656531e-02 8.930000e-02 1.250881e-01
      vertex   5.773319e-02 5.853333e-02 1.260856e-01
      vertex   5.656531e-02 5.853333e-02 1.250881e-01
    endloop
  endfacet
  facet normal 6.360782e-01 2.869131e-16 -7.716246e-01
    outer loop
      vertex   5.656531e-02 8.930000e-02 1.250881e-01
      vertex   5.656531e-02 5.853333e-02 1.250881e-01
      vertex   5.538019e-02 8.930000e-02 1.241112e-01
    endloop
  endfacet
  facet normal 6.360782e-01 -3.480534e-16 -7.716246e-01
    outer loop
      vertex   5.538019e-02 8.930000e-02 1.241112e-01
      vertex   5.656531e-02 5.853333e-02 1.250881e-01
      vertex   5.538019e-02 5.853333e-02 1.241112e-01
    endloop
  endfacet
  facet normal 6.225146e-01 -3.530077e-16 -7.826082e-01
    outer loop
      vertex   5.538019e-02 8.930000e-02 1.241112e-01
      vertex   5.538019e-02 5.853333e-02 1.241112e-01
      vertex   5.417821e-02 8.930000e-02 1.231551e-01
    endloop
  endfacet
  facet normal 6.225146e-01 1.403975e-16 -7.826082e-01
    outer loop
      vertex   5.417821e-02 8.930000e-02 1.231551e-01
      vertex   5.538019e-02 5.853333e-02 1.241112e-01
      vertex   5.417821e-02 5.853333e-02 1.231551e-01
    endloop
  endfacet
  facet normal 6.087614e-01 1.372957e-16 -7.933533e-01
    outer loop
      vertex   5.417821e-02 8.930000e-02 1.231551e-01
      vertex   5.417821e-02 5.853333e-02 1.231551e-01
      vertex   5.295972e-02 8.930000e-02 1.222201e-01
    endloop
  endfacet
  facet normal 6.087614e-01 0.000000e+00 -7.933533e-01
    outer loop
      vertex   5.295972e-02 8.930000e-02 1.222201e-01
      vertex   5.417821e-02 5.853333e-02 1.231551e-01
      vertex   5.295972e-02 5.853333e-02 1.222201e-01
    endloop
  endfacet
  facet normal 5.948228e-01 0.000000e+00 -8.038569e-01
    outer loop
      vertex   5.295972e-02 8.930000e-02 1.222201e-01
      vertex   5.295972e-02 5.853333e-02 1.222201e-01
      vertex   5.172510e-02 8.930000e-02 1.213065e-01
    endloop
  endfacet
  facet normal 5.948228e-01 -1.341521e-16 -8.038569e-01
    outer loop
      vertex   5.172510e-02 8.930000e-02 1.213065e-01
      vertex   5.295972e-02 5.853333e-02 1.222201e-01
      vertex   5.172510e-02 5.853333e-02 1.213065e-01
    endloop
  endfacet
  facet normal 5.807030e-01 -1.309676e-16 -8.141155e-01
    outer loop
      vertex   5.172510e-02 8.930000e-02 1.213065e-01
      vertex   5.172510e-02 5.853333e-02 1.213065e-01
      vertex   5.047473e-02 8.930000e-02 1.204146e-01
    endloop
  endfacet
  facet normal 5.807030e-01 -3.672196e-16 -8.141155e-01
    outer loop
      vertex   5.047473e-02 8.930000e-02 1.204146e-01
      vertex   5.172510e-02 5.853333e-02 1.213065e-01
      vertex   5.047473e-02 5.853333e-02 1.204146e-01
    endloop
  endfacet
  facet normal 5.664062e-01 -3.717351e-16 -8.241262e-01
    outer loop
      vertex   5.047473e-02 8.930000e-02 1.204146e-01
      vertex   5.047473e-02 5.853333e-02 1.204146e-01
      vertex   4.920898e-02 8.930000e-02 1.195447e-01
    endloop
  endfacet
  facet normal 5.664062e-01 0.000000e+00 -8.241262e-01
    outer loop
      vertex   4.920898e-02 8.930000e-02 1.195447e-01
      vertex   5.047473e-02 5.853333e-02 1.204146e-01
      vertex   4.920898e-02 5.853333e-02 1.195447e-01
    endloop
  endfacet
  facet normal 5.519370e-01 0.000000e+00 -8.338858e-01
    outer loop
      vertex   4.920898e-02 8.930000e-02 1.195447e-01
      vertex   4.920898e-02 5.853333e-02 1.195447e-01
      vertex   4.792824e-02 8.930000e-02 1.186970e-01
    endloop
  endfacet
  facet normal 5.519370e-01 -1.244799e-16 -8.338858e-01
    outer loop
      vertex   4.792824e-02 8.930000e-02 1.186970e-01
      vertex   4.920898e-02 5.853333e-02 1.195447e-01
      vertex   4.792824e-02 5.853333e-02 1.186970e-01
    endloop
  endfacet
  facet normal 5.372996e-01 -1.211787e-16 -8.433914e-01
    outer loop
      vertex   4.792824e-02 8.930000e-02 1.186970e-01
      vertex   4.792824e-02 5.853333e-02 1.186970e-01
      vertex   4.663290e-02 8.930000e-02 1.178718e-01
    endloop
  endfacet
  facet normal 5.372996e-01 0.000000e+00 -8.433914e-01
    outer loop
      vertex   4.663290e-02 8.930000e-02 1.178718e-01
      vertex   4.792824e-02 5.853333e-02 1.186970e-01
      vertex   4.663290e-02 5.853333e-02 1.178718e-01
    endloop
  endfacet
  facet normal 5.224986e-01 0.000000e+00 -8.526402e-01
    outer loop
      vertex   4.663290e-02 8.930000e-02 1.178718e-01
      vertex   4.663290e-02 5.853333e-02 1.178718e-01
      vertex   4.532335e-02 8.930000e-02 1.170693e-01
    endloop
  endfacet
  facet normal 5.224986e-01 0.000000e+00 -8.526402e-01
    outer loop
      vertex   4.532335e-02 8.930000e-02 1.170693e-01
      vertex   4.663290e-02 5.853333e-02 1.178718e-01
      vertex   4.532335e-02 5.853333e-02 1.170693e-01
    endloop
  endfacet
  facet normal 5.075384e-01 0.000000e+00 -8.616292e-01
    outer loop
      vertex   4.532335e-02 8.930000e-02 1.170693e-01
      vertex   4.532335e-02 5.853333e-02 1.170693e-01
      vertex   4.400000e-02 8.930000e-02 1.162898e-01
    endloop
  endfacet
  facet normal 5.075384e-01 0.000000e+00 -8.616292e-01
    outer loop
      vertex   4.400000e-02 8.930000e-02 1.162898e-01
      vertex   4.532335e-02 5.853333e-02 1.170693e-01
      vertex   4.400000e-02 5.853333e-02 1.162898e-01
    endloop
  endfacet
  facet normal 4.924236e-01 0.000000e+00 -8.703557e-01
    outer loop
      vertex   4.400000e-02 8.930000e-02 1.162898e-01
      vertex   4.400000e-02 5.853333e-02 1.162898e-01
      vertex   4.266325e-02 8.930000e-02 1.155335e-01
    endloop
  endfacet
  facet normal 4.924236e-01 0.000000e+00 -8.703557e-01
    outer loop
      vertex   4.266325e-02 8.930000e-02 1.155335e-01
      vertex   4.400000e-02 5.853333e-02 1.162898e-01
      vertex   4.266325e-02 5.853333e-02 1.155335e-01
    endloop
  endfacet
  facet normal 4.771588e-01 0.000000e+00 -8.788171e-01
    outer loop
      vertex   4.266325e-02 8.930000e-02 1.155335e-01
      vertex   4.266325e-02 5.853333e-02 1.155335e-01
      vertex   4.131350e-02 8.930000e-02 1.148006e-01
    endloop
  endfacet
  facet normal 4.771588e-01 4.699636e-16 -8.788171e-01
    outer loop
      vertex   4.131350e-02 8.930000e-02 1.148006e-01
      vertex   4.266325e-02 5.853333e-02 1.155335e-01
      vertex   4.131350e-02 5.853333e-02 1.148006e-01
    endloop
  endfacet
  facet normal 4.617486e-01 4.877819e-16 -8.870108e-01
    outer loop
      vertex   4.131350e-02 8.930000e-02 1.148006e-01
      vertex   4.131350e-02 5.853333e-02 1.148006e-01
      vertex   3.995116e-02 8.930000e-02 1.140914e-01
    endloop
  endfacet
  facet normal 4.617486e-01 2.082790e-16 -8.870108e-01
    outer loop
      vertex   3.995116e-02 8.930000e-02 1.140914e-01
      vertex   4.131350e-02 5.853333e-02 1.148006e-01
      vertex   3.995116e-02 5.853333e-02 1.140914e-01
    endloop
  endfacet
  facet normal 4.461978e-01 2.012645e-16 -8.949344e-01
    outer loop
      vertex   3.995116e-02 8.930000e-02 1.140914e-01
      vertex   3.995116e-02 5.853333e-02 1.140914e-01
      vertex   3.857666e-02 8.930000e-02 1.134061e-01
    endloop
  endfacet
  facet normal 4.461978e-01 0.000000e+00 -8.949344e-01
    outer loop
      vertex   3.857666e-02 8.930000e-02 1.134061e-01
      vertex   3.995116e-02 5.853333e-02 1.140914e-01
      vertex   3.857666e-02 5.853333e-02 1.134061e-01
    endloop
  endfacet
  facet normal 4.305111e-01 0.000000e+00 -9.025853e-01
    outer loop
      vertex   3.857666e-02 8.930000e-02 1.134061e-01
      vertex   3.857666e-02 5.853333e-02 1.134061e-01
      vertex   3.719041e-02 8.930000e-02 1.127449e-01
    endloop
  endfacet
  facet normal 4.305111e-01 0.000000e+00 -9.025853e-01
    outer loop
      vertex   3.719041e-02 8.930000e-02 1.127449e-01
      vertex   3.857666e-02 5.853333e-02 1.134061e-01
      vertex   3.719041e-02 5.853333e-02 1.127449e-01
    endloop
  endfacet
  facet normal 4.146932e-01 0.000000e+00 -9.099613e-01
    outer loop
      vertex   3.719041e-02 8.930000e-02 1.127449e-01
      vertex   3.719041e-02 5.853333e-02 1.127449e-01
      vertex   3.579282e-02 8.930000e-02 1.121080e-01
    endloop
  endfacet
  facet normal 4.146932e-01 0.000000e+00 -9.099613e-01
    outer loop
      vertex   3.579282e-02 8.930000e-02 1.121080e-01
      vertex   3.719041e-02 5.853333e-02 1.127449e-01
      vertex   3.579282e-02 5.853333e-02 1.121080e-01
    endloop
  endfacet
  facet normal 3.987491e-01 0.000000e+00 -9.170601e-01
    outer loop
      vertex   3.579282e-02 8.930000e-02 1.121080e-01
      vertex   3.579282e-02 5.853333e-02 1.121080e-01
      vertex   3.438434e-02 8.930000e-02 1.114956e-01
    endloop
  endfacet
  facet normal 3.987491e-01 0.000000e+00 -9.170601e-01
    outer loop
      vertex   3.438434e-02 8.930000e-02 1.114956e-01
      vertex   3.579282e-02 5.853333e-02 1.121080e-01
      vertex   3.438434e-02 5.853333e-02 1.114956e-01
    endloop
  endfacet
  facet normal 3.826834e-01 0.000000e+00 -9.238795e-01
    outer loop
      vertex   3.438434e-02 8.930000e-02 1.114956e-01
      vertex   3.438434e-02 5.853333e-02 1.114956e-01
      vertex   3.296538e-02 8.930000e-02 1.109078e-01
    endloop
  endfacet
  facet normal 3.826834e-01 0.000000e+00 -9.238795e-01
    outer loop
      vertex   3.296538e-02 8.930000e-02 1.109078e-01
      vertex   3.438434e-02 5.853333e-02 1.114956e-01
      vertex   3.296538e-02 5.853333e-02 1.109078e-01
    endloop
  endfacet
  facet normal 3.665012e-01 0.000000e+00 -9.304176e-01
    outer loop
      vertex   3.296538e-02 8.930000e-02 1.109078e-01
      vertex   3.296538e-02 5.853333e-02 1.109078e-01
      vertex   3.153638e-02 8.930000e-02 1.103449e-01
    endloop
  endfacet
  facet normal 3.665012e-01 0.000000e+00 -9.304176e-01
    outer loop
      vertex   3.153638e-02 8.930000e-02 1.103449e-01
      vertex   3.296538e-02 5.853333e-02 1.109078e-01
      vertex   3.153638e-02 5.853333e-02 1.103449e-01
    endloop
  endfacet
  facet normal 3.502074e-01 0.000000e+00 -9.366722e-01
    outer loop
      vertex   3.153638e-02 8.930000e-02 1.103449e-01
      vertex   3.153638e-02 5.853333e-02 1.103449e-01
      vertex   3.009777e-02 8.930000e-02 1.098071e-01
    endloop
  endfacet
  facet normal 3.502074e-01 1.974582e-16 -9.366722e-01
    outer loop
      vertex   3.009777e-02 8.930000e-02 1.098071e-01
      vertex   3.153638e-02 5.853333e-02 1.103449e-01
      vertex   3.009777e-02 5.853333e-02 1.098071e-01
    endloop
  endfacet
  facet normal 3.338069e-01 1.882110e-16 -9.426415e-01
    outer loop
      vertex   3.009777e-02 8.930000e-02 1.098071e-01
      vertex   3.009777e-02 5.853333e-02 1.098071e-01
      vertex   2.865000e-02 8.930000e-02 1.092944e-01
    endloop
  endfacet
  facet normal 3.338069e-01 0.000000e+00 -9.426415e-01
    outer loop
      vertex   2.865000e-02 8.930000e-02 1.092944e-01
      vertex   3.009777e-02 5.853333e-02 1.098071e-01
      vertex   2.865000e-02 5.853333e-02 1.092944e-01
    endloop
  endfacet
  facet normal 3.173047e-01 0.000000e+00 -9.483237e-01
    outer loop
      vertex   2.865000e-02 8.930000e-02 1.092944e-01
      vertex   2.865000e-02 5.853333e-02 1.092944e-01
      vertex   2.719350e-02 8.930000e-02 1.088070e-01
    endloop
  endfacet
  facet normal 3.173047e-01 0.000000e+00 -9.483237e-01
    outer loop
      vertex   2.719350e-02 8.930000e-02 1.088070e-01
      vertex   2.865000e-02 5.853333e-02 1.092944e-01
      vertex   2.719350e-02 5.853333e-02 1.088070e-01
    endloop
  endfacet
  facet normal 3.007058e-01 0.000000e+00 -9.537170e-01
    outer loop
      vertex   2.719350e-02 8.930000e-02 1.088070e-01
      vertex   2.719350e-02 5.853333e-02 1.088070e-01
      vertex   2.572871e-02 8.930000e-02 1.083452e-01
    endloop
  endfacet
  facet normal 3.007058e-01 0.000000e+00 -9.537170e-01
    outer loop
      vertex   2.572871e-02 8.930000e-02 1.083452e-01
      vertex   2.719350e-02 5.853333e-02 1.088070e-01
      vertex   2.572871e-02 5.853333e-02 1.083452e-01
    endloop
  endfacet
  facet normal 2.840153e-01 0.000000e+00 -9.588197e-01
    outer loop
      vertex   2.572871e-02 8.930000e-02 1.083452e-01
      vertex   2.572871e-02 5.853333e-02 1.083452e-01
      vertex   2.425609e-02 8.930000e-02 1.079090e-01
    endloop
  endfacet
  facet normal 2.840153e-01 0.000000e+00 -9.588197e-01
    outer loop
      vertex   2.425609e-02 8.930000e-02 1.079090e-01
      vertex   2.572871e-02 5.853333e-02 1.083452e-01
      vertex   2.425609e-02 5.853333e-02 1.079090e-01
    endloop
  endfacet
  facet normal 2.672384e-01 0.000000e+00 -9.636305e-01
    outer loop
      vertex   2.425609e-02 8.930000e-02 1.079090e-01
      vertex   2.425609e-02 5.853333e-02 1.079090e-01
      vertex   2.277608e-02 8.930000e-02 1.074985e-01
    endloop
  endfacet
  facet normal 2.672384e-01 0.000000e+00 -9.636305e-01
    outer loop
      vertex   2.277608e-02 8.930000e-02 1.074985e-01
      vertex   2.425609e-02 5.853333e-02 1.079090e-01
      vertex   2.277608e-02 5.853333e-02 1.074985e-01
    endloop
  endfacet
  facet normal 2.503800e-01 0.000000e+00 -9.681476e-01
    outer loop
      vertex   2.277608e-02 8.930000e-02 1.074985e-01
      vertex   2.277608e-02 5.853333e-02 1.074985e-01
      vertex   2.128913e-02 8.930000e-02 1.071140e-01
    endloop
  endfacet
  facet normal 2.503800e-01 0.000000e+00 -9.681476e-01
    outer loop
      vertex   2.128913e-02 8.930000e-02 1.071140e-01
      vertex   2.277608e-02 5.853333e-02 1.074985e-01
      vertex   2.128913e-02 5.853333e-02 1.071140e-01
    endloop
  endfacet
  facet normal 2.334454e-01 0.000000e+00 -9.723699e-01
    outer loop
      vertex   2.128913e-02 8.930000e-02 1.071140e-01
      vertex   2.128913e-02 5.853333e-02 1.071140e-01
      vertex   1.979569e-02 8.930000e-02 1.067554e-01
    endloop
  endfacet
  facet normal 2.334454e-01 0.000000e+00 -9.723699e-01
    outer loop
      vertex   1.979569e-02 8.930000e-02 1.067554e-01
      vertex   2.128913e-02 5.853333e-02 1.071140e-01
      vertex   1.979569e-02 5.853333e-02 1.067554e-01
    endloop
  endfacet
  facet normal 2.164396e-01 0.000000e+00 -9.762960e-01
    outer loop
      vertex   1.979569e-02 8.930000e-02 1.067554e-01
      vertex   1.979569e-02 5.853333e-02 1.067554e-01
      vertex   1.829623e-02 8.930000e-02 1.064230e-01
    endloop
  endfacet
  facet normal 2.164396e-01 0.000000e+00 -9.762960e-01
    outer loop
      vertex   1.829623e-02 8.930000e-02 1.064230e-01
      vertex   1.979569e-02 5.853333e-02 1.067554e-01
      vertex   1.829623e-02 5.853333e-02 1.064230e-01
    endloop
  endfacet
  facet normal 1.993679e-01 0.000000e+00 -9.799247e-01
    outer loop
      vertex   1.829623e-02 8.930000e-02 1.064230e-01
      vertex   1.829623e-02 5.853333e-02 1.064230e-01
      vertex   1.679119e-02 8.930000e-02 1.061168e-01
    endloop
  endfacet
  facet normal 1.993679e-01 0.000000e+00 -9.799247e-01
    outer loop
      vertex   1.679119e-02 8.930000e-02 1.061168e-01
      vertex   1.829623e-02 5.853333e-02 1.064230e-01
      vertex   1.679119e-02 5.853333e-02 1.061168e-01
    endloop
  endfacet
  facet normal 1.822355e-01 0.000000e+00 -9.832549e-01
    outer loop
      vertex   1.679119e-02 8.930000e-02 1.061168e-01
      vertex   1.679119e-02 5.853333e-02 1.061168e-01
      vertex   1.528104e-02 8.930000e-02 1.058369e-01
    endloop
  endfacet
  facet normal 1.822355e-01 0.000000e+00 -9.832549e-01
    outer loop
      vertex   1.528104e-02 8.930000e-02 1.058369e-01
      vertex   1.679119e-02 5.853333e-02 1.061168e-01
      vertex   1.528104e-02 5.853333e-02 1.058369e-01
    endloop
  endfacet
  facet normal 1.650476e-01 0.000000e+00 -9.862856e-01
    outer loop
      vertex   1.528104e-02 8.930000e-02 1.058369e-01
      vertex   1.528104e-02 5.853333e-02 1.058369e-01
      vertex   1.376623e-02 8.930000e-02 1.055834e-01
    endloop
  endfacet
  facet normal 1.650476e-01 0.000000e+00 -9.862856e-01
    outer loop
      vertex   1.376623e-02 8.930000e-02 1.055834e-01
      vertex   1.528104e-02 5.853333e-02 1.058369e-01
      vertex   1.376623e-02 5.853333e-02 1.055834e-01
    endloop
  endfacet
  facet normal 1.478094e-01 0.000000e+00 -9.890159e-01
    outer loop
      vertex   1.376623e-02 8.930000e-02 1.055834e-01
      vertex   1.376623e-02 5.853333e-02 1.055834e-01
      vertex   1.224723e-02 8.930000e-02 1.053564e-01
    endloop
  endfacet
  facet normal 1.478094e-01 0.000000e+00 -9.890159e-01
    outer loop
      vertex   1.224723e-02 8.930000e-02 1.053564e-01
      vertex   1.376623e-02 5.853333e-02 1.055834e-01
      vertex   1.224723e-02 5.853333e-02 1.053564e-01
    endloop
  endfacet
  facet normal 1.305262e-01 0.000000e+00 -9.914449e-01
    outer loop
      vertex   1.224723e-02 8.930000e-02 1.053564e-01
      vertex   1.224723e-02 5.853333e-02 1.053564e-01
      vertex   1.072450e-02 8.930000e-02 1.051559e-01
    endloop
  endfacet
  facet normal 1.305262e-01 0.000000e+00 -9.914449e-01
    outer loop
      vertex   1.072450e-02 8.930000e-02 1.051559e-01
      vertex   1.224723e-02 5.853333e-02 1.053564e-01
      vertex   1.072450e-02 5.853333e-02 1.051559e-01
    endloop
  endfacet
  facet normal 1.132032e-01 0.000000e+00 -9.935719e-01
    outer loop
      vertex   1.072450e-02 8.930000e-02 1.051559e-01
      vertex   1.072450e-02 5.853333e-02 1.051559e-01
      vertex   9.198505e-03 8.930000e-02 1.049821e-01
    endloop
  endfacet
  facet normal 1.132032e-01 0.000000e+00 -9.935719e-01
    outer loop
      vertex   9.198505e-03 8.930000e-02 1.049821e-01
      vertex   1.072450e-02 5.853333e-02 1.051559e-01
      vertex   9.198505e-03 5.853333e-02 1.049821e-01
    endloop
  endfacet
  facet normal 9.584575e-02 0.000000e+00 -9.953962e-01
    outer loop
      vertex   9.198505e-03 8.930000e-02 1.049821e-01
      vertex   9.198505e-03 5.853333e-02 1.049821e-01
      vertex   7.669705e-03 8.930000e-02 1.048349e-01
    endloop
  endfacet
  facet normal 9.584575e-02 0.000000e+00 -9.953962e-01
    outer loop
      vertex   7.669705e-03 8.930000e-02 1.048349e-01
      vertex   9.198505e-03 5.853333e-02 1.049821e-01
      vertex   7.669705e-03 5.853333e-02 1.048349e-01
    endloop
  endfacet
  facet normal 7.845910e-02 0.000000e+00 -9.969173e-01
    outer loop
      vertex   7.669705e-03 8.930000e-02 1.048349e-01
      vertex   7.669705e-03 5.853333e-02 1.048349e-01
      vertex   6.138570e-03 8.930000e-02 1.047144e-01
    endloop
  endfacet
  facet normal 7.845910e-02 0.000000e+00 -9.969173e-01
    outer loop
      vertex   6.138570e-03 8.930000e-02 1.047144e-01
      vertex   7.669705e-03 5.853333e-02 1.048349e-01
      vertex   6.138570e-03 5.853333e-02 1.047144e-01
    endloop
  endfacet
  facet normal 6.104854e-02 0.000000e+00 -9.981348e-01
    outer loop
      vertex   6.138570e-03 8.930000e-02 1.047144e-01
      vertex   6.138570e-03 5.853333e-02 1.047144e-01
      vertex   4.605564e-03 8.930000e-02 1.046206e-01
    endloop
  endfacet
  facet normal 6.104854e-02 0.000000e+00 -9.981348e-01
    outer loop
      vertex   4.605564e-03 8.930000e-02 1.046206e-01
      vertex   6.138570e-03 5.853333e-02 1.047144e-01
      vertex   4.605564e-03 5.853333e-02 1.046206e-01
    endloop
  endfacet
  facet normal 4.361939e-02 0.000000e+00 -9.990482e-01
    outer loop
      vertex   4.605564e-03 8.930000e-02 1.046206e-01
      vertex   4.605564e-03 5.853333e-02 1.046206e-01
      vertex   3.071156e-03 8.930000e-02 1.045536e-01
    endloop
  endfacet
  facet normal 4.361939e-02 0.000000e+00 -9.990482e-01
    outer loop
      vertex   3.071156e-03 8.930000e-02 1.045536e-01
      vertex   4.605564e-03 5.853333e-02 1.046206e-01
      vertex   3.071156e-03 5.853333e-02 1.045536e-01
    endloop
  endfacet
  facet normal 2.617695e-02 0.000000e+00 -9.996573e-01
    outer loop
      vertex   3.071156e-03 8.930000e-02 1.045536e-01
      vertex   3.071156e-03 5.853333e-02 1.045536e-01
      vertex   1.535812e-03 8.930000e-02 1.045134e-01
    endloop
  endfacet
  facet normal 2.617695e-02 0.000000e+00 -9.996573e-01
    outer loop
      vertex   1.535812e-03 8.930000e-02 1.045134e-01
      vertex   3.071156e-03 5.853333e-02 1.045536e-01
      vertex   1.535812e-03 5.853333e-02 1.045134e-01
    endloop
  endfacet
  facet normal 8.726535e-03 0.000000e+00 -9.999619e-01
    outer loop
      vertex   1.535812e-03 8.930000e-02 1.045134e-01
      vertex   1.535812e-03 5.853333e-02 1.045134e-01
      vertex   5.388446e-18 8.930000e-02 1.045000e-01
    endloop
  endfacet
  facet normal 8.726535e-03 0.000000e+00 -9.999619e-01
    outer loop
      vertex   5.388446e-18 8.930000e-02 1.045000e-01
      vertex   1.535812e-03 5.853333e-02 1.045134e-01
      vertex   5.388446e-18 5.853333e-02 1.045000e-01
    endloop
  endfacet
  facet normal -8.726535e-03 -0.000000e+00 -9.999619e-01
    outer loop
      vertex   5.388446e-18 8.930000e-02 1.045000e-01
      vertex   5.388446e-18 5.853333e-02 1.045000e-01
      vertex   -1.535812e-03 8.930000e-02 1.045134e-01
    endloop
  endfacet
  facet normal -8.726535e-03 -0.000000e+00 -9.999619e-01
    outer loop
      vertex   -1.535812e-03 8.930000e-02 1.045134e-01
      vertex   5.388446e-18 5.853333e-02 1.045000e-01
      vertex   -1.535812e-03 5.853333e-02 1.045134e-01
    endloop
  endfacet
  facet normal -2.617695e-02 -0.000000e+00 -9.996573e-01
    outer loop
      vertex   -1.535812e-03 8.930000e-02 1.045134e-01
      vertex   -1.535812e-03 5.853333e-02 1.045134e-01
      vertex   -3.071156e-03 8.930000e-02 1.045536e-01
    endloop
  endfacet
  facet normal -2.617695e-02 -0.000000e+00 -9.996573e-01
    outer loop
      vertex   -3.071156e-03 8.930000e-02 1.045536e-01
      vertex   -1.535812e-03 5.853333e-02 1.045134e-01
      vertex   -3.071156e-03 5.853333e-02 1.045536e-01
    endloop
  endfacet
  facet normal -4.361939e-02 -0.000000e+00 -9.990482e-01
    outer loop
      vertex   -3.071156e-03 8.930000e-02 1.045536e-01
      vertex   -3.071156e-03 5.853333e-02 1.045536e-01
      vertex   -4.605564e-03 8.930000e-02 1.046206e-01
    endloop
  endfacet
  facet normal -4.361939e-02 -0.000000e+00 -9.990482e-01
    outer loop
      vertex   -4.605564e-03 8.930000e-02 1.046206e-01
      vertex   -3.071156e-03 5.853333e-02 1.045536e-01
      vertex   -4.605564e-03 5.853333e-02 1.046206e-01
    endloop
  endfacet
  facet normal -6.104854e-02 -0.000000e+00 -9.981348e-01
    outer loop
      vertex   -4.605564e-03 8.930000e-02 1.046206e-01
      vertex   -4.605564e-03 5.853333e-02 1.046206e-01
      vertex   -6.138570e-03 8.930000e-02 1.047144e-01
    endloop
  endfacet
  facet normal -6.104854e-02 -0.000000e+00 -9.981348e-01
    outer loop
      vertex   -6.138570e-03 8.930000e-02 1.047144e-01
      vertex   -4.605564e-03 5.853333e-02 1.046206e-01
      vertex   -6.138570e-03 5.853333e-02 1.047144e-01
    endloop
  endfacet
  facet normal -7.845910e-02 -0.000000e+00 -9.969173e-01
    outer loop
      vertex   -6.138570e-03 8.930000e-02 1.047144e-01
      vertex   -6.138570e-03 5.853333e-02 1.047144e-01
      vertex   -7.669705e-03 8.930000e-02 1.048349e-01
    endloop
  endfacet
  facet normal -7.845910e-02 -0.000000e+00 -9.969173e-01
    outer loop
      vertex   -7.669705e-03 8.930000e-02 1.048349e-01
      vertex   -6.138570e-03 5.853333e-02 1.047144e-01
      vertex   -7.669705e-03 5.853333e-02 1.048349e-01
    endloop
  endfacet
  facet normal -9.584575e-02 -0.000000e+00 -9.953962e-01
    outer loop
      vertex   -7.669705e-03 8.930000e-02 1.048349e-01
      vertex   -7.669705e-03 5.853333e-02 1.048349e-01
      vertex   -9.198505e-03 8.930000e-02 1.049821e-01
    endloop
  endfacet
  facet normal -9.584575e-02 -0.000000e+00 -9.953962e-01
    outer loop
      vertex   -9.198505e-03 8.930000e-02 1.049821e-01
      vertex   -7.669705e-03 5.853333e-02 1.048349e-01
      vertex   -9.198505e-03 5.853333e-02 1.049821e-01
    endloop
  endfacet
  facet normal -1.132032e-01 -0.000000e+00 -9.935719e-01
    outer loop
      vertex   -9.198505e-03 8.930000e-02 1.049821e-01
      vertex   -9.198505e-03 5.853333e-02 1.049821e-01
      vertex   -1.072450e-02 8.930000e-02 1.051559e-01
    endloop
  endfacet
  facet normal -1.132032e-01 -0.000000e+00 -9.935719e-01
    outer loop
      vertex   -1.072450e-02 8.930000e-02 1.051559e-01
      vertex   -9.198505e-03 5.853333e-02 1.049821e-01
      vertex   -1.072450e-02 5.853333e-02 1.051559e-01
    endloop
  endfacet
  facet normal -1.305262e-01 -0.000000e+00 -9.914449e-01
    outer loop
      vertex   -1.072450e-02 8.930000e-02 1.051559e-01
      vertex   -1.072450e-02 5.853333e-02 1.051559e-01
      vertex   -1.224723e-02 8.930000e-02 1.053564e-01
    endloop
  endfacet
  facet normal -1.305262e-01 -0.000000e+00 -9.914449e-01
    outer loop
      vertex   -1.224723e-02 8.930000e-02 1.053564e-01
      vertex   -1.072450e-02 5.853333e-02 1.051559e-01
      vertex   -1.224723e-02 5.853333e-02 1.053564e-01
    endloop
  endfacet
  facet normal -1.478094e-01 -0.000000e+00 -9.890159e-01
    outer loop
      vertex   -1.224723e-02 8.930000e-02 1.053564e-01
      vertex   -1.224723e-02 5.853333e-02 1.053564e-01
      vertex   -1.376623e-02 8.930000e-02 1.055834e-01
    endloop
  endfacet
  facet normal -1.478094e-01 -0.000000e+00 -9.890159e-01
    outer loop
      vertex   -1.376623e-02 8.930000e-02 1.055834e-01
      vertex   -1.224723e-02 5.853333e-02 1.053564e-01
      vertex   -1.376623e-02 5.853333e-02 1.055834e-01
    endloop
  endfacet
  facet normal -1.650476e-01 -0.000000e+00 -9.862856e-01
    outer loop
      vertex   -1.376623e-02 8.930000e-02 1.055834e-01
      vertex   -1.376623e-02 5.853333e-02 1.055834e-01
      vertex   -1.528104e-02 8.930000e-02 1.058369e-01
    endloop
  endfacet
  facet normal -1.650476e-01 -0.000000e+00 -9.862856e-01
    outer loop
      vertex   -1.528104e-02 8.930000e-02 1.058369e-01
      vertex   -1.376623e-02 5.853333e-02 1.055834e-01
      vertex   -1.528104e-02 5.853333e-02 1.058369e-01
    endloop
  endfacet
  facet normal -1.822355e-01 -0.000000e+00 -9.832549e-01
    outer loop
      vertex   -1.528104e-02 8.930000e-02 1.058369e-01
      vertex   -1.528104e-02 5.853333e-02 1.058369e-01
      vertex   -1.679119e-02 8.930000e-02 1.061168e-01
    endloop
  endfacet
  facet normal -1.822355e-01 -0.000000e+00 -9.832549e-01
    outer loop
      vertex   -1.679119e-02 8.930000e-02 1.061168e-01
      vertex   -1.528104e-02 5.853333e-02 1.058369e-01
      vertex   -1.679119e-02 5.853333e-02 1.061168e-01
    endloop
  endfacet
  facet normal -1.993679e-01 -0.000000e+00 -9.799247e-01
    outer loop
      vertex   -1.679119e-02 8.930000e-02 1.061168e-01
      vertex   -1.679119e-02 5.853333e-02 1.061168e-01
      vertex   -1.829623e-02 8.930000e-02 1.064230e-01
    endloop
  endfacet
  facet normal -1.993679e-01 -0.000000e+00 -9.799247e-01
    outer loop
      vertex   -1.829623e-02 8.930000e-02 1.064230e-01
      vertex   -1.679119e-02 5.853333e-02 1.061168e-01
      vertex   -1.829623e-02 5.853333e-02 1.064230e-01
    endloop
  endfacet
  facet normal -2.164396e-01 -0.000000e+00 -9.762960e-01
    outer loop
      vertex   -1.829623e-02 8.930000e-02 1.064230e-01
      vertex   -1.829623e-02 5.853333e-02 1.064230e-01
      vertex   -1.979569e-02 8.930000e-02 1.067554e-01
    endloop
  endfacet
  facet normal -2.164396e-01 -0.000000e+00 -9.762960e-01
    outer loop
      vertex   -1.979569e-02 8.930000e-02 1.067554e-01
      vertex   -1.829623e-02 5.853333e-02 1.064230e-01
      vertex   -1.979569e-02 5.853333e-02 1.067554e-01
    endloop
  endfacet
  facet normal -2.334454e-01 -0.000000e+00 -9.723699e-01
    outer loop
      vertex   -1.979569e-02 8.930000e-02 1.067554e-01
      vertex   -1.979569e-02 5.853333e-02 1.067554e-01
      vertex   -2.128913e-02 8.930000e-02 1.071140e-01
    endloop
  endfacet
  facet normal -2.334454e-01 -0.000000e+00 -9.723699e-01
    outer loop
      vertex   -2.128913e-02 8.930000e-02 1.071140e-01
      vertex   -1.979569e-02 5.853333e-02 1.067554e-01
      vertex   -2.128913e-02 5.853333e-02 1.071140e-01
    endloop
  endfacet
  facet normal -2.503800e-01 -0.000000e+00 -9.681476e-01
    outer loop
      vertex   -2.128913e-02 8.930000e-02 1.071140e-01
      vertex   -2.128913e-02 5.853333e-02 1.071140e-01
      vertex   -2.277608e-02 8.930000e-02 1.074985e-01
    endloop
  endfacet
  facet normal -2.503800e-01 -0.000000e+00 -9.681476e-01
    outer loop
      vertex   -2.277608e-02 8.930000e-02 1.074985e-01
      vertex   -2.128913e-02 5.853333e-02 1.071140e-01
      vertex   -2.277608e-02 5.853333e-02 1.074985e-01
    endloop
  endfacet
  facet normal -2.672384e-01 -0.000000e+00 -9.636305e-01
    outer loop
      vertex   -2.277608e-02 8.930000e-02 1.074985e-01
      vertex   -2.277608e-02 5.853333e-02 1.074985e-01
      vertex   -2.425609e-02 8.930000e-02 1.079090e-01
    endloop
  endfacet
  facet normal -2.672384e-01 -0.000000e+00 -9.636305e-01
    outer loop
      vertex   -2.425609e-02 8.930000e-02 1.079090e-01
      vertex   -2.277608e-02 5.853333e-02 1.074985e-01
      vertex   -2.425609e-02 5.853333e-02 1.079090e-01
    endloop
  endfacet
  facet normal -2.840153e-01 -0.000000e+00 -9.588197e-01
    outer loop
      vertex   -2.425609e-02 8.930000e-02 1.079090e-01
      vertex   -2.425609e-02 5.853333e-02 1.079090e-01
      vertex   -2.572871e-02 8.930000e-02 1.083452e-01
    endloop
  endfacet
  facet normal -2.840153e-01 -0.000000e+00 -9.588197e-01
    outer loop
      vertex   -2.572871e-02 8.930000e-02 1.083452e-01
      vertex   -2.425609e-02 5.853333e-02 1.079090e-01
      vertex   -2.572871e-02 5.853333e-02 1.083452e-01
    endloop
  endfacet
  facet normal -3.007058e-01 -0.000000e+00 -9.537170e-01
    outer loop
      vertex   -2.572871e-02 8.930000e-02 1.083452e-01
      vertex   -2.572871e-02 5.853333e-02 1.083452e-01
      vertex   -2.719350e-02 8.930000e-02 1.088070e-01
    endloop
  endfacet
  facet normal -3.007058e-01 -0.000000e+00 -9.537170e-01
    outer loop
      vertex   -2.719350e-02 8.930000e-02 1.088070e-01
      vertex   -2.572871e-02 5.853333e-02 1.083452e-01
      vertex   -2.719350e-02 5.853333e-02 1.088070e-01
    endloop
  endfacet
  facet normal -3.173047e-01 -0.000000e+00 -9.483237e-01
    outer loop
      vertex   -2.719350e-02 8.930000e-02 1.088070e-01
      vertex   -2.719350e-02 5.853333e-02 1.088070e-01
      vertex   -2.865000e-02 8.930000e-02 1.092944e-01
    endloop
  endfacet
  facet normal -3.173047e-01 -0.000000e+00 -9.483237e-01
    outer loop
      vertex   -2.865000e-02 8.930000e-02 1.092944e-01
      vertex   -2.719350e-02 5.853333e-02 1.088070e-01
      vertex   -2.865000e-02 5.853333e-02 1.092944e-01
    endloop
  endfacet
  facet normal -3.338069e-01 -0.000000e+00 -9.426415e-01
    outer loop
      vertex   -2.865000e-02 8.930000e-02 1.092944e-01
      vertex   -2.865000e-02 5.853333e-02 1.092944e-01
      vertex   -3.009777e-02 8.930000e-02 1.098071e-01
    endloop
  endfacet
  facet normal -3.338069e-01 -0.000000e+00 -9.426415e-01
    outer loop
      vertex   -3.009777e-02 8.930000e-02 1.098071e-01
      vertex   -2.865000e-02 5.853333e-02 1.092944e-01
      vertex   -3.009777e-02 5.853333e-02 1.098071e-01
    endloop
  endfacet
  facet normal -3.502074e-01 -0.000000e+00 -9.366722e-01
    outer loop
      vertex   -3.009777e-02 8.930000e-02 1.098071e-01
      vertex   -3.009777e-02 5.853333e-02 1.098071e-01
      vertex   -3.153638e-02 8.930000e-02 1.103449e-01
    endloop
  endfacet
  facet normal -3.502074e-01 -0.000000e+00 -9.366722e-01
    outer loop
      vertex   -3.153638e-02 8.930000e-02 1.103449e-01
      vertex   -3.009777e-02 5.853333e-02 1.098071e-01
      vertex   -3.153638e-02 5.853333e-02 1.103449e-01
    endloop
  endfacet
  facet normal -3.665012e-01 -0.000000e+00 -9.304176e-01
    outer loop
      vertex   -3.153638e-02 8.930000e-02 1.103449e-01
      vertex   -3.153638e-02 5.853333e-02 1.103449e-01
      vertex   -3.296538e-02 8.930000e-02 1.109078e-01
    endloop
  endfacet
  facet normal -3.665012e-01 -0.000000e+00 -9.304176e-01
    outer loop
      vertex   -3.296538e-02 8.930000e-02 1.109078e-01
      vertex   -3.153638e-02 5.853333e-02 1.103449e-01
      vertex   -3.296538e-02 5.853333e-02 1.109078e-01
    endloop
  endfacet
  facet normal -3.826834e-01 -0.000000e+00 -9.238795e-01
    outer loop
      vertex   -3.296538e-02 8.930000e-02 1.109078e-01
      vertex   -3.296538e-02 5.853333e-02 1.109078e-01
      vertex   -3.438434e-02 8.930000e-02 1.114956e-01
    endloop
  endfacet
  facet normal -3.826834e-01 1.726154e-16 -9.238795e-01
    outer loop
      vertex   -3.438434e-02 8.930000e-02 1.114956e-01
      vertex   -3.296538e-02 5.853333e-02 1.109078e-01
      vertex   -3.438434e-02 5.853333e-02 1.114956e-01
    endloop
  endfacet
  facet normal -3.987491e-01 1.798620e-16 -9.170601e-01
    outer loop
      vertex   -3.438434e-02 8.930000e-02 1.114956e-01
      vertex   -3.438434e-02 5.853333e-02 1.114956e-01
      vertex   -3.579282e-02 8.930000e-02 1.121080e-01
    endloop
  endfacet
  facet normal -3.987491e-01 1.798620e-16 -9.170601e-01
    outer loop
      vertex   -3.579282e-02 8.930000e-02 1.121080e-01
      vertex   -3.438434e-02 5.853333e-02 1.114956e-01
      vertex   -3.579282e-02 5.853333e-02 1.121080e-01
    endloop
  endfacet
  facet normal -4.146932e-01 1.870539e-16 -9.099613e-01
    outer loop
      vertex   -3.579282e-02 8.930000e-02 1.121080e-01
      vertex   -3.579282e-02 5.853333e-02 1.121080e-01
      vertex   -3.719041e-02 8.930000e-02 1.127449e-01
    endloop
  endfacet
  facet normal -4.146932e-01 -0.000000e+00 -9.099613e-01
    outer loop
      vertex   -3.719041e-02 8.930000e-02 1.127449e-01
      vertex   -3.579282e-02 5.853333e-02 1.121080e-01
      vertex   -3.719041e-02 5.853333e-02 1.127449e-01
    endloop
  endfacet
  facet normal -4.305111e-01 -0.000000e+00 -9.025853e-01
    outer loop
      vertex   -3.719041e-02 8.930000e-02 1.127449e-01
      vertex   -3.719041e-02 5.853333e-02 1.127449e-01
      vertex   -3.857666e-02 8.930000e-02 1.134061e-01
    endloop
  endfacet
  facet normal -4.305111e-01 -0.000000e+00 -9.025853e-01
    outer loop
      vertex   -3.857666e-02 8.930000e-02 1.134061e-01
      vertex   -3.719041e-02 5.853333e-02 1.127449e-01
      vertex   -3.857666e-02 5.853333e-02 1.134061e-01
    endloop
  endfacet
  facet normal -4.461978e-01 -0.000000e+00 -8.949344e-01
    outer loop
      vertex   -3.857666e-02 8.930000e-02 1.134061e-01
      vertex   -3.857666e-02 5.853333e-02 1.134061e-01
      vertex   -3.995116e-02 8.930000e-02 1.140914e-01
    endloop
  endfacet
  facet normal -4.461978e-01 -0.000000e+00 -8.949344e-01
    outer loop
      vertex   -3.995116e-02 8.930000e-02 1.140914e-01
      vertex   -3.857666e-02 5.853333e-02 1.134061e-01
      vertex   -3.995116e-02 5.853333e-02 1.140914e-01
    endloop
  endfacet
  facet normal -4.617486e-01 -0.000000e+00 -8.870108e-01
    outer loop
      vertex   -3.995116e-02 8.930000e-02 1.140914e-01
      vertex   -3.995116e-02 5.853333e-02 1.140914e-01
      vertex   -4.131350e-02 8.930000e-02 1.148006e-01
    endloop
  endfacet
  facet normal -4.617486e-01 -0.000000e+00 -8.870108e-01
    outer loop
      vertex   -4.131350e-02 8.930000e-02 1.148006e-01
      vertex   -3.995116e-02 5.853333e-02 1.140914e-01
      vertex   -4.131350e-02 5.853333e-02 1.148006e-01
    endloop
  endfacet
  facet normal -4.771588e-01 -0.000000e+00 -8.788171e-01
    outer loop
      vertex   -4.131350e-02 8.930000e-02 1.148006e-01
      vertex   -4.131350e-02 5.853333e-02 1.148006e-01
      vertex   -4.266325e-02 8.930000e-02 1.155335e-01
    endloop
  endfacet
  facet normal -4.771588e-01 -0.000000e+00 -8.788171e-01
    outer loop
      vertex   -4.266325e-02 8.930000e-02 1.155335e-01
      vertex   -4.131350e-02 5.853333e-02 1.148006e-01
      vertex   -4.266325e-02 5.853333e-02 1.155335e-01
    endloop
  endfacet
  facet normal -4.924236e-01 -0.000000e+00 -8.703557e-01
    outer loop
      vertex   -4.266325e-02 8.930000e-02 1.155335e-01
      vertex   -4.266325e-02 5.853333e-02 1.155335e-01
      vertex   -4.400000e-02 8.930000e-02 1.162898e-01
    endloop
  endfacet
  facet normal -4.924236e-01 -0.000000e+00 -8.703557e-01
    outer loop
      vertex   -4.400000e-02 8.930000e-02 1.162898e-01
      vertex   -4.266325e-02 5.853333e-02 1.155335e-01
      vertex   -4.400000e-02 5.853333e-02 1.162898e-01
    endloop
  endfacet
  facet normal -5.075384e-01 -0.000000e+00 -8.616292e-01
    outer loop
      vertex   -4.400000e-02 8.930000e-02 1.162898e-01
      vertex   -4.400000e-02 5.853333e-02 1.162898e-01
      vertex   -4.532335e-02 8.930000e-02 1.170693e-01
    endloop
  endfacet
  facet normal -5.075384e-01 -0.000000e+00 -8.616292e-01
    outer loop
      vertex   -4.532335e-02 8.930000e-02 1.170693e-01
      vertex   -4.400000e-02 5.853333e-02 1.162898e-01
      vertex   -4.532335e-02 5.853333e-02 1.170693e-01
    endloop
  endfacet
  facet normal -5.224986e-01 -0.000000e+00 -8.526402e-01
    outer loop
      vertex   -4.532335e-02 8.930000e-02 1.170693e-01
      vertex   -4.532335e-02 5.853333e-02 1.170693e-01
      vertex   -4.663290e-02 8.930000e-02 1.178718e-01
    endloop
  endfacet
  facet normal -5.224986e-01 -0.000000e+00 -8.526402e-01
    outer loop
      vertex   -4.663290e-02 8.930000e-02 1.178718e-01
      vertex   -4.532335e-02 5.853333e-02 1.170693e-01
      vertex   -4.663290e-02 5.853333e-02 1.178718e-01
    endloop
  endfacet
  facet normal -5.372996e-01 -0.000000e+00 -8.433914e-01
    outer loop
      vertex   -4.663290e-02 8.930000e-02 1.178718e-01
      vertex   -4.663290e-02 5.853333e-02 1.178718e-01
      vertex   -4.792824e-02 8.930000e-02 1.186970e-01
    endloop
  endfacet
  facet normal -5.372996e-01 -0.000000e+00 -8.433914e-01
    outer loop
      vertex   -4.792824e-02 8.930000e-02 1.186970e-01
      vertex   -4.663290e-02 5.853333e-02 1.178718e-01
      vertex   -4.792824e-02 5.853333e-02 1.186970e-01
    endloop
  endfacet
  facet normal -5.519370e-01 -0.000000e+00 -8.338858e-01
    outer loop
      vertex   -4.792824e-02 8.930000e-02 1.186970e-01
      vertex   -4.792824e-02 5.853333e-02 1.186970e-01
      vertex   -4.920898e-02 8.930000e-02 1.195447e-01
    endloop
  endfacet
  facet normal -5.519370e-01 -0.000000e+00 -8.338858e-01
    outer loop
      vertex   -4.920898e-02 8.930000e-02 1.195447e-01
      vertex   -4.792824e-02 5.853333e-02 1.186970e-01
      vertex   -4.920898e-02 5.853333e-02 1.195447e-01
    endloop
  endfacet
  facet normal -5.664062e-01 -0.000000e+00 -8.241262e-01
    outer loop
      vertex   -4.920898e-02 8.930000e-02 1.195447e-01
      vertex   -4.920898e-02 5.853333e-02 1.195447e-01
      vertex   -5.047473e-02 8.930000e-02 1.204146e-01
    endloop
  endfacet
  facet normal -5.664062e-01 -0.000000e+00 -8.241262e-01
    outer loop
      vertex   -5.047473e-02 8.930000e-02 1.204146e-01
      vertex   -4.920898e-02 5.853333e-02 1.195447e-01
      vertex   -5.047473e-02 5.853333e-02 1.204146e-01
    endloop
  endfacet
  facet normal -5.807030e-01 -0.000000e+00 -8.141155e-01
    outer loop
      vertex   -5.047473e-02 8.930000e-02 1.204146e-01
      vertex   -5.047473e-02 5.853333e-02 1.204146e-01
      vertex   -5.172510e-02 8.930000e-02 1.213065e-01
    endloop
  endfacet
  facet normal -5.807030e-01 -0.000000e+00 -8.141155e-01
    outer loop
      vertex   -5.172510e-02 8.930000e-02 1.213065e-01
      vertex   -5.047473e-02 5.853333e-02 1.204146e-01
      vertex   -5.172510e-02 5.853333e-02 1.213065e-01
    endloop
  endfacet
  facet normal -5.948228e-01 -0.000000e+00 -8.038569e-01
    outer loop
      vertex   -5.172510e-02 8.930000e-02 1.213065e-01
      vertex   -5.172510e-02 5.853333e-02 1.213065e-01
      vertex   -5.295972e-02 8.930000e-02 1.222201e-01
    endloop
  endfacet
  facet normal -5.948228e-01 -0.000000e+00 -8.038569e-01
    outer loop
      vertex   -5.295972e-02 8.930000e-02 1.222201e-01
      vertex   -5.172510e-02 5.853333e-02 1.213065e-01
      vertex   -5.295972e-02 5.853333e-02 1.222201e-01
    endloop
  endfacet
  facet normal -6.087614e-01 -0.000000e+00 -7.933533e-01
    outer loop
      vertex   -5.295972e-02 8.930000e-02 1.222201e-01
      vertex   -5.295972e-02 5.853333e-02 1.222201e-01
      vertex   -5.417821e-02 8.930000e-02 1.231551e-01
    endloop
  endfacet
  facet normal -6.087614e-01 -0.000000e+00 -7.933533e-01
    outer loop
      vertex   -5.417821e-02 8.930000e-02 1.231551e-01
      vertex   -5.295972e-02 5.853333e-02 1.222201e-01
      vertex   -5.417821e-02 5.853333e-02 1.231551e-01
    endloop
  endfacet
  facet normal -6.225146e-01 -0.000000e+00 -7.826082e-01
    outer loop
      vertex   -5.417821e-02 8.930000e-02 1.231551e-01
      vertex   -5.417821e-02 5.853333e-02 1.231551e-01
      vertex   -5.538019e-02 8.930000e-02 1.241112e-01
    endloop
  endfacet
  facet normal -6.225146e-01 -0.000000e+00 -7.826082e-01
    outer loop
      vertex   -5.538019e-02 8.930000e-02 1.241112e-01
      vertex   -5.417821e-02 5.853333e-02 1.231551e-01
      vertex   -5.538019e-02 5.853333e-02 1.241112e-01
    endloop
  endfacet
  facet normal -6.360782e-01 -0.000000e+00 -7.716246e-01
    outer loop
      vertex   -5.538019e-02 8.930000e-02 1.241112e-01
      vertex   -5.538019e-02 5.853333e-02 1.241112e-01
      vertex   -5.656531e-02 8.930000e-02 1.250881e-01
    endloop
  endfacet
  facet normal -6.360782e-01 -0.000000e+00 -7.716246e-01
    outer loop
      vertex   -5.656531e-02 8.930000e-02 1.250881e-01
      vertex   -5.538019e-02 5.853333e-02 1.241112e-01
      vertex   -5.656531e-02 5.853333e-02 1.250881e-01
    endloop
  endfacet
  facet normal -6.494480e-01 -0.000000e+00 -7.604060e-01
    outer loop
      vertex   -5.656531e-02 8.930000e-02 1.250881e-01
      vertex   -5.656531e-02 5.853333e-02 1.250881e-01
      vertex   -5.773319e-02 8.930000e-02 1.260856e-01
    endloop
  endfacet
  facet normal -6.494480e-01 -0.000000e+00 -7.604060e-01
    outer loop
      vertex   -5.773319e-02 8.930000e-02 1.260856e-01
      vertex   -5.656531e-02 5.853333e-02 1.250881e-01
      vertex   -5.773319e-02 5.853333e-02 1.260856e-01
    endloop
  endfacet
  facet normal -6.626200e-01 -0.000000e+00 -7.489557e-01
    outer loop
      vertex   -5.773319e-02 8.930000e-02 1.260856e-01
      vertex   -5.773319e-02 5.853333e-02 1.260856e-01
      vertex   -5.888349e-02 8.930000e-02 1.271033e-01
    endloop
  endfacet
  facet normal -6.626200e-01 -0.000000e+00 -7.489557e-01
    outer loop
      vertex   -5.888349e-02 8.930000e-02 1.271033e-01
      vertex   -5.773319e-02 5.853333e-02 1.260856e-01
      vertex   -5.888349e-02 5.853333e-02 1.271033e-01
    endloop
  endfacet
  facet normal -6.755902e-01 -0.000000e+00 -7.372773e-01
    outer loop
      vertex   -5.888349e-02 8.930000e-02 1.271033e-01
      vertex   -5.888349e-02 5.853333e-02 1.271033e-01
      vertex   -6.001586e-02 8.930000e-02 1.281409e-01
    endloop
  endfacet
  facet normal -6.755902e-01 -0.000000e+00 -7.372773e-01
    outer loop
      vertex   -6.001586e-02 8.930000e-02 1.281409e-01
      vertex   -5.888349e-02 5.853333e-02 1.271033e-01
      vertex   -6.001586e-02 5.853333e-02 1.281409e-01
    endloop
  endfacet
  facet normal -6.883546e-01 -0.000000e+00 -7.253744e-01
    outer loop
      vertex   -6.001586e-02 8.930000e-02 1.281409e-01
      vertex   -6.001586e-02 5.853333e-02 1.281409e-01
      vertex   -6.112994e-02 8.930000e-02 1.291981e-01
    endloop
  endfacet
  facet normal -6.883546e-01 -0.000000e+00 -7.253744e-01
    outer loop
      vertex   -6.112994e-02 8.930000e-02 1.291981e-01
      vertex   -6.001586e-02 5.853333e-02 1.281409e-01
      vertex   -6.112994e-02 5.853333e-02 1.291981e-01
    endloop
  endfacet
  facet normal -7.009093e-01 -0.000000e+00 -7.132504e-01
    outer loop
      vertex   -6.112994e-02 8.930000e-02 1.291981e-01
      vertex   -6.112994e-02 5.853333e-02 1.291981e-01
      vertex   -6.222540e-02 8.930000e-02 1.302746e-01
    endloop
  endfacet
  facet normal -7.009093e-01 -0.000000e+00 -7.132504e-01
    outer loop
      vertex   -6.222540e-02 8.930000e-02 1.302746e-01
      vertex   -6.112994e-02 5.853333e-02 1.291981e-01
      vertex   -6.222540e-02 5.853333e-02 1.302746e-01
    endloop
  endfacet
  facet normal -7.132504e-01 -0.000000e+00 -7.009093e-01
    outer loop
      vertex   -6.222540e-02 8.930000e-02 1.302746e-01
      vertex   -6.222540e-02 5.853333e-02 1.302746e-01
      vertex   -6.330190e-02 8.930000e-02 1.313701e-01
    endloop
  endfacet
  facet normal -7.132504e-01 -0.000000e+00 -7.009093e-01
    outer loop
      vertex   -6.330190e-02 8.930000e-02 1.313701e-01
      vertex   -6.222540e-02 5.853333e-02 1.302746e-01
      vertex   -6.330190e-02 5.853333e-02 1.313701e-01
    endloop
  endfacet
  facet normal -7.253744e-01 -0.000000e+00 -6.883546e-01
    outer loop
      vertex   -6.330190e-02 8.930000e-02 1.313701e-01
      vertex   -6.330190e-02 5.853333e-02 1.313701e-01
      vertex   -6.435913e-02 8.930000e-02 1.324842e-01
    endloop
  endfacet
  facet normal -7.253744e-01 -0.000000e+00 -6.883546e-01
    outer loop
      vertex   -6.435913e-02 8.930000e-02 1.324842e-01
      vertex   -6.330190e-02 5.853333e-02 1.313701e-01
      vertex   -6.435913e-02 5.853333e-02 1.324842e-01
    endloop
  endfacet
  facet normal -7.372773e-01 -0.000000e+00 -6.755902e-01
    outer loop
      vertex   -6.435913e-02 8.930000e-02 1.324842e-01
      vertex   -6.435913e-02 5.853333e-02 1.324842e-01
      vertex   -6.539674e-02 8.930000e-02 1.336165e-01
    endloop
  endfacet
  facet normal -7.372773e-01 -0.000000e+00 -6.755902e-01
    outer loop
      vertex   -6.539674e-02 8.930000e-02 1.336165e-01
      vertex   -6.435913e-02 5.853333e-02 1.324842e-01
      vertex   -6.539674e-02 5.853333e-02 1.336165e-01
    endloop
  endfacet
  facet normal -7.489557e-01 -0.000000e+00 -6.626200e-01
    outer loop
      vertex   -6.539674e-02 8.930000e-02 1.336165e-01
      vertex   -6.539674e-02 5.853333e-02 1.336165e-01
      vertex   -6.641444e-02 8.930000e-02 1.347668e-01
    endloop
  endfacet
  facet normal -7.489557e-01 -0.000000e+00 -6.626200e-01
    outer loop
      vertex   -6.641444e-02 8.930000e-02 1.347668e-01
      vertex   -6.539674e-02 5.853333e-02 1.336165e-01
      vertex   -6.641444e-02 5.853333e-02 1.347668e-01
    endloop
  endfacet
  facet normal -7.604060e-01 -0.000000e+00 -6.494480e-01
    outer loop
      vertex   -6.641444e-02 8.930000e-02 1.347668e-01
      vertex   -6.641444e-02 5.853333e-02 1.347668e-01
      vertex   -6.741191e-02 8.930000e-02 1.359347e-01
    endloop
  endfacet
  facet normal -7.604060e-01 -0.000000e+00 -6.494480e-01
    outer loop
      vertex   -6.741191e-02 8.930000e-02 1.359347e-01
      vertex   -6.641444e-02 5.853333e-02 1.347668e-01
      vertex   -6.741191e-02 5.853333e-02 1.359347e-01
    endloop
  endfacet
  facet normal -7.716246e-01 -0.000000e+00 -6.360782e-01
    outer loop
      vertex   -6.741191e-02 8.930000e-02 1.359347e-01
      vertex   -6.741191e-02 5.853333e-02 1.359347e-01
      vertex   -6.838884e-02 8.930000e-02 1.371198e-01
    endloop
  endfacet
  facet normal -7.716246e-01 -0.000000e+00 -6.360782e-01
    outer loop
      vertex   -6.838884e-02 8.930000e-02 1.371198e-01
      vertex   -6.741191e-02 5.853333e-02 1.359347e-01
      vertex   -6.838884e-02 5.853333e-02 1.371198e-01
    endloop
  endfacet
  facet normal -7.826082e-01 -0.000000e+00 -6.225146e-01
    outer loop
      vertex   -6.838884e-02 8.930000e-02 1.371198e-01
      vertex   -6.838884e-02 5.853333e-02 1.371198e-01
      vertex   -6.934495e-02 8.930000e-02 1.383218e-01
    endloop
  endfacet
  facet normal -7.826082e-01 -0.000000e+00 -6.225146e-01
    outer loop
      vertex   -6.934495e-02 8.930000e-02 1.383218e-01
      vertex   -6.838884e-02 5.853333e-02 1.371198e-01
      vertex   -6.934495e-02 5.853333e-02 1.383218e-01
    endloop
  endfacet
  facet normal -7.933533e-01 -0.000000e+00 -6.087614e-01
    outer loop
      vertex   -6.934495e-02 8.930000e-02 1.383218e-01
      vertex   -6.934495e-02 5.853333e-02 1.383218e-01
      vertex   -7.027992e-02 8.930000e-02 1.395403e-01
    endloop
  endfacet
  facet normal -7.933533e-01 -0.000000e+00 -6.087614e-01
    outer loop
      vertex   -7.027992e-02 8.930000e-02 1.395403e-01
      vertex   -6.934495e-02 5.853333e-02 1.383218e-01
      vertex   -7.027992e-02 5.853333e-02 1.395403e-01
    endloop
  endfacet
  facet normal -8.038569e-01 -0.000000e+00 -5.948228e-01
    outer loop
      vertex   -7.027992e-02 8.930000e-02 1.395403e-01
      vertex   -7.027992e-02 5.853333e-02 1.395403e-01
      vertex   -7.119350e-02 8.930000e-02 1.407749e-01
    endloop
  endfacet
  facet normal -8.038569e-01 -0.000000e+00 -5.948228e-01
    outer loop
      vertex   -7.119350e-02 8.930000e-02 1.407749e-01
      vertex   -7.027992e-02 5.853333e-02 1.395403e-01
      vertex   -7.119350e-02 5.853333e-02 1.407749e-01
    endloop
  endfacet
  facet normal -8.141155e-01 -0.000000e+00 -5.807030e-01
    outer loop
      vertex   -7.119350e-02 8.930000e-02 1.407749e-01
      vertex   -7.119350e-02 5.853333e-02 1.407749e-01
      vertex   -7.208538e-02 8.930000e-02 1.420253e-01
    endloop
  endfacet
  facet normal -8.141155e-01 -0.000000e+00 -5.807030e-01
    outer loop
      vertex   -7.208538e-02 8.930000e-02 1.420253e-01
      vertex   -7.119350e-02 5.853333e-02 1.407749e-01
      vertex   -7.208538e-02 5.853333e-02 1.420253e-01
    endloop
  endfacet
  facet normal -8.241262e-01 -0.000000e+00 -5.664062e-01
    outer loop
      vertex   -7.208538e-02 8.930000e-02 1.420253e-01
      vertex   -7.208538e-02 5.853333e-02 1.420253e-01
      vertex   -7.295531e-02 8.930000e-02 1.432910e-01
    endloop
  endfacet
  facet normal -8.241262e-01 -0.000000e+00 -5.664062e-01
    outer loop
      vertex   -7.295531e-02 8.930000e-02 1.432910e-01
      vertex   -7.208538e-02 5.853333e-02 1.420253e-01
      vertex   -7.295531e-02 5.853333e-02 1.432910e-01
    endloop
  endfacet
  facet normal -8.338858e-01 -0.000000e+00 -5.519370e-01
    outer loop
      vertex   -7.295531e-02 8.930000e-02 1.432910e-01
      vertex   -7.295531e-02 5.853333e-02 1.432910e-01
      vertex   -7.380301e-02 8.930000e-02 1.445718e-01
    endloop
  endfacet
  facet normal -8.338858e-01 2.543549e-16 -5.519370e-01
    outer loop
      vertex   -7.380301e-02 8.930000e-02 1.445718e-01
      vertex   -7.295531e-02 5.853333e-02 1.432910e-01
      vertex   -7.380301e-02 5.853333e-02 1.445718e-01
    endloop
  endfacet
  facet normal -8.433914e-01 2.761351e-16 -5.372996e-01
    outer loop
      vertex   -7.380301e-02 8.930000e-02 1.445718e-01
      vertex   -7.380301e-02 5.853333e-02 1.445718e-01
      vertex   -7.462823e-02 8.930000e-02 1.458671e-01
    endloop
  endfacet
  facet normal -8.433914e-01 -0.000000e+00 -5.372996e-01
    outer loop
      vertex   -7.462823e-02 8.930000e-02 1.458671e-01
      vertex   -7.380301e-02 5.853333e-02 1.445718e-01
      vertex   -7.462823e-02 5.853333e-02 1.458671e-01
    endloop
  endfacet
  facet normal -8.526402e-01 -0.000000e+00 -5.224986e-01
    outer loop
      vertex   -7.462823e-02 8.930000e-02 1.458671e-01
      vertex   -7.462823e-02 5.853333e-02 1.458671e-01
      vertex   -7.543072e-02 8.930000e-02 1.471767e-01
    endloop
  endfacet
  facet normal -8.526402e-01 -0.000000e+00 -5.224986e-01
    outer loop
      vertex   -7.543072e-02 8.930000e-02 1.471767e-01
      vertex   -7.462823e-02 5.853333e-02 1.458671e-01
      vertex   -7.543072e-02 5.853333e-02 1.471767e-01
    endloop
  endfacet
  facet normal -8.616292e-01 -0.000000e+00 -5.075384e-01
    outer loop
      vertex   -7.543072e-02 8.930000e-02 1.471767e-01
      vertex   -7.543072e-02 5.853333e-02 1.471767e-01
      vertex   -7.621024e-02 8.930000e-02 1.485000e-01
    endloop
  endfacet
  facet normal -8.616292e-01 -0.000000e+00 -5.075384e-01
    outer loop
      vertex   -7.621024e-02 8.930000e-02 1.485000e-01
      vertex   -7.543072e-02 5.853333e-02 1.471767e-01
      vertex   -7.621024e-02 5.853333e-02 1.485000e-01
    endloop
  endfacet
  facet normal -8.703557e-01 -0.000000e+00 -4.924236e-01
    outer loop
      vertex   -7.621024e-02 8.930000e-02 1.485000e-01
      vertex   -7.621024e-02 5.853333e-02 1.485000e-01
      vertex   -7.696653e-02 8.930000e-02 1.498368e-01
    endloop
  endfacet
  facet normal -8.703557e-01 -0.000000e+00 -4.924236e-01
    outer loop
      vertex   -7.696653e-02 8.930000e-02 1.498368e-01
      vertex   -7.621024e-02 5.853333e-02 1.485000e-01
      vertex   -7.696653e-02 5.853333e-02 1.498368e-01
    endloop
  endfacet
  facet normal -8.788171e-01 -0.000000e+00 -4.771588e-01
    outer loop
      vertex   -7.696653e-02 8.930000e-02 1.498368e-01
      vertex   -7.696653e-02 5.853333e-02 1.498368e-01
      vertex   -7.769939e-02 8.930000e-02 1.511865e-01
    endloop
  endfacet
  facet normal -8.788171e-01 -0.000000e+00 -4.771588e-01
    outer loop
      vertex   -7.769939e-02 8.930000e-02 1.511865e-01
      vertex   -7.696653e-02 5.853333e-02 1.498368e-01
      vertex   -7.769939e-02 5.853333e-02 1.511865e-01
    endloop
  endfacet
  facet normal -8.870108e-01 -0.000000e+00 -4.617486e-01
    outer loop
      vertex   -7.769939e-02 8.930000e-02 1.511865e-01
      vertex   -7.769939e-02 5.853333e-02 1.511865e-01
      vertex   -7.840857e-02 8.930000e-02 1.525488e-01
    endloop
  endfacet
  facet normal -8.870108e-01 -0.000000e+00 -4.617486e-01
    outer loop
      vertex   -7.840857e-02 8.930000e-02 1.525488e-01
      vertex   -7.769939e-02 5.853333e-02 1.511865e-01
      vertex   -7.840857e-02 5.853333e-02 1.525488e-01
    endloop
  endfacet
  facet normal -8.949344e-01 -0.000000e+00 -4.461978e-01
    outer loop
      vertex   -7.840857e-02 8.930000e-02 1.525488e-01
      vertex   -7.840857e-02 5.853333e-02 1.525488e-01
      vertex   -7.909388e-02 8.930000e-02 1.539233e-01
    endloop
  endfacet
  facet normal -8.949344e-01 -1.145136e-18 -4.461978e-01
    outer loop
      vertex   -7.909388e-02 8.930000e-02 1.539233e-01
      vertex   -7.840857e-02 5.853333e-02 1.525488e-01
      vertex   -7.909388e-02 5.853333e-02 1.539233e-01
    endloop
  endfacet
  facet normal -9.025853e-01 -1.874768e-17 -4.305111e-01
    outer loop
      vertex   -7.909388e-02 8.930000e-02 1.539233e-01
      vertex   -7.909388e-02 5.853333e-02 1.539233e-01
      vertex   -7.975509e-02 8.930000e-02 1.553096e-01
    endloop
  endfacet
  facet normal -9.025853e-01 -0.000000e+00 -4.305111e-01
    outer loop
      vertex   -7.975509e-02 8.930000e-02 1.553096e-01
      vertex   -7.909388e-02 5.853333e-02 1.539233e-01
      vertex   -7.975509e-02 5.853333e-02 1.553096e-01
    endloop
  endfacet
  facet normal -9.099613e-01 -0.000000e+00 -4.146932e-01
    outer loop
      vertex   -7.975509e-02 8.930000e-02 1.553096e-01
      vertex   -7.975509e-02 5.853333e-02 1.553096e-01
      vertex   -8.039200e-02 8.930000e-02 1.567072e-01
    endloop
  endfacet
  facet normal -9.099613e-01 -3.377633e-16 -4.146932e-01
    outer loop
      vertex   -8.039200e-02 8.930000e-02 1.567072e-01
      vertex   -7.975509e-02 5.853333e-02 1.553096e-01
      vertex   -8.039200e-02 5.853333e-02 1.567072e-01
    endloop
  endfacet
  facet normal -9.170601e-01 -3.057938e-16 -3.987491e-01
    outer loop
      vertex   -8.039200e-02 8.930000e-02 1.567072e-01
      vertex   -8.039200e-02 5.853333e-02 1.567072e-01
      vertex   -8.100443e-02 8.930000e-02 1.581157e-01
    endloop
  endfacet
  facet normal -9.170601e-01 -0.000000e+00 -3.987491e-01
    outer loop
      vertex   -8.100443e-02 8.930000e-02 1.581157e-01
      vertex   -8.039200e-02 5.853333e-02 1.567072e-01
      vertex   -8.100443e-02 5.853333e-02 1.581157e-01
    endloop
  endfacet
  facet normal -9.238795e-01 -0.000000e+00 -3.826834e-01
    outer loop
      vertex   -8.100443e-02 8.930000e-02 1.581157e-01
      vertex   -8.100443e-02 5.853333e-02 1.581157e-01
      vertex   -8.159218e-02 8.930000e-02 1.595346e-01
    endloop
  endfacet
  facet normal -9.238795e-01 -0.000000e+00 -3.826834e-01
    outer loop
      vertex   -8.159218e-02 8.930000e-02 1.595346e-01
      vertex   -8.100443e-02 5.853333e-02 1.581157e-01
      vertex   -8.159218e-02 5.853333e-02 1.595346e-01
    endloop
  endfacet
  facet normal -9.304176e-01 -0.000000e+00 -3.665012e-01
    outer loop
      vertex   -8.159218e-02 8.930000e-02 1.595346e-01
      vertex   -8.159218e-02 5.853333e-02 1.595346e-01
      vertex   -8.215508e-02 8.930000e-02 1.609636e-01
    endloop
  endfacet
  facet normal -9.304176e-01 -0.000000e+00 -3.665012e-01
    outer loop
      vertex   -8.215508e-02 8.930000e-02 1.609636e-01
      vertex   -8.159218e-02 5.853333e-02 1.595346e-01
      vertex   -8.215508e-02 5.853333e-02 1.609636e-01
    endloop
  endfacet
  facet normal -9.366722e-01 -0.000000e+00 -3.502074e-01
    outer loop
      vertex   -8.215508e-02 8.930000e-02 1.609636e-01
      vertex   -8.215508e-02 5.853333e-02 1.609636e-01
      vertex   -8.269295e-02 8.930000e-02 1.624022e-01
    endloop
  endfacet
  facet normal -9.366722e-01 -0.000000e+00 -3.502074e-01
    outer loop
      vertex   -8.269295e-02 8.930000e-02 1.624022e-01
      vertex   -8.215508e-02 5.853333e-02 1.609636e-01
      vertex   -8.269295e-02 5.853333e-02 1.624022e-01
    endloop
  endfacet
  facet normal -9.426415e-01 -0.000000e+00 -3.338069e-01
    outer loop
      vertex   -8.269295e-02 8.930000e-02 1.624022e-01
      vertex   -8.269295e-02 5.853333e-02 1.624022e-01
      vertex   -8.320563e-02 8.930000e-02 1.638500e-01
    endloop
  endfacet
  facet normal -9.426415e-01 -0.000000e+00 -3.338069e-01
    outer loop
      vertex   -8.320563e-02 8.930000e-02 1.638500e-01
      vertex   -8.269295e-02 5.853333e-02 1.624022e-01
      vertex   -8.320563e-02 5.853333e-02 1.638500e-01
    endloop
  endfacet
  facet normal -9.483237e-01 -0.000000e+00 -3.173047e-01
    outer loop
      vertex   -8.320563e-02 8.930000e-02 1.638500e-01
      vertex   -8.320563e-02 5.853333e-02 1.638500e-01
      vertex   -8.369297e-02 8.930000e-02 1.653065e-01
    endloop
  endfacet
  facet normal -9.483237e-01 -0.000000e+00 -3.173047e-01
    outer loop
      vertex   -8.369297e-02 8.930000e-02 1.653065e-01
      vertex   -8.320563e-02 5.853333e-02 1.638500e-01
      vertex   -8.369297e-02 5.853333e-02 1.653065e-01
    endloop
  endfacet
  facet normal -9.537170e-01 -0.000000e+00 -3.007058e-01
    outer loop
      vertex   -8.369297e-02 8.930000e-02 1.653065e-01
      vertex   -8.369297e-02 5.853333e-02 1.653065e-01
      vertex   -8.415482e-02 8.930000e-02 1.667713e-01
    endloop
  endfacet
  facet normal -9.537170e-01 -0.000000e+00 -3.007058e-01
    outer loop
      vertex   -8.415482e-02 8.930000e-02 1.667713e-01
      vertex   -8.369297e-02 5.853333e-02 1.653065e-01
      vertex   -8.415482e-02 5.853333e-02 1.667713e-01
    endloop
  endfacet
  facet normal -9.588197e-01 -0.000000e+00 -2.840153e-01
    outer loop
      vertex   -8.415482e-02 8.930000e-02 1.667713e-01
      vertex   -8.415482e-02 5.853333e-02 1.667713e-01
      vertex   -8.459103e-02 8.930000e-02 1.682439e-01
    endloop
  endfacet
  facet normal -9.588197e-01 -0.000000e+00 -2.840153e-01
    outer loop
      vertex   -8.459103e-02 8.930000e-02 1.682439e-01
      vertex   -8.415482e-02 5.853333e-02 1.667713e-01
      vertex   -8.459103e-02 5.853333e-02 1.682439e-01
    endloop
  endfacet
  facet normal -9.636305e-01 -0.000000e+00 -2.672384e-01
    outer loop
      vertex   -8.459103e-02 8.930000e-02 1.682439e-01
      vertex   -8.459103e-02 5.853333e-02 1.682439e-01
      vertex   -8.500147e-02 8.930000e-02 1.697239e-01
    endloop
  endfacet
  facet normal -9.636305e-01 -2.410841e-16 -2.672384e-01
    outer loop
      vertex   -8.500147e-02 8.930000e-02 1.697239e-01
      vertex   -8.459103e-02 5.853333e-02 1.682439e-01
      vertex   -8.500147e-02 5.853333e-02 1.697239e-01
    endloop
  endfacet
  facet normal -9.681476e-01 -2.258757e-16 -2.503800e-01
    outer loop
      vertex   -8.500147e-02 8.930000e-02 1.697239e-01
      vertex   -8.500147e-02 5.853333e-02 1.697239e-01
      vertex   -8.538602e-02 8.930000e-02 1.712109e-01
    endloop
  endfacet
  facet normal -9.681476e-01 -0.000000e+00 -2.503800e-01
    outer loop
      vertex   -8.538602e-02 8.930000e-02 1.712109e-01
      vertex   -8.500147e-02 5.853333e-02 1.697239e-01
      vertex   -8.538602e-02 5.853333e-02 1.712109e-01
    endloop
  endfacet
  facet normal -9.723699e-01 -0.000000e+00 -2.334454e-01
    outer loop
      vertex   -8.538602e-02 8.930000e-02 1.712109e-01
      vertex   -8.538602e-02 5.853333e-02 1.712109e-01
      vertex   -8.574457e-02 8.930000e-02 1.727043e-01
    endloop
  endfacet
  facet normal -9.723699e-01 -0.000000e+00 -2.334454e-01
    outer loop
      vertex   -8.574457e-02 8.930000e-02 1.727043e-01
      vertex   -8.538602e-02 5.853333e-02 1.712109e-01
      vertex   -8.574457e-02 5.853333e-02 1.727043e-01
    endloop
  endfacet
  facet normal -9.762960e-01 -0.000000e+00 -2.164396e-01
    outer loop
      vertex   -8.574457e-02 8.930000e-02 1.727043e-01
      vertex   -8.574457e-02 5.853333e-02 1.727043e-01
      vertex   -8.607699e-02 8.930000e-02 1.742038e-01
    endloop
  endfacet
  facet normal -9.762960e-01 -1.952570e-16 -2.164396e-01
    outer loop
      vertex   -8.607699e-02 8.930000e-02 1.742038e-01
      vertex   -8.574457e-02 5.853333e-02 1.727043e-01
      vertex   -8.607699e-02 5.853333e-02 1.742038e-01
    endloop
  endfacet
  facet normal -9.799247e-01 -1.798561e-16 -1.993679e-01
    outer loop
      vertex   -8.607699e-02 8.930000e-02 1.742038e-01
      vertex   -8.607699e-02 5.853333e-02 1.742038e-01
      vertex   -8.638319e-02 8.930000e-02 1.757088e-01
    endloop
  endfacet
  facet normal -9.799247e-01 -0.000000e+00 -1.993679e-01
    outer loop
      vertex   -8.638319e-02 8.930000e-02 1.757088e-01
      vertex   -8.607699e-02 5.853333e-02 1.742038e-01
      vertex   -8.638319e-02 5.853333e-02 1.757088e-01
    endloop
  endfacet
  facet normal -9.832549e-01 -0.000000e+00 -1.822355e-01
    outer loop
      vertex   -8.638319e-02 8.930000e-02 1.757088e-01
      vertex   -8.638319e-02 5.853333e-02 1.757088e-01
      vertex   -8.666308e-02 8.930000e-02 1.772190e-01
    endloop
  endfacet
  facet normal -9.832549e-01 -0.000000e+00 -1.822355e-01
    outer loop
      vertex   -8.666308e-02 8.930000e-02 1.772190e-01
      vertex   -8.638319e-02 5.853333e-02 1.757088e-01
      vertex   -8.666308e-02 5.853333e-02 1.772190e-01
    endloop
  endfacet
  facet normal -9.862856e-01 -0.000000e+00 -1.650476e-01
    outer loop
      vertex   -8.666308e-02 8.930000e-02 1.772190e-01
      vertex   -8.666308e-02 5.853333e-02 1.772190e-01
      vertex   -8.691657e-02 8.930000e-02 1.787338e-01
    endloop
  endfacet
  facet normal -9.862856e-01 -0.000000e+00 -1.650476e-01
    outer loop
      vertex   -8.691657e-02 8.930000e-02 1.787338e-01
      vertex   -8.666308e-02 5.853333e-02 1.772190e-01
      vertex   -8.691657e-02 5.853333e-02 1.787338e-01
    endloop
  endfacet
  facet normal -9.890159e-01 -0.000000e+00 -1.478094e-01
    outer loop
      vertex   -8.691657e-02 8.930000e-02 1.787338e-01
      vertex   -8.691657e-02 5.853333e-02 1.787338e-01
      vertex   -8.714359e-02 8.930000e-02 1.802528e-01
    endloop
  endfacet
  facet normal -9.890159e-01 -0.000000e+00 -1.478094e-01
    outer loop
      vertex   -8.714359e-02 8.930000e-02 1.802528e-01
      vertex   -8.691657e-02 5.853333e-02 1.787338e-01
      vertex   -8.714359e-02 5.853333e-02 1.802528e-01
    endloop
  endfacet
  facet normal -9.914449e-01 -0.000000e+00 -1.305262e-01
    outer loop
      vertex   -8.714359e-02 8.930000e-02 1.802528e-01
      vertex   -8.714359e-02 5.853333e-02 1.802528e-01
      vertex   -8.734406e-02 8.930000e-02 1.817755e-01
    endloop
  endfacet
  facet normal -9.914449e-01 -0.000000e+00 -1.305262e-01
    outer loop
      vertex   -8.734406e-02 8.930000e-02 1.817755e-01
      vertex   -8.714359e-02 5.853333e-02 1.802528e-01
      vertex   -8.734406e-02 5.853333e-02 1.817755e-01
    endloop
  endfacet
  facet normal -9.935719e-01 -0.000000e+00 -1.132032e-01
    outer loop
      vertex   -8.734406e-02 8.930000e-02 1.817755e-01
      vertex   -8.734406e-02 5.853333e-02 1.817755e-01
      vertex   -8.751793e-02 8.930000e-02 1.833015e-01
    endloop
  endfacet
  facet normal -9.935719e-01 -0.000000e+00 -1.132032e-01
    outer loop
      vertex   -8.751793e-02 8.930000e-02 1.833015e-01
      vertex   -8.734406e-02 5.853333e-02 1.817755e-01
      vertex   -8.751793e-02 5.853333e-02 1.833015e-01
    endloop
  endfacet
  facet normal -9.953962e-01 -0.000000e+00 -9.584575e-02
    outer loop
      vertex   -8.751793e-02 8.930000e-02 1.833015e-01
      vertex   -8.751793e-02 5.853333e-02 1.833015e-01
      vertex   -8.766513e-02 8.930000e-02 1.848303e-01
    endloop
  endfacet
  facet normal -9.953962e-01 -0.000000e+00 -9.584575e-02
    outer loop
      vertex   -8.766513e-02 8.930000e-02 1.848303e-01
      vertex   -8.751793e-02 5.853333e-02 1.833015e-01
      vertex   -8.766513e-02 5.853333e-02 1.848303e-01
    endloop
  endfacet
  facet normal -9.969173e-01 -0.000000e+00 -7.845910e-02
    outer loop
      vertex   -8.766513e-02 8.930000e-02 1.848303e-01
      vertex   -8.766513e-02 5.853333e-02 1.848303e-01
      vertex   -8.778564e-02 8.930000e-02 1.863614e-01
    endloop
  endfacet
  facet normal -9.969173e-01 -0.000000e+00 -7.845910e-02
    outer loop
      vertex   -8.778564e-02 8.930000e-02 1.863614e-01
      vertex   -8.766513e-02 5.853333e-02 1.848303e-01
      vertex   -8.778564e-02 5.853333e-02 1.863614e-01
    endloop
  endfacet
  facet normal -9.981348e-01 -0.000000e+00 -6.104854e-02
    outer loop
      vertex   -8.778564e-02 8.930000e-02 1.863614e-01
      vertex   -8.778564e-02 5.853333e-02 1.863614e-01
      vertex   -8.787940e-02 8.930000e-02 1.878944e-01
    endloop
  endfacet
  facet normal -9.981348e-01 3.951506e-16 -6.104854e-02
    outer loop
      vertex   -8.787940e-02 8.930000e-02 1.878944e-01
      vertex   -8.778564e-02 5.853333e-02 1.863614e-01
      vertex   -8.787940e-02 5.853333e-02 1.878944e-01
    endloop
  endfacet
  facet normal -9.990482e-01 4.112860e-16 -4.361939e-02
    outer loop
      vertex   -8.787940e-02 8.930000e-02 1.878944e-01
      vertex   -8.787940e-02 5.853333e-02 1.878944e-01
      vertex   -8.794639e-02 8.930000e-02 1.894289e-01
    endloop
  endfacet
  facet normal -9.990482e-01 -3.935042e-17 -4.361939e-02
    outer loop
      vertex   -8.794639e-02 8.930000e-02 1.894289e-01
      vertex   -8.787940e-02 5.853333e-02 1.878944e-01
      vertex   -8.794639e-02 5.853333e-02 1.894289e-01
    endloop
  endfacet
  facet normal -9.996573e-01 -2.361505e-17 -2.617695e-02
    outer loop
      vertex   -8.794639e-02 8.930000e-02 1.894289e-01
      vertex   -8.794639e-02 5.853333e-02 1.894289e-01
      vertex   -8.798660e-02 8.930000e-02 1.909642e-01
    endloop
  endfacet
  facet normal -9.996573e-01 -0.000000e+00 -2.617695e-02
    outer loop
      vertex   -8.798660e-02 8.930000e-02 1.909642e-01
      vertex   -8.794639e-02 5.853333e-02 1.894289e-01
      vertex   -8.798660e-02 5.853333e-02 1.909642e-01
    endloop
  endfacet
  facet normal -9.999619e-01 -0.000000e+00 -8.726535e-03
    outer loop
      vertex   -8.798660e-02 8.930000e-02 1.909642e-01
      vertex   -8.798660e-02 5.853333e-02 1.909642e-01
      vertex   -8.800000e-02 8.930000e-02 1.925000e-01
    endloop
  endfacet
  facet normal -9.999619e-01 -0.000000e+00 -8.726535e-03
    outer loop
      vertex   -8.800000e-02 8.930000e-02 1.925000e-01
      vertex   -8.798660e-02 5.853333e-02 1.909642e-01
      vertex   -8.800000e-02 5.853333e-02 1.925000e-01
    endloop
  endfacet
  facet normal -9.999619e-01 0.000000e+00 8.726535e-03
    outer loop
      vertex   -8.800000e-02 8.930000e-02 1.925000e-01
      vertex   -8.800000e-02 5.853333e-02 1.925000e-01
      vertex   -8.798660e-02 8.930000e-02 1.940358e-01
    endloop
  endfacet
  facet normal -9.999619e-01 7.872482e-18 8.726535e-03
    outer loop
      vertex   -8.798660e-02 8.930000e-02 1.940358e-01
      vertex   -8.800000e-02 5.853333e-02 1.925000e-01
      vertex   -8.798660e-02 5.853333e-02 1.940358e-01
    endloop
  endfacet
  facet normal -9.996573e-01 2.361505e-17 2.617695e-02
    outer loop
      vertex   -8.798660e-02 8.930000e-02 1.940358e-01
      vertex   -8.798660e-02 5.853333e-02 1.940358e-01
      vertex   -8.794639e-02 8.930000e-02 1.955712e-01
    endloop
  endfacet
  facet normal -9.996573e-01 0.000000e+00 2.617695e-02
    outer loop
      vertex   -8.794639e-02 8.930000e-02 1.955712e-01
      vertex   -8.798660e-02 5.853333e-02 1.940358e-01
      vertex   -8.794639e-02 5.853333e-02 1.955712e-01
    endloop
  endfacet
  facet normal -9.990482e-01 0.000000e+00 4.361939e-02
    outer loop
      vertex   -8.794639e-02 8.930000e-02 1.955712e-01
      vertex   -8.794639e-02 5.853333e-02 1.955712e-01
      vertex   -8.787940e-02 8.930000e-02 1.971056e-01
    endloop
  endfacet
  facet normal -9.990482e-01 0.000000e+00 4.361939e-02
    outer loop
      vertex   -8.787940e-02 8.930000e-02 1.971056e-01
      vertex   -8.794639e-02 5.853333e-02 1.955712e-01
      vertex   -8.787940e-02 5.853333e-02 1.971056e-01
    endloop
  endfacet
  facet normal -9.981348e-01 0.000000e+00 6.104854e-02
    outer loop
      vertex   -8.787940e-02 8.930000e-02 1.971056e-01
      vertex   -8.787940e-02 5.853333e-02 1.971056e-01
      vertex   -8.778564e-02 8.930000e-02 1.986386e-01
    endloop
  endfacet
  facet normal -9.981348e-01 5.507380e-17 6.104854e-02
    outer loop
      vertex   -8.778564e-02 8.930000e-02 1.986386e-01
      vertex   -8.787940e-02 5.853333e-02 1.971056e-01
      vertex   -8.778564e-02 5.853333e-02 1.986386e-01
    endloop
  endfacet
  facet normal -9.969173e-01 7.078041e-17 7.845910e-02
    outer loop
      vertex   -8.778564e-02 8.930000e-02 1.986386e-01
      vertex   -8.778564e-02 5.853333e-02 1.986386e-01
      vertex   -8.766513e-02 8.930000e-02 2.001697e-01
    endloop
  endfacet
  facet normal -9.969173e-01 0.000000e+00 7.845910e-02
    outer loop
      vertex   -8.766513e-02 8.930000e-02 2.001697e-01
      vertex   -8.778564e-02 5.853333e-02 1.986386e-01
      vertex   -8.766513e-02 5.853333e-02 2.001697e-01
    endloop
  endfacet
  facet normal -9.953962e-01 0.000000e+00 9.584575e-02
    outer loop
      vertex   -8.766513e-02 8.930000e-02 2.001697e-01
      vertex   -8.766513e-02 5.853333e-02 2.001697e-01
      vertex   -8.751793e-02 8.930000e-02 2.016985e-01
    endloop
  endfacet
  facet normal -9.953962e-01 8.646546e-17 9.584575e-02
    outer loop
      vertex   -8.751793e-02 8.930000e-02 2.016985e-01
      vertex   -8.766513e-02 5.853333e-02 2.001697e-01
      vertex   -8.751793e-02 5.853333e-02 2.016985e-01
    endloop
  endfacet
  facet normal -9.935719e-01 1.021242e-16 1.132032e-01
    outer loop
      vertex   -8.751793e-02 8.930000e-02 2.016985e-01
      vertex   -8.751793e-02 5.853333e-02 2.016985e-01
      vertex   -8.734406e-02 8.930000e-02 2.032245e-01
    endloop
  endfacet
  facet normal -9.935719e-01 -3.460420e-16 1.132032e-01
    outer loop
      vertex   -8.734406e-02 8.930000e-02 2.032245e-01
      vertex   -8.751793e-02 5.853333e-02 2.016985e-01
      vertex   -8.734406e-02 5.853333e-02 2.032245e-01
    endloop
  endfacet
  facet normal -9.914449e-01 -3.294550e-16 1.305262e-01
    outer loop
      vertex   -8.734406e-02 8.930000e-02 2.032245e-01
      vertex   -8.734406e-02 5.853333e-02 2.032245e-01
      vertex   -8.714359e-02 8.930000e-02 2.047472e-01
    endloop
  endfacet
  facet normal -9.914449e-01 0.000000e+00 1.305262e-01
    outer loop
      vertex   -8.714359e-02 8.930000e-02 2.047472e-01
      vertex   -8.734406e-02 5.853333e-02 2.032245e-01
      vertex   -8.714359e-02 5.853333e-02 2.047472e-01
    endloop
  endfacet
  facet normal -9.890159e-01 0.000000e+00 1.478094e-01
    outer loop
      vertex   -8.714359e-02 8.930000e-02 2.047472e-01
      vertex   -8.714359e-02 5.853333e-02 2.047472e-01
      vertex   -8.691657e-02 8.930000e-02 2.062662e-01
    endloop
  endfacet
  facet normal -9.890159e-01 2.666870e-16 1.478094e-01
    outer loop
      vertex   -8.691657e-02 8.930000e-02 2.062662e-01
      vertex   -8.714359e-02 5.853333e-02 2.047472e-01
      vertex   -8.691657e-02 5.853333e-02 2.062662e-01
    endloop
  endfacet
  facet normal -9.862856e-01 2.977893e-16 1.650476e-01
    outer loop
      vertex   -8.691657e-02 8.930000e-02 2.062662e-01
      vertex   -8.691657e-02 5.853333e-02 2.062662e-01
      vertex   -8.666308e-02 8.930000e-02 2.077810e-01
    endloop
  endfacet
  facet normal -9.862856e-01 1.488946e-16 1.650476e-01
    outer loop
      vertex   -8.666308e-02 8.930000e-02 2.077810e-01
      vertex   -8.691657e-02 5.853333e-02 2.062662e-01
      vertex   -8.666308e-02 5.853333e-02 2.077810e-01
    endloop
  endfacet
  facet normal -9.832549e-01 1.644004e-16 1.822355e-01
    outer loop
      vertex   -8.666308e-02 8.930000e-02 2.077810e-01
      vertex   -8.666308e-02 5.853333e-02 2.077810e-01
      vertex   -8.638319e-02 8.930000e-02 2.092912e-01
    endloop
  endfacet
  facet normal -9.832549e-01 1.644004e-16 1.822355e-01
    outer loop
      vertex   -8.638319e-02 8.930000e-02 2.092912e-01
      vertex   -8.666308e-02 5.853333e-02 2.077810e-01
      vertex   -8.638319e-02 5.853333e-02 2.092912e-01
    endloop
  endfacet
  facet normal -9.799247e-01 1.798561e-16 1.993679e-01
    outer loop
      vertex   -8.638319e-02 8.930000e-02 2.092912e-01
      vertex   -8.638319e-02 5.853333e-02 2.092912e-01
      vertex   -8.607699e-02 8.930000e-02 2.107962e-01
    endloop
  endfacet
  facet normal -9.799247e-01 0.000000e+00 1.993679e-01
    outer loop
      vertex   -8.607699e-02 8.930000e-02 2.107962e-01
      vertex   -8.638319e-02 5.853333e-02 2.092912e-01
      vertex   -8.607699e-02 5.853333e-02 2.107962e-01
    endloop
  endfacet
  facet normal -9.762960e-01 0.000000e+00 2.164396e-01
    outer loop
      vertex   -8.607699e-02 8.930000e-02 2.107962e-01
      vertex   -8.607699e-02 5.853333e-02 2.107962e-01
      vertex   -8.574457e-02 8.930000e-02 2.122957e-01
    endloop
  endfacet
  facet normal -9.762960e-01 -4.403736e-16 2.164396e-01
    outer loop
      vertex   -8.574457e-02 8.930000e-02 2.122957e-01
      vertex   -8.607699e-02 5.853333e-02 2.107962e-01
      vertex   -8.574457e-02 5.853333e-02 2.122957e-01
    endloop
  endfacet
  facet normal -9.723699e-01 -4.386027e-16 2.334454e-01
    outer loop
      vertex   -8.574457e-02 8.930000e-02 2.122957e-01
      vertex   -8.574457e-02 5.853333e-02 2.122957e-01
      vertex   -8.538602e-02 8.930000e-02 2.137891e-01
    endloop
  endfacet
  facet normal -9.723699e-01 4.386027e-16 2.334454e-01
    outer loop
      vertex   -8.538602e-02 8.930000e-02 2.137891e-01
      vertex   -8.574457e-02 5.853333e-02 2.122957e-01
      vertex   -8.538602e-02 5.853333e-02 2.137891e-01
    endloop
  endfacet
  facet normal -9.681476e-01 4.366982e-16 2.503800e-01
    outer loop
      vertex   -8.538602e-02 8.930000e-02 2.137891e-01
      vertex   -8.538602e-02 5.853333e-02 2.137891e-01
      vertex   -8.500147e-02 8.930000e-02 2.152761e-01
    endloop
  endfacet
  facet normal -9.681476e-01 0.000000e+00 2.503800e-01
    outer loop
      vertex   -8.500147e-02 8.930000e-02 2.152761e-01
      vertex   -8.538602e-02 5.853333e-02 2.137891e-01
      vertex   -8.500147e-02 5.853333e-02 2.152761e-01
    endloop
  endfacet
  facet normal -9.636305e-01 0.000000e+00 2.672384e-01
    outer loop
      vertex   -8.500147e-02 8.930000e-02 2.152761e-01
      vertex   -8.500147e-02 5.853333e-02 2.152761e-01
      vertex   -8.459103e-02 8.930000e-02 2.167561e-01
    endloop
  endfacet
  facet normal -9.636305e-01 2.410841e-16 2.672384e-01
    outer loop
      vertex   -8.459103e-02 8.930000e-02 2.167561e-01
      vertex   -8.500147e-02 5.853333e-02 2.152761e-01
      vertex   -8.459103e-02 5.853333e-02 2.167561e-01
    endloop
  endfacet
  facet normal -9.588197e-01 2.562192e-16 2.840153e-01
    outer loop
      vertex   -8.459103e-02 8.930000e-02 2.167561e-01
      vertex   -8.459103e-02 5.853333e-02 2.167561e-01
      vertex   -8.415482e-02 8.930000e-02 2.182287e-01
    endloop
  endfacet
  facet normal -9.588197e-01 0.000000e+00 2.840153e-01
    outer loop
      vertex   -8.415482e-02 8.930000e-02 2.182287e-01
      vertex   -8.459103e-02 5.853333e-02 2.167561e-01
      vertex   -8.415482e-02 5.853333e-02 2.182287e-01
    endloop
  endfacet
  facet normal -9.537170e-01 0.000000e+00 3.007058e-01
    outer loop
      vertex   -8.415482e-02 8.930000e-02 2.182287e-01
      vertex   -8.415482e-02 5.853333e-02 2.182287e-01
      vertex   -8.369297e-02 8.930000e-02 2.196935e-01
    endloop
  endfacet
  facet normal -9.537170e-01 0.000000e+00 3.007058e-01
    outer loop
      vertex   -8.369297e-02 8.930000e-02 2.196935e-01
      vertex   -8.415482e-02 5.853333e-02 2.182287e-01
      vertex   -8.369297e-02 5.853333e-02 2.196935e-01
    endloop
  endfacet
  facet normal -9.483237e-01 0.000000e+00 3.173047e-01
    outer loop
      vertex   -8.369297e-02 8.930000e-02 2.196935e-01
      vertex   -8.369297e-02 5.853333e-02 2.196935e-01
      vertex   -8.320563e-02 8.930000e-02 2.211500e-01
    endloop
  endfacet
  facet normal -9.483237e-01 2.862505e-16 3.173047e-01
    outer loop
      vertex   -8.320563e-02 8.930000e-02 2.211500e-01
      vertex   -8.369297e-02 5.853333e-02 2.196935e-01
      vertex   -8.320563e-02 5.853333e-02 2.211500e-01
    endloop
  endfacet
  facet normal -9.426415e-01 3.011376e-16 3.338069e-01
    outer loop
      vertex   -8.320563e-02 8.930000e-02 2.211500e-01
      vertex   -8.320563e-02 5.853333e-02 2.211500e-01
      vertex   -8.269295e-02 8.930000e-02 2.225978e-01
    endloop
  endfacet
  facet normal -9.426415e-01 -4.251932e-16 3.338069e-01
    outer loop
      vertex   -8.269295e-02 8.930000e-02 2.225978e-01
      vertex   -8.320563e-02 5.853333e-02 2.211500e-01
      vertex   -8.269295e-02 5.853333e-02 2.225978e-01
    endloop
  endfacet
  facet normal -9.366722e-01 -4.225007e-16 3.502074e-01
    outer loop
      vertex   -8.269295e-02 8.930000e-02 2.225978e-01
      vertex   -8.269295e-02 5.853333e-02 2.225978e-01
      vertex   -8.215508e-02 8.930000e-02 2.240364e-01
    endloop
  endfacet
  facet normal -9.366722e-01 0.000000e+00 3.502074e-01
    outer loop
      vertex   -8.215508e-02 8.930000e-02 2.240364e-01
      vertex   -8.269295e-02 5.853333e-02 2.225978e-01
      vertex   -8.215508e-02 5.853333e-02 2.240364e-01
    endloop
  endfacet
  facet normal -9.304176e-01 0.000000e+00 3.665012e-01
    outer loop
      vertex   -8.215508e-02 8.930000e-02 2.240364e-01
      vertex   -8.215508e-02 5.853333e-02 2.240364e-01
      vertex   -8.159218e-02 8.930000e-02 2.254654e-01
    endloop
  endfacet
  facet normal -9.304176e-01 6.612645e-16 3.665012e-01
    outer loop
      vertex   -8.159218e-02 8.930000e-02 2.254654e-01
      vertex   -8.215508e-02 5.853333e-02 2.240364e-01
      vertex   -8.159218e-02 5.853333e-02 2.254654e-01
    endloop
  endfacet
  facet normal -9.238795e-01 6.904615e-16 3.826834e-01
    outer loop
      vertex   -8.159218e-02 8.930000e-02 2.254654e-01
      vertex   -8.159218e-02 5.853333e-02 2.254654e-01
      vertex   -8.100443e-02 8.930000e-02 2.268843e-01
    endloop
  endfacet
  facet normal -9.238795e-01 0.000000e+00 3.826834e-01
    outer loop
      vertex   -8.100443e-02 8.930000e-02 2.268843e-01
      vertex   -8.159218e-02 5.853333e-02 2.254654e-01
      vertex   -8.100443e-02 5.853333e-02 2.268843e-01
    endloop
  endfacet
  facet normal -9.170601e-01 0.000000e+00 3.987491e-01
    outer loop
      vertex   -8.100443e-02 8.930000e-02 2.268843e-01
      vertex   -8.100443e-02 5.853333e-02 2.268843e-01
      vertex   -8.039200e-02 8.930000e-02 2.282928e-01
    endloop
  endfacet
  facet normal -9.170601e-01 4.136543e-16 3.987491e-01
    outer loop
      vertex   -8.039200e-02 8.930000e-02 2.282928e-01
      vertex   -8.100443e-02 5.853333e-02 2.268843e-01
      vertex   -8.039200e-02 5.853333e-02 2.282928e-01
    endloop
  endfacet
  facet normal -9.099613e-01 4.104523e-16 4.146932e-01
    outer loop
      vertex   -8.039200e-02 8.930000e-02 2.282928e-01
      vertex   -8.039200e-02 5.853333e-02 2.282928e-01
      vertex   -7.975509e-02 8.930000e-02 2.296904e-01
    endloop
  endfacet
  facet normal -9.099613e-01 -3.634452e-17 4.146932e-01
    outer loop
      vertex   -7.975509e-02 8.930000e-02 2.296904e-01
      vertex   -8.039200e-02 5.853333e-02 2.282928e-01
      vertex   -7.975509e-02 5.853333e-02 2.296904e-01
    endloop
  endfacet
  facet normal -9.025853e-01 -1.874768e-17 4.305111e-01
    outer loop
      vertex   -7.975509e-02 8.930000e-02 2.296904e-01
      vertex   -7.975509e-02 5.853333e-02 2.296904e-01
      vertex   -7.909388e-02 8.930000e-02 2.310767e-01
    endloop
  endfacet
  facet normal -9.025853e-01 0.000000e+00 4.305111e-01
    outer loop
      vertex   -7.909388e-02 8.930000e-02 2.310767e-01
      vertex   -7.975509e-02 5.853333e-02 2.296904e-01
      vertex   -7.909388e-02 5.853333e-02 2.310767e-01
    endloop
  endfacet
  facet normal -8.949344e-01 0.000000e+00 4.461978e-01
    outer loop
      vertex   -7.909388e-02 8.930000e-02 2.310767e-01
      vertex   -7.909388e-02 5.853333e-02 2.310767e-01
      vertex   -7.840857e-02 8.930000e-02 2.324512e-01
    endloop
  endfacet
  facet normal -8.949344e-01 -4.036742e-16 4.461978e-01
    outer loop
      vertex   -7.840857e-02 8.930000e-02 2.324512e-01
      vertex   -7.909388e-02 5.853333e-02 2.310767e-01
      vertex   -7.840857e-02 5.853333e-02 2.324512e-01
    endloop
  endfacet
  facet normal -8.870108e-01 -4.001002e-16 4.617486e-01
    outer loop
      vertex   -7.840857e-02 8.930000e-02 2.324512e-01
      vertex   -7.840857e-02 5.853333e-02 2.324512e-01
      vertex   -7.769939e-02 8.930000e-02 2.338135e-01
    endloop
  endfacet
  facet normal -8.870108e-01 3.836424e-16 4.617486e-01
    outer loop
      vertex   -7.769939e-02 8.930000e-02 2.338135e-01
      vertex   -7.840857e-02 5.853333e-02 2.324512e-01
      vertex   -7.769939e-02 5.853333e-02 2.338135e-01
    endloop
  endfacet
  facet normal -8.788171e-01 3.623486e-16 4.771588e-01
    outer loop
      vertex   -7.769939e-02 8.930000e-02 2.338135e-01
      vertex   -7.769939e-02 5.853333e-02 2.338135e-01
      vertex   -7.696653e-02 8.930000e-02 2.351633e-01
    endloop
  endfacet
  facet normal -8.788171e-01 3.964042e-16 4.771588e-01
    outer loop
      vertex   -7.696653e-02 8.930000e-02 2.351633e-01
      vertex   -7.769939e-02 5.853333e-02 2.338135e-01
      vertex   -7.696653e-02 5.853333e-02 2.351633e-01
    endloop
  endfacet
  facet normal -8.703557e-01 3.925876e-16 4.924236e-01
    outer loop
      vertex   -7.696653e-02 8.930000e-02 2.351633e-01
      vertex   -7.696653e-02 5.853333e-02 2.351633e-01
      vertex   -7.621024e-02 8.930000e-02 2.365000e-01
    endloop
  endfacet
  facet normal -8.703557e-01 0.000000e+00 4.924236e-01
    outer loop
      vertex   -7.621024e-02 8.930000e-02 2.365000e-01
      vertex   -7.696653e-02 5.853333e-02 2.351633e-01
      vertex   -7.621024e-02 5.853333e-02 2.365000e-01
    endloop
  endfacet
  facet normal -8.616292e-01 0.000000e+00 5.075384e-01
    outer loop
      vertex   -7.621024e-02 8.930000e-02 2.365000e-01
      vertex   -7.621024e-02 5.853333e-02 2.365000e-01
      vertex   -7.543072e-02 8.930000e-02 2.378234e-01
    endloop
  endfacet
  facet normal -8.616292e-01 -3.886514e-16 5.075384e-01
    outer loop
      vertex   -7.543072e-02 8.930000e-02 2.378234e-01
      vertex   -7.621024e-02 5.853333e-02 2.365000e-01
      vertex   -7.543072e-02 5.853333e-02 2.378234e-01
    endloop
  endfacet
  facet normal -8.526402e-01 -3.845967e-16 5.224986e-01
    outer loop
      vertex   -7.543072e-02 8.930000e-02 2.378234e-01
      vertex   -7.543072e-02 5.853333e-02 2.378234e-01
      vertex   -7.462823e-02 8.930000e-02 2.391329e-01
    endloop
  endfacet
  facet normal -8.526402e-01 -3.845967e-16 5.224986e-01
    outer loop
      vertex   -7.462823e-02 8.930000e-02 2.391329e-01
      vertex   -7.543072e-02 5.853333e-02 2.378234e-01
      vertex   -7.462823e-02 5.853333e-02 2.391329e-01
    endloop
  endfacet
  facet normal -8.433914e-01 -3.804249e-16 5.372996e-01
    outer loop
      vertex   -7.462823e-02 8.930000e-02 2.391329e-01
      vertex   -7.462823e-02 5.853333e-02 2.391329e-01
      vertex   -7.380301e-02 8.930000e-02 2.404282e-01
    endloop
  endfacet
  facet normal -8.433914e-01 -1.042899e-16 5.372996e-01
    outer loop
      vertex   -7.380301e-02 8.930000e-02 2.404282e-01
      vertex   -7.462823e-02 5.853333e-02 2.391329e-01
      vertex   -7.380301e-02 5.853333e-02 2.404282e-01
    endloop
  endfacet
  facet normal -8.338858e-01 -1.217824e-16 5.519370e-01
    outer loop
      vertex   -7.380301e-02 8.930000e-02 2.404282e-01
      vertex   -7.380301e-02 5.853333e-02 2.404282e-01
      vertex   -7.295531e-02 8.930000e-02 2.417090e-01
    endloop
  endfacet
  facet normal -8.338858e-01 6.197021e-16 5.519370e-01
    outer loop
      vertex   -7.295531e-02 8.930000e-02 2.417090e-01
      vertex   -7.380301e-02 5.853333e-02 2.404282e-01
      vertex   -7.295531e-02 5.853333e-02 2.417090e-01
    endloop
  endfacet
  facet normal -8.241262e-01 6.502106e-16 5.664062e-01
    outer loop
      vertex   -7.295531e-02 8.930000e-02 2.417090e-01
      vertex   -7.295531e-02 5.853333e-02 2.417090e-01
      vertex   -7.208538e-02 8.930000e-02 2.429747e-01
    endloop
  endfacet
  facet normal -8.241262e-01 -3.717351e-16 5.664062e-01
    outer loop
      vertex   -7.208538e-02 8.930000e-02 2.429747e-01
      vertex   -7.295531e-02 5.853333e-02 2.417090e-01
      vertex   -7.208538e-02 5.853333e-02 2.429747e-01
    endloop
  endfacet
  facet normal -8.141155e-01 -3.672196e-16 5.807030e-01
    outer loop
      vertex   -7.208538e-02 8.930000e-02 2.429747e-01
      vertex   -7.208538e-02 5.853333e-02 2.429747e-01
      vertex   -7.119350e-02 8.930000e-02 2.442251e-01
    endloop
  endfacet
  facet normal -8.141155e-01 5.238704e-16 5.807030e-01
    outer loop
      vertex   -7.119350e-02 8.930000e-02 2.442251e-01
      vertex   -7.208538e-02 5.853333e-02 2.429747e-01
      vertex   -7.119350e-02 5.853333e-02 2.442251e-01
    endloop
  endfacet
  facet normal -8.038569e-01 5.366083e-16 5.948228e-01
    outer loop
      vertex   -7.119350e-02 8.930000e-02 2.442251e-01
      vertex   -7.119350e-02 5.853333e-02 2.442251e-01
      vertex   -7.027992e-02 8.930000e-02 2.454597e-01
    endloop
  endfacet
  facet normal -8.038569e-01 -5.366083e-16 5.948228e-01
    outer loop
      vertex   -7.027992e-02 8.930000e-02 2.454597e-01
      vertex   -7.119350e-02 5.853333e-02 2.442251e-01
      vertex   -7.027992e-02 5.853333e-02 2.454597e-01
    endloop
  endfacet
  facet normal -7.933533e-01 -5.491828e-16 6.087614e-01
    outer loop
      vertex   -7.027992e-02 8.930000e-02 2.454597e-01
      vertex   -7.027992e-02 5.853333e-02 2.454597e-01
      vertex   -6.934495e-02 8.930000e-02 2.466782e-01
    endloop
  endfacet
  facet normal -7.933533e-01 0.000000e+00 6.087614e-01
    outer loop
      vertex   -6.934495e-02 8.930000e-02 2.466782e-01
      vertex   -7.027992e-02 5.853333e-02 2.454597e-01
      vertex   -6.934495e-02 5.853333e-02 2.466782e-01
    endloop
  endfacet
  facet normal -7.826082e-01 0.000000e+00 6.225146e-01
    outer loop
      vertex   -6.934495e-02 8.930000e-02 2.466782e-01
      vertex   -6.934495e-02 5.853333e-02 2.466782e-01
      vertex   -6.838884e-02 8.930000e-02 2.478802e-01
    endloop
  endfacet
  facet normal -7.826082e-01 -3.530077e-16 6.225146e-01
    outer loop
      vertex   -6.838884e-02 8.930000e-02 2.478802e-01
      vertex   -6.934495e-02 5.853333e-02 2.466782e-01
      vertex   -6.838884e-02 5.853333e-02 2.478802e-01
    endloop
  endfacet
  facet normal -7.716246e-01 -3.480534e-16 6.360782e-01
    outer loop
      vertex   -6.838884e-02 8.930000e-02 2.478802e-01
      vertex   -6.838884e-02 5.853333e-02 2.478802e-01
      vertex   -6.741191e-02 8.930000e-02 2.490653e-01
    endloop
  endfacet
  facet normal -7.716246e-01 -3.480534e-16 6.360782e-01
    outer loop
      vertex   -6.741191e-02 8.930000e-02 2.490653e-01
      vertex   -6.838884e-02 5.853333e-02 2.478802e-01
      vertex   -6.741191e-02 5.853333e-02 2.490653e-01
    endloop
  endfacet
  facet normal -7.604060e-01 -3.429930e-16 6.494480e-01
    outer loop
      vertex   -6.741191e-02 8.930000e-02 2.490653e-01
      vertex   -6.741191e-02 5.853333e-02 2.490653e-01
      vertex   -6.641444e-02 8.930000e-02 2.502332e-01
    endloop
  endfacet
  facet normal -7.604060e-01 -3.429930e-16 6.494480e-01
    outer loop
      vertex   -6.641444e-02 8.930000e-02 2.502332e-01
      vertex   -6.741191e-02 5.853333e-02 2.490653e-01
      vertex   -6.641444e-02 5.853333e-02 2.502332e-01
    endloop
  endfacet
  facet normal -7.489557e-01 -3.378282e-16 6.626200e-01
    outer loop
      vertex   -6.641444e-02 8.930000e-02 2.502332e-01
      vertex   -6.641444e-02 5.853333e-02 2.502332e-01
      vertex   -6.539674e-02 8.930000e-02 2.513835e-01
    endloop
  endfacet
  facet normal -7.489557e-01 -3.378282e-16 6.626200e-01
    outer loop
      vertex   -6.539674e-02 8.930000e-02 2.513835e-01
      vertex   -6.641444e-02 5.853333e-02 2.502332e-01
      vertex   -6.539674e-02 5.853333e-02 2.513835e-01
    endloop
  endfacet
  facet normal -7.372773e-01 -3.325605e-16 6.755902e-01
    outer loop
      vertex   -6.539674e-02 8.930000e-02 2.513835e-01
      vertex   -6.539674e-02 5.853333e-02 2.513835e-01
      vertex   -6.435913e-02 8.930000e-02 2.525159e-01
    endloop
  endfacet
  facet normal -7.372773e-01 3.325605e-16 6.755902e-01
    outer loop
      vertex   -6.435913e-02 8.930000e-02 2.525159e-01
      vertex   -6.539674e-02 5.853333e-02 2.513835e-01
      vertex   -6.435913e-02 5.853333e-02 2.525159e-01
    endloop
  endfacet
  facet normal -7.253744e-01 3.271915e-16 6.883546e-01
    outer loop
      vertex   -6.435913e-02 8.930000e-02 2.525159e-01
      vertex   -6.435913e-02 5.853333e-02 2.525159e-01
      vertex   -6.330190e-02 8.930000e-02 2.536299e-01
    endloop
  endfacet
  facet normal -7.253744e-01 -3.271915e-16 6.883546e-01
    outer loop
      vertex   -6.330190e-02 8.930000e-02 2.536299e-01
      vertex   -6.435913e-02 5.853333e-02 2.525159e-01
      vertex   -6.330190e-02 5.853333e-02 2.536299e-01
    endloop
  endfacet
  facet normal -7.132504e-01 -3.217228e-16 7.009093e-01
    outer loop
      vertex   -6.330190e-02 8.930000e-02 2.536299e-01
      vertex   -6.330190e-02 5.853333e-02 2.536299e-01
      vertex   -6.222540e-02 8.930000e-02 2.547254e-01
    endloop
  endfacet
  facet normal -7.132504e-01 -3.217228e-16 7.009093e-01
    outer loop
      vertex   -6.222540e-02 8.930000e-02 2.547254e-01
      vertex   -6.330190e-02 5.853333e-02 2.536299e-01
      vertex   -6.222540e-02 5.853333e-02 2.547254e-01
    endloop
  endfacet
  facet normal -7.009093e-01 -3.161561e-16 7.132504e-01
    outer loop
      vertex   -6.222540e-02 8.930000e-02 2.547254e-01
      vertex   -6.222540e-02 5.853333e-02 2.547254e-01
      vertex   -6.112994e-02 8.930000e-02 2.558019e-01
    endloop
  endfacet
  facet normal -7.009093e-01 -4.742342e-16 7.132504e-01
    outer loop
      vertex   -6.112994e-02 8.930000e-02 2.558019e-01
      vertex   -6.222540e-02 5.853333e-02 2.547254e-01
      vertex   -6.112994e-02 5.853333e-02 2.558019e-01
    endloop
  endfacet
  facet normal -6.883546e-01 -4.657397e-16 7.253744e-01
    outer loop
      vertex   -6.112994e-02 8.930000e-02 2.558019e-01
      vertex   -6.112994e-02 5.853333e-02 2.558019e-01
      vertex   -6.001586e-02 8.930000e-02 2.568591e-01
    endloop
  endfacet
  facet normal -6.883546e-01 1.552466e-16 7.253744e-01
    outer loop
      vertex   -6.001586e-02 8.930000e-02 2.568591e-01
      vertex   -6.112994e-02 5.853333e-02 2.558019e-01
      vertex   -6.001586e-02 5.853333e-02 2.568591e-01
    endloop
  endfacet
  facet normal -6.755902e-01 1.523678e-16 7.372773e-01
    outer loop
      vertex   -6.001586e-02 8.930000e-02 2.568591e-01
      vertex   -6.001586e-02 5.853333e-02 2.568591e-01
      vertex   -5.888349e-02 8.930000e-02 2.578968e-01
    endloop
  endfacet
  facet normal -6.755902e-01 3.047356e-16 7.372773e-01
    outer loop
      vertex   -5.888349e-02 8.930000e-02 2.578968e-01
      vertex   -6.001586e-02 5.853333e-02 2.568591e-01
      vertex   -5.888349e-02 5.853333e-02 2.578968e-01
    endloop
  endfacet
  facet normal -6.626200e-01 2.988852e-16 7.489557e-01
    outer loop
      vertex   -5.888349e-02 8.930000e-02 2.578968e-01
      vertex   -5.888349e-02 5.853333e-02 2.578968e-01
      vertex   -5.773319e-02 8.930000e-02 2.589145e-01
    endloop
  endfacet
  facet normal -6.626200e-01 2.988852e-16 7.489557e-01
    outer loop
      vertex   -5.773319e-02 8.930000e-02 2.589145e-01
      vertex   -5.888349e-02 5.853333e-02 2.578968e-01
      vertex   -5.773319e-02 5.853333e-02 2.589145e-01
    endloop
  endfacet
  facet normal -6.494480e-01 2.929437e-16 7.604060e-01
    outer loop
      vertex   -5.773319e-02 8.930000e-02 2.589145e-01
      vertex   -5.773319e-02 5.853333e-02 2.589145e-01
      vertex   -5.656531e-02 8.930000e-02 2.599119e-01
    endloop
  endfacet
  facet normal -6.494480e-01 -2.929437e-16 7.604060e-01
    outer loop
      vertex   -5.656531e-02 8.930000e-02 2.599119e-01
      vertex   -5.773319e-02 5.853333e-02 2.589145e-01
      vertex   -5.656531e-02 5.853333e-02 2.599119e-01
    endloop
  endfacet
  facet normal -6.360782e-01 -2.869131e-16 7.716246e-01
    outer loop
      vertex   -5.656531e-02 8.930000e-02 2.599119e-01
      vertex   -5.656531e-02 5.853333e-02 2.599119e-01
      vertex   -5.538019e-02 8.930000e-02 2.608889e-01
    endloop
  endfacet
  facet normal -6.360782e-01 -2.869131e-16 7.716246e-01
    outer loop
      vertex   -5.538019e-02 8.930000e-02 2.608889e-01
      vertex   -5.656531e-02 5.853333e-02 2.599119e-01
      vertex   -5.538019e-02 5.853333e-02 2.608889e-01
    endloop
  endfacet
  facet normal -6.225146e-01 -2.807950e-16 7.826082e-01
    outer loop
      vertex   -5.538019e-02 8.930000e-02 2.608889e-01
      vertex   -5.538019e-02 5.853333e-02 2.608889e-01
      vertex   -5.417821e-02 8.930000e-02 2.618450e-01
    endloop
  endfacet
  facet normal -6.225146e-01 2.807950e-16 7.826082e-01
    outer loop
      vertex   -5.417821e-02 8.930000e-02 2.618450e-01
      vertex   -5.538019e-02 5.853333e-02 2.608889e-01
      vertex   -5.417821e-02 5.853333e-02 2.618450e-01
    endloop
  endfacet
  facet normal -6.087614e-01 2.745914e-16 7.933533e-01
    outer loop
      vertex   -5.417821e-02 8.930000e-02 2.618450e-01
      vertex   -5.417821e-02 5.853333e-02 2.618450e-01
      vertex   -5.295972e-02 8.930000e-02 2.627799e-01
    endloop
  endfacet
  facet normal -6.087614e-01 -4.118871e-16 7.933533e-01
    outer loop
      vertex   -5.295972e-02 8.930000e-02 2.627799e-01
      vertex   -5.417821e-02 5.853333e-02 2.618450e-01
      vertex   -5.295972e-02 5.853333e-02 2.627799e-01
    endloop
  endfacet
  facet normal -5.948228e-01 -4.024562e-16 8.038569e-01
    outer loop
      vertex   -5.295972e-02 8.930000e-02 2.627799e-01
      vertex   -5.295972e-02 5.853333e-02 2.627799e-01
      vertex   -5.172510e-02 8.930000e-02 2.636935e-01
    endloop
  endfacet
  facet normal -5.948228e-01 -4.024562e-16 8.038569e-01
    outer loop
      vertex   -5.172510e-02 8.930000e-02 2.636935e-01
      vertex   -5.295972e-02 5.853333e-02 2.627799e-01
      vertex   -5.172510e-02 5.853333e-02 2.636935e-01
    endloop
  endfacet
  facet normal -5.807030e-01 -3.929028e-16 8.141155e-01
    outer loop
      vertex   -5.172510e-02 8.930000e-02 2.636935e-01
      vertex   -5.172510e-02 5.853333e-02 2.636935e-01
      vertex   -5.047473e-02 8.930000e-02 2.645854e-01
    endloop
  endfacet
  facet normal -5.807030e-01 2.619352e-16 8.141155e-01
    outer loop
      vertex   -5.047473e-02 8.930000e-02 2.645854e-01
      vertex   -5.172510e-02 5.853333e-02 2.636935e-01
      vertex   -5.047473e-02 5.853333e-02 2.645854e-01
    endloop
  endfacet
  facet normal -5.664062e-01 2.554864e-16 8.241262e-01
    outer loop
      vertex   -5.047473e-02 8.930000e-02 2.645854e-01
      vertex   -5.047473e-02 5.853333e-02 2.645854e-01
      vertex   -4.920898e-02 8.930000e-02 2.654553e-01
    endloop
  endfacet
  facet normal -5.664062e-01 1.277432e-16 8.241262e-01
    outer loop
      vertex   -4.920898e-02 8.930000e-02 2.654553e-01
      vertex   -5.047473e-02 5.853333e-02 2.645854e-01
      vertex   -4.920898e-02 5.853333e-02 2.654553e-01
    endloop
  endfacet
  facet normal -5.519370e-01 1.244799e-16 8.338858e-01
    outer loop
      vertex   -4.920898e-02 8.930000e-02 2.654553e-01
      vertex   -4.920898e-02 5.853333e-02 2.654553e-01
      vertex   -4.792824e-02 8.930000e-02 2.663030e-01
    endloop
  endfacet
  facet normal -5.519370e-01 -3.734398e-16 8.338858e-01
    outer loop
      vertex   -4.792824e-02 8.930000e-02 2.663030e-01
      vertex   -4.920898e-02 5.853333e-02 2.654553e-01
      vertex   -4.792824e-02 5.853333e-02 2.663030e-01
    endloop
  endfacet
  facet normal -5.372996e-01 -3.635361e-16 8.433914e-01
    outer loop
      vertex   -4.792824e-02 8.930000e-02 2.663030e-01
      vertex   -4.792824e-02 5.853333e-02 2.663030e-01
      vertex   -4.663290e-02 8.930000e-02 2.671282e-01
    endloop
  endfacet
  facet normal -5.372996e-01 1.211787e-16 8.433914e-01
    outer loop
      vertex   -4.663290e-02 8.930000e-02 2.671282e-01
      vertex   -4.792824e-02 5.853333e-02 2.663030e-01
      vertex   -4.663290e-02 5.853333e-02 2.671282e-01
    endloop
  endfacet
  facet normal -5.224986e-01 1.178406e-16 8.526402e-01
    outer loop
      vertex   -4.663290e-02 8.930000e-02 2.671282e-01
      vertex   -4.663290e-02 5.853333e-02 2.671282e-01
      vertex   -4.532335e-02 8.930000e-02 2.679307e-01
    endloop
  endfacet
  facet normal -5.224986e-01 1.420546e-15 8.526402e-01
    outer loop
      vertex   -4.532335e-02 8.930000e-02 2.679307e-01
      vertex   -4.663290e-02 5.853333e-02 2.671282e-01
      vertex   -4.532335e-02 5.853333e-02 2.679307e-01
    endloop
  endfacet
  facet normal -5.075384e-01 1.440139e-15 8.616292e-01
    outer loop
      vertex   -4.532335e-02 8.930000e-02 2.679307e-01
      vertex   -4.532335e-02 5.853333e-02 2.679307e-01
      vertex   -4.400000e-02 8.930000e-02 2.687102e-01
    endloop
  endfacet
  facet normal -5.075384e-01 1.144666e-16 8.616292e-01
    outer loop
      vertex   -4.400000e-02 8.930000e-02 2.687102e-01
      vertex   -4.532335e-02 5.853333e-02 2.679307e-01
      vertex   -4.400000e-02 5.853333e-02 2.687102e-01
    endloop
  endfacet
  facet normal -4.924236e-01 1.110577e-16 8.703557e-01
    outer loop
      vertex   -4.400000e-02 8.930000e-02 2.687102e-01
      vertex   -4.400000e-02 5.853333e-02 2.687102e-01
      vertex   -4.266325e-02 8.930000e-02 2.694665e-01
    endloop
  endfacet
  facet normal -4.924236e-01 -3.331731e-16 8.703557e-01
    outer loop
      vertex   -4.266325e-02 8.930000e-02 2.694665e-01
      vertex   -4.400000e-02 5.853333e-02 2.687102e-01
      vertex   -4.266325e-02 5.853333e-02 2.694665e-01
    endloop
  endfacet
  facet normal -4.771588e-01 -3.228449e-16 8.788171e-01
    outer loop
      vertex   -4.266325e-02 8.930000e-02 2.694665e-01
      vertex   -4.266325e-02 5.853333e-02 2.694665e-01
      vertex   -4.131350e-02 8.930000e-02 2.701994e-01
    endloop
  endfacet
  facet normal -4.771588e-01 -3.228449e-16 8.788171e-01
    outer loop
      vertex   -4.131350e-02 8.930000e-02 2.701994e-01
      vertex   -4.266325e-02 5.853333e-02 2.694665e-01
      vertex   -4.131350e-02 5.853333e-02 2.701994e-01
    endloop
  endfacet
  facet normal -4.617486e-01 -3.124184e-16 8.870108e-01
    outer loop
      vertex   -4.131350e-02 8.930000e-02 2.701994e-01
      vertex   -4.131350e-02 5.853333e-02 2.701994e-01
      vertex   -3.995116e-02 8.930000e-02 2.709086e-01
    endloop
  endfacet
  facet normal -4.617486e-01 -2.082790e-16 8.870108e-01
    outer loop
      vertex   -3.995116e-02 8.930000e-02 2.709086e-01
      vertex   -4.131350e-02 5.853333e-02 2.701994e-01
      vertex   -3.995116e-02 5.853333e-02 2.709086e-01
    endloop
  endfacet
  facet normal -4.461978e-01 -2.012645e-16 8.949344e-01
    outer loop
      vertex   -3.995116e-02 8.930000e-02 2.709086e-01
      vertex   -3.995116e-02 5.853333e-02 2.709086e-01
      vertex   -3.857666e-02 8.930000e-02 2.715939e-01
    endloop
  endfacet
  facet normal -4.461978e-01 -3.018968e-16 8.949344e-01
    outer loop
      vertex   -3.857666e-02 8.930000e-02 2.715939e-01
      vertex   -3.995116e-02 5.853333e-02 2.709086e-01
      vertex   -3.857666e-02 5.853333e-02 2.715939e-01
    endloop
  endfacet
  facet normal -4.305111e-01 -2.912832e-16 9.025853e-01
    outer loop
      vertex   -3.857666e-02 8.930000e-02 2.715939e-01
      vertex   -3.857666e-02 5.853333e-02 2.715939e-01
      vertex   -3.719041e-02 8.930000e-02 2.722551e-01
    endloop
  endfacet
  facet normal -4.305111e-01 1.941888e-16 9.025853e-01
    outer loop
      vertex   -3.719041e-02 8.930000e-02 2.722551e-01
      vertex   -3.857666e-02 5.853333e-02 2.715939e-01
      vertex   -3.719041e-02 5.853333e-02 2.722551e-01
    endloop
  endfacet
  facet normal -4.146932e-01 1.870539e-16 9.099613e-01
    outer loop
      vertex   -3.719041e-02 8.930000e-02 2.722551e-01
      vertex   -3.719041e-02 5.853333e-02 2.722551e-01
      vertex   -3.579282e-02 8.930000e-02 2.728920e-01
    endloop
  endfacet
  facet normal -4.146932e-01 0.000000e+00 9.099613e-01
    outer loop
      vertex   -3.579282e-02 8.930000e-02 2.728920e-01
      vertex   -3.719041e-02 5.853333e-02 2.722551e-01
      vertex   -3.579282e-02 5.853333e-02 2.728920e-01
    endloop
  endfacet
  facet normal -3.987491e-01 0.000000e+00 9.170601e-01
    outer loop
      vertex   -3.579282e-02 8.930000e-02 2.728920e-01
      vertex   -3.579282e-02 5.853333e-02 2.728920e-01
      vertex   -3.438434e-02 8.930000e-02 2.735044e-01
    endloop
  endfacet
  facet normal -3.987491e-01 0.000000e+00 9.170601e-01
    outer loop
      vertex   -3.438434e-02 8.930000e-02 2.735044e-01
      vertex   -3.579282e-02 5.853333e-02 2.728920e-01
      vertex   -3.438434e-02 5.853333e-02 2.735044e-01
    endloop
  endfacet
  facet normal -3.826834e-01 0.000000e+00 9.238795e-01
    outer loop
      vertex   -3.438434e-02 8.930000e-02 2.735044e-01
      vertex   -3.438434e-02 5.853333e-02 2.735044e-01
      vertex   -3.296538e-02 8.930000e-02 2.740922e-01
    endloop
  endfacet
  facet normal -3.826834e-01 0.000000e+00 9.238795e-01
    outer loop
      vertex   -3.296538e-02 8.930000e-02 2.740922e-01
      vertex   -3.438434e-02 5.853333e-02 2.735044e-01
      vertex   -3.296538e-02 5.853333e-02 2.740922e-01
    endloop
  endfacet
  facet normal -3.665012e-01 0.000000e+00 9.304176e-01
    outer loop
      vertex   -3.296538e-02 8.930000e-02 2.740922e-01
      vertex   -3.296538e-02 5.853333e-02 2.740922e-01
      vertex   -3.153638e-02 8.930000e-02 2.746551e-01
    endloop
  endfacet
  facet normal -3.665012e-01 0.000000e+00 9.304176e-01
    outer loop
      vertex   -3.153638e-02 8.930000e-02 2.746551e-01
      vertex   -3.296538e-02 5.853333e-02 2.740922e-01
      vertex   -3.153638e-02 5.853333e-02 2.746551e-01
    endloop
  endfacet
  facet normal -3.502074e-01 0.000000e+00 9.366722e-01
    outer loop
      vertex   -3.153638e-02 8.930000e-02 2.746551e-01
      vertex   -3.153638e-02 5.853333e-02 2.746551e-01
      vertex   -3.009777e-02 8.930000e-02 2.751930e-01
    endloop
  endfacet
  facet normal -3.502074e-01 -7.898327e-17 9.366722e-01
    outer loop
      vertex   -3.009777e-02 8.930000e-02 2.751930e-01
      vertex   -3.153638e-02 5.853333e-02 2.746551e-01
      vertex   -3.009777e-02 5.853333e-02 2.751930e-01
    endloop
  endfacet
  facet normal -3.338069e-01 -7.528441e-17 9.426415e-01
    outer loop
      vertex   -3.009777e-02 8.930000e-02 2.751930e-01
      vertex   -3.009777e-02 5.853333e-02 2.751930e-01
      vertex   -2.865000e-02 8.930000e-02 2.757056e-01
    endloop
  endfacet
  facet normal -3.338069e-01 0.000000e+00 9.426415e-01
    outer loop
      vertex   -2.865000e-02 8.930000e-02 2.757056e-01
      vertex   -3.009777e-02 5.853333e-02 2.751930e-01
      vertex   -2.865000e-02 5.853333e-02 2.757056e-01
    endloop
  endfacet
  facet normal -3.173047e-01 0.000000e+00 9.483237e-01
    outer loop
      vertex   -2.865000e-02 8.930000e-02 2.757056e-01
      vertex   -2.865000e-02 5.853333e-02 2.757056e-01
      vertex   -2.719350e-02 8.930000e-02 2.761930e-01
    endloop
  endfacet
  facet normal -3.173047e-01 0.000000e+00 9.483237e-01
    outer loop
      vertex   -2.719350e-02 8.930000e-02 2.761930e-01
      vertex   -2.865000e-02 5.853333e-02 2.757056e-01
      vertex   -2.719350e-02 5.853333e-02 2.761930e-01
    endloop
  endfacet
  facet normal -3.007058e-01 0.000000e+00 9.537170e-01
    outer loop
      vertex   -2.719350e-02 8.930000e-02 2.761930e-01
      vertex   -2.719350e-02 5.853333e-02 2.761930e-01
      vertex   -2.572871e-02 8.930000e-02 2.766548e-01
    endloop
  endfacet
  facet normal -3.007058e-01 -3.390952e-17 9.537170e-01
    outer loop
      vertex   -2.572871e-02 8.930000e-02 2.766548e-01
      vertex   -2.719350e-02 5.853333e-02 2.761930e-01
      vertex   -2.572871e-02 5.853333e-02 2.766548e-01
    endloop
  endfacet
  facet normal -2.840153e-01 -3.202739e-17 9.588197e-01
    outer loop
      vertex   -2.572871e-02 8.930000e-02 2.766548e-01
      vertex   -2.572871e-02 5.853333e-02 2.766548e-01
      vertex   -2.425609e-02 8.930000e-02 2.770910e-01
    endloop
  endfacet
  facet normal -2.840153e-01 -3.202739e-17 9.588197e-01
    outer loop
      vertex   -2.425609e-02 8.930000e-02 2.770910e-01
      vertex   -2.572871e-02 5.853333e-02 2.766548e-01
      vertex   -2.425609e-02 5.853333e-02 2.770910e-01
    endloop
  endfacet
  facet normal -2.672384e-01 -3.013552e-17 9.636305e-01
    outer loop
      vertex   -2.425609e-02 8.930000e-02 2.770910e-01
      vertex   -2.425609e-02 5.853333e-02 2.770910e-01
      vertex   -2.277608e-02 8.930000e-02 2.775015e-01
    endloop
  endfacet
  facet normal -2.672384e-01 0.000000e+00 9.636305e-01
    outer loop
      vertex   -2.277608e-02 8.930000e-02 2.775015e-01
      vertex   -2.425609e-02 5.853333e-02 2.770910e-01
      vertex   -2.277608e-02 5.853333e-02 2.775015e-01
    endloop
  endfacet
  facet normal -2.503800e-01 0.000000e+00 9.681476e-01
    outer loop
      vertex   -2.277608e-02 8.930000e-02 2.775015e-01
      vertex   -2.277608e-02 5.853333e-02 2.775015e-01
      vertex   -2.128913e-02 8.930000e-02 2.778860e-01
    endloop
  endfacet
  facet normal -2.503800e-01 0.000000e+00 9.681476e-01
    outer loop
      vertex   -2.128913e-02 8.930000e-02 2.778860e-01
      vertex   -2.277608e-02 5.853333e-02 2.775015e-01
      vertex   -2.128913e-02 5.853333e-02 2.778860e-01
    endloop
  endfacet
  facet normal -2.334454e-01 0.000000e+00 9.723699e-01
    outer loop
      vertex   -2.128913e-02 8.930000e-02 2.778860e-01
      vertex   -2.128913e-02 5.853333e-02 2.778860e-01
      vertex   -1.979569e-02 8.930000e-02 2.782446e-01
    endloop
  endfacet
  facet normal -2.334454e-01 0.000000e+00 9.723699e-01
    outer loop
      vertex   -1.979569e-02 8.930000e-02 2.782446e-01
      vertex   -2.128913e-02 5.853333e-02 2.778860e-01
      vertex   -1.979569e-02 5.853333e-02 2.782446e-01
    endloop
  endfacet
  facet normal -2.164396e-01 0.000000e+00 9.762960e-01
    outer loop
      vertex   -1.979569e-02 8.930000e-02 2.782446e-01
      vertex   -1.979569e-02 5.853333e-02 2.782446e-01
      vertex   -1.829623e-02 8.930000e-02 2.785770e-01
    endloop
  endfacet
  facet normal -2.164396e-01 0.000000e+00 9.762960e-01
    outer loop
      vertex   -1.829623e-02 8.930000e-02 2.785770e-01
      vertex   -1.979569e-02 5.853333e-02 2.782446e-01
      vertex   -1.829623e-02 5.853333e-02 2.785770e-01
    endloop
  endfacet
  facet normal -1.993679e-01 0.000000e+00 9.799247e-01
    outer loop
      vertex   -1.829623e-02 8.930000e-02 2.785770e-01
      vertex   -1.829623e-02 5.853333e-02 2.785770e-01
      vertex   -1.679119e-02 8.930000e-02 2.788832e-01
    endloop
  endfacet
  facet normal -1.993679e-01 0.000000e+00 9.799247e-01
    outer loop
      vertex   -1.679119e-02 8.930000e-02 2.788832e-01
      vertex   -1.829623e-02 5.853333e-02 2.785770e-01
      vertex   -1.679119e-02 5.853333e-02 2.788832e-01
    endloop
  endfacet
  facet normal -1.822355e-01 0.000000e+00 9.832549e-01
    outer loop
      vertex   -1.679119e-02 8.930000e-02 2.788832e-01
      vertex   -1.679119e-02 5.853333e-02 2.788832e-01
      vertex   -1.528104e-02 8.930000e-02 2.791631e-01
    endloop
  endfacet
  facet normal -1.822355e-01 -2.055005e-17 9.832549e-01
    outer loop
      vertex   -1.528104e-02 8.930000e-02 2.791631e-01
      vertex   -1.679119e-02 5.853333e-02 2.788832e-01
      vertex   -1.528104e-02 5.853333e-02 2.791631e-01
    endloop
  endfacet
  facet normal -1.650476e-01 -1.861183e-17 9.862856e-01
    outer loop
      vertex   -1.528104e-02 8.930000e-02 2.791631e-01
      vertex   -1.528104e-02 5.853333e-02 2.791631e-01
      vertex   -1.376623e-02 8.930000e-02 2.794166e-01
    endloop
  endfacet
  facet normal -1.650476e-01 0.000000e+00 9.862856e-01
    outer loop
      vertex   -1.376623e-02 8.930000e-02 2.794166e-01
      vertex   -1.528104e-02 5.853333e-02 2.791631e-01
      vertex   -1.376623e-02 5.853333e-02 2.794166e-01
    endloop
  endfacet
  facet normal -1.478094e-01 0.000000e+00 9.890159e-01
    outer loop
      vertex   -1.376623e-02 8.930000e-02 2.794166e-01
      vertex   -1.376623e-02 5.853333e-02 2.794166e-01
      vertex   -1.224723e-02 8.930000e-02 2.796436e-01
    endloop
  endfacet
  facet normal -1.478094e-01 -1.666794e-17 9.890159e-01
    outer loop
      vertex   -1.224723e-02 8.930000e-02 2.796436e-01
      vertex   -1.376623e-02 5.853333e-02 2.794166e-01
      vertex   -1.224723e-02 5.853333e-02 2.796436e-01
    endloop
  endfacet
  facet normal -1.305262e-01 -1.471897e-17 9.914449e-01
    outer loop
      vertex   -1.224723e-02 8.930000e-02 2.796436e-01
      vertex   -1.224723e-02 5.853333e-02 2.796436e-01
      vertex   -1.072450e-02 8.930000e-02 2.798441e-01
    endloop
  endfacet
  facet normal -1.305262e-01 -7.359486e-18 9.914449e-01
    outer loop
      vertex   -1.072450e-02 8.930000e-02 2.798441e-01
      vertex   -1.224723e-02 5.853333e-02 2.796436e-01
      vertex   -1.072450e-02 5.853333e-02 2.798441e-01
    endloop
  endfacet
  facet normal -1.132032e-01 -6.382761e-18 9.935719e-01
    outer loop
      vertex   -1.072450e-02 8.930000e-02 2.798441e-01
      vertex   -1.072450e-02 5.853333e-02 2.798441e-01
      vertex   -9.198505e-03 8.930000e-02 2.800179e-01
    endloop
  endfacet
  facet normal -1.132032e-01 -1.276552e-17 9.935719e-01
    outer loop
      vertex   -9.198505e-03 8.930000e-02 2.800179e-01
      vertex   -1.072450e-02 5.853333e-02 2.798441e-01
      vertex   -9.198505e-03 5.853333e-02 2.800179e-01
    endloop
  endfacet
  facet normal -9.584575e-02 -1.080818e-17 9.953962e-01
    outer loop
      vertex   -9.198505e-03 8.930000e-02 2.800179e-01
      vertex   -9.198505e-03 5.853333e-02 2.800179e-01
      vertex   -7.669705e-03 8.930000e-02 2.801651e-01
    endloop
  endfacet
  facet normal -9.584575e-02 -2.702046e-18 9.953962e-01
    outer loop
      vertex   -7.669705e-03 8.930000e-02 2.801651e-01
      vertex   -9.198505e-03 5.853333e-02 2.800179e-01
      vertex   -7.669705e-03 5.853333e-02 2.801651e-01
    endloop
  endfacet
  facet normal -7.845910e-02 -2.211888e-18 9.969173e-01
    outer loop
      vertex   -7.669705e-03 8.930000e-02 2.801651e-01
      vertex   -7.669705e-03 5.853333e-02 2.801651e-01
      vertex   -6.138570e-03 8.930000e-02 2.802856e-01
    endloop
  endfacet
  facet normal -7.845910e-02 -6.635664e-18 9.969173e-01
    outer loop
      vertex   -6.138570e-03 8.930000e-02 2.802856e-01
      vertex   -7.669705e-03 5.853333e-02 2.801651e-01
      vertex   -6.138570e-03 5.853333e-02 2.802856e-01
    endloop
  endfacet
  facet normal -6.104854e-02 -5.163169e-18 9.981348e-01
    outer loop
      vertex   -6.138570e-03 8.930000e-02 2.802856e-01
      vertex   -6.138570e-03 5.853333e-02 2.802856e-01
      vertex   -4.605564e-03 8.930000e-02 2.803794e-01
    endloop
  endfacet
  facet normal -6.104854e-02 -3.442113e-18 9.981348e-01
    outer loop
      vertex   -4.605564e-03 8.930000e-02 2.803794e-01
      vertex   -6.138570e-03 5.853333e-02 2.802856e-01
      vertex   -4.605564e-03 5.853333e-02 2.803794e-01
    endloop
  endfacet
  facet normal -4.361939e-02 -2.459401e-18 9.990482e-01
    outer loop
      vertex   -4.605564e-03 8.930000e-02 2.803794e-01
      vertex   -4.605564e-03 5.853333e-02 2.803794e-01
      vertex   -3.071156e-03 8.930000e-02 2.804464e-01
    endloop
  endfacet
  facet normal -4.361939e-02 -3.689102e-18 9.990482e-01
    outer loop
      vertex   -3.071156e-03 8.930000e-02 2.804464e-01
      vertex   -4.605564e-03 5.853333e-02 2.803794e-01
      vertex   -3.071156e-03 5.853333e-02 2.804464e-01
    endloop
  endfacet
  facet normal -2.617695e-02 -2.213911e-18 9.996573e-01
    outer loop
      vertex   -3.071156e-03 8.930000e-02 2.804464e-01
      vertex   -3.071156e-03 5.853333e-02 2.804464e-01
      vertex   -1.535812e-03 8.930000e-02 2.804866e-01
    endloop
  endfacet
  facet normal -2.617695e-02 -1.475940e-18 9.996573e-01
    outer loop
      vertex   -1.535812e-03 8.930000e-02 2.804866e-01
      vertex   -3.071156e-03 5.853333e-02 2.804464e-01
      vertex   -1.535812e-03 5.853333e-02 2.804866e-01
    endloop
  endfacet
  facet normal -8.726535e-03 -4.920301e-19 9.999619e-01
    outer loop
      vertex   -1.535812e-03 8.930000e-02 2.804866e-01
      vertex   -1.535812e-03 5.853333e-02 2.804866e-01
      vertex   -1.616534e-17 8.930000e-02 2.805000e-01
    endloop
  endfacet
  facet normal -8.726535e-03 -5.712028e-19 9.999619e-01
    outer loop
      vertex   -1.616534e-17 8.930000e-02 2.805000e-01
      vertex   -1.535812e-03 5.853333e-02 2.804866e-01
      vertex   -1.415148e-17 5.853333e-02 2.805000e-01
    endloop
  endfacet
  facet normal 8.726535e-03 5.712028e-19 9.999619e-01
    outer loop
      vertex   -1.616534e-17 8.930000e-02 2.805000e-01
      vertex   -1.415148e-17 5.853333e-02 2.805000e-01
      vertex   1.535812e-03 8.930000e-02 2.804866e-01
    endloop
  endfacet
  facet normal 8.726535e-03 6.150376e-19 9.999619e-01
    outer loop
      vertex   1.535812e-03 8.930000e-02 2.804866e-01
      vertex   -1.415148e-17 5.853333e-02 2.805000e-01
      vertex   1.535812e-03 5.853333e-02 2.804866e-01
    endloop
  endfacet
  facet normal 2.617695e-02 1.844926e-18 9.996573e-01
    outer loop
      vertex   1.535812e-03 8.930000e-02 2.804866e-01
      vertex   1.535812e-03 5.853333e-02 2.804866e-01
      vertex   3.071156e-03 8.930000e-02 2.804464e-01
    endloop
  endfacet
  facet normal 2.617695e-02 1.106955e-18 9.996573e-01
    outer loop
      vertex   3.071156e-03 8.930000e-02 2.804464e-01
      vertex   1.535812e-03 5.853333e-02 2.804866e-01
      vertex   3.071156e-03 5.853333e-02 2.804464e-01
    endloop
  endfacet
  facet normal 4.361939e-02 1.844551e-18 9.990482e-01
    outer loop
      vertex   3.071156e-03 8.930000e-02 2.804464e-01
      vertex   3.071156e-03 5.853333e-02 2.804464e-01
      vertex   4.605564e-03 8.930000e-02 2.803794e-01
    endloop
  endfacet
  facet normal 4.361939e-02 2.459401e-18 9.990482e-01
    outer loop
      vertex   4.605564e-03 8.930000e-02 2.803794e-01
      vertex   3.071156e-03 5.853333e-02 2.804464e-01
      vertex   4.605564e-03 5.853333e-02 2.803794e-01
    endloop
  endfacet
  facet normal 6.104854e-02 3.442113e-18 9.981348e-01
    outer loop
      vertex   4.605564e-03 8.930000e-02 2.803794e-01
      vertex   4.605564e-03 5.853333e-02 2.803794e-01
      vertex   6.138570e-03 8.930000e-02 2.802856e-01
    endloop
  endfacet
  facet normal 6.104854e-02 -1.799176e-15 9.981348e-01
    outer loop
      vertex   6.138570e-03 8.930000e-02 2.802856e-01
      vertex   4.605564e-03 5.853333e-02 2.803794e-01
      vertex   6.138570e-03 5.853333e-02 2.802856e-01
    endloop
  endfacet
  facet normal 7.845910e-02 -1.796489e-15 9.969173e-01
    outer loop
      vertex   6.138570e-03 8.930000e-02 2.802856e-01
      vertex   6.138570e-03 5.853333e-02 2.802856e-01
      vertex   7.669705e-03 8.930000e-02 2.801651e-01
    endloop
  endfacet
  facet normal 7.845910e-02 4.423776e-18 9.969173e-01
    outer loop
      vertex   7.669705e-03 8.930000e-02 2.801651e-01
      vertex   6.138570e-03 5.853333e-02 2.802856e-01
      vertex   7.669705e-03 5.853333e-02 2.801651e-01
    endloop
  endfacet
  facet normal 9.584575e-02 5.404091e-18 9.953962e-01
    outer loop
      vertex   7.669705e-03 8.930000e-02 2.801651e-01
      vertex   7.669705e-03 5.853333e-02 2.801651e-01
      vertex   9.198505e-03 8.930000e-02 2.800179e-01
    endloop
  endfacet
  facet normal 9.584575e-02 5.404091e-18 9.953962e-01
    outer loop
      vertex   9.198505e-03 8.930000e-02 2.800179e-01
      vertex   7.669705e-03 5.853333e-02 2.801651e-01
      vertex   9.198505e-03 5.853333e-02 2.800179e-01
    endloop
  endfacet
  facet normal 1.132032e-01 6.382761e-18 9.935719e-01
    outer loop
      vertex   9.198505e-03 8.930000e-02 2.800179e-01
      vertex   9.198505e-03 5.853333e-02 2.800179e-01
      vertex   1.072450e-02 8.930000e-02 2.798441e-01
    endloop
  endfacet
  facet normal 1.132032e-01 6.382761e-18 9.935719e-01
    outer loop
      vertex   1.072450e-02 8.930000e-02 2.798441e-01
      vertex   9.198505e-03 5.853333e-02 2.800179e-01
      vertex   1.072450e-02 5.853333e-02 2.798441e-01
    endloop
  endfacet
  facet normal 1.305262e-01 7.359486e-18 9.914449e-01
    outer loop
      vertex   1.072450e-02 8.930000e-02 2.798441e-01
      vertex   1.072450e-02 5.853333e-02 2.798441e-01
      vertex   1.224723e-02 8.930000e-02 2.796436e-01
    endloop
  endfacet
  facet normal 1.305262e-01 0.000000e+00 9.914449e-01
    outer loop
      vertex   1.224723e-02 8.930000e-02 2.796436e-01
      vertex   1.072450e-02 5.853333e-02 2.798441e-01
      vertex   1.224723e-02 5.853333e-02 2.796436e-01
    endloop
  endfacet
  facet normal 1.478094e-01 0.000000e+00 9.890159e-01
    outer loop
      vertex   1.224723e-02 8.930000e-02 2.796436e-01
      vertex   1.224723e-02 5.853333e-02 2.796436e-01
      vertex   1.376623e-02 8.930000e-02 2.794166e-01
    endloop
  endfacet
  facet normal 1.478094e-01 8.333969e-18 9.890159e-01
    outer loop
      vertex   1.376623e-02 8.930000e-02 2.794166e-01
      vertex   1.224723e-02 5.853333e-02 2.796436e-01
      vertex   1.376623e-02 5.853333e-02 2.794166e-01
    endloop
  endfacet
  facet normal 1.650476e-01 9.305914e-18 9.862856e-01
    outer loop
      vertex   1.376623e-02 8.930000e-02 2.794166e-01
      vertex   1.376623e-02 5.853333e-02 2.794166e-01
      vertex   1.528104e-02 8.930000e-02 2.791631e-01
    endloop
  endfacet
  facet normal 1.650476e-01 1.861183e-17 9.862856e-01
    outer loop
      vertex   1.528104e-02 8.930000e-02 2.791631e-01
      vertex   1.376623e-02 5.853333e-02 2.794166e-01
      vertex   1.528104e-02 5.853333e-02 2.791631e-01
    endloop
  endfacet
  facet normal 1.822355e-01 2.055005e-17 9.832549e-01
    outer loop
      vertex   1.528104e-02 8.930000e-02 2.791631e-01
      vertex   1.528104e-02 5.853333e-02 2.791631e-01
      vertex   1.679119e-02 8.930000e-02 2.788832e-01
    endloop
  endfacet
  facet normal 1.822355e-01 0.000000e+00 9.832549e-01
    outer loop
      vertex   1.679119e-02 8.930000e-02 2.788832e-01
      vertex   1.528104e-02 5.853333e-02 2.791631e-01
      vertex   1.679119e-02 5.853333e-02 2.788832e-01
    endloop
  endfacet
  facet normal 1.993679e-01 0.000000e+00 9.799247e-01
    outer loop
      vertex   1.679119e-02 8.930000e-02 2.788832e-01
      vertex   1.679119e-02 5.853333e-02 2.788832e-01
      vertex   1.829623e-02 8.930000e-02 2.785770e-01
    endloop
  endfacet
  facet normal 1.993679e-01 2.248201e-17 9.799247e-01
    outer loop
      vertex   1.829623e-02 8.930000e-02 2.785770e-01
      vertex   1.679119e-02 5.853333e-02 2.788832e-01
      vertex   1.829623e-02 5.853333e-02 2.785770e-01
    endloop
  endfacet
  facet normal 2.164396e-01 2.440712e-17 9.762960e-01
    outer loop
      vertex   1.829623e-02 8.930000e-02 2.785770e-01
      vertex   1.829623e-02 5.853333e-02 2.785770e-01
      vertex   1.979569e-02 8.930000e-02 2.782446e-01
    endloop
  endfacet
  facet normal 2.164396e-01 0.000000e+00 9.762960e-01
    outer loop
      vertex   1.979569e-02 8.930000e-02 2.782446e-01
      vertex   1.829623e-02 5.853333e-02 2.785770e-01
      vertex   1.979569e-02 5.853333e-02 2.782446e-01
    endloop
  endfacet
  facet normal 2.334454e-01 0.000000e+00 9.723699e-01
    outer loop
      vertex   1.979569e-02 8.930000e-02 2.782446e-01
      vertex   1.979569e-02 5.853333e-02 2.782446e-01
      vertex   2.128913e-02 8.930000e-02 2.778860e-01
    endloop
  endfacet
  facet normal 2.334454e-01 0.000000e+00 9.723699e-01
    outer loop
      vertex   2.128913e-02 8.930000e-02 2.778860e-01
      vertex   1.979569e-02 5.853333e-02 2.782446e-01
      vertex   2.128913e-02 5.853333e-02 2.778860e-01
    endloop
  endfacet
  facet normal 2.503800e-01 0.000000e+00 9.681476e-01
    outer loop
      vertex   2.128913e-02 8.930000e-02 2.778860e-01
      vertex   2.128913e-02 5.853333e-02 2.778860e-01
      vertex   2.277608e-02 8.930000e-02 2.775015e-01
    endloop
  endfacet
  facet normal 2.503800e-01 0.000000e+00 9.681476e-01
    outer loop
      vertex   2.277608e-02 8.930000e-02 2.775015e-01
      vertex   2.128913e-02 5.853333e-02 2.778860e-01
      vertex   2.277608e-02 5.853333e-02 2.775015e-01
    endloop
  endfacet
  facet normal 2.672384e-01 0.000000e+00 9.636305e-01
    outer loop
      vertex   2.277608e-02 8.930000e-02 2.775015e-01
      vertex   2.277608e-02 5.853333e-02 2.775015e-01
      vertex   2.425609e-02 8.930000e-02 2.770910e-01
    endloop
  endfacet
  facet normal 2.672384e-01 0.000000e+00 9.636305e-01
    outer loop
      vertex   2.425609e-02 8.930000e-02 2.770910e-01
      vertex   2.277608e-02 5.853333e-02 2.775015e-01
      vertex   2.425609e-02 5.853333e-02 2.770910e-01
    endloop
  endfacet
  facet normal 2.840153e-01 0.000000e+00 9.588197e-01
    outer loop
      vertex   2.425609e-02 8.930000e-02 2.770910e-01
      vertex   2.425609e-02 5.853333e-02 2.770910e-01
      vertex   2.572871e-02 8.930000e-02 2.766548e-01
    endloop
  endfacet
  facet normal 2.840153e-01 3.202739e-17 9.588197e-01
    outer loop
      vertex   2.572871e-02 8.930000e-02 2.766548e-01
      vertex   2.425609e-02 5.853333e-02 2.770910e-01
      vertex   2.572871e-02 5.853333e-02 2.766548e-01
    endloop
  endfacet
  facet normal 3.007058e-01 3.390952e-17 9.537170e-01
    outer loop
      vertex   2.572871e-02 8.930000e-02 2.766548e-01
      vertex   2.572871e-02 5.853333e-02 2.766548e-01
      vertex   2.719350e-02 8.930000e-02 2.761930e-01
    endloop
  endfacet
  facet normal 3.007058e-01 3.390952e-17 9.537170e-01
    outer loop
      vertex   2.719350e-02 8.930000e-02 2.761930e-01
      vertex   2.572871e-02 5.853333e-02 2.766548e-01
      vertex   2.719350e-02 5.853333e-02 2.761930e-01
    endloop
  endfacet
  facet normal 3.173047e-01 3.578131e-17 9.483237e-01
    outer loop
      vertex   2.719350e-02 8.930000e-02 2.761930e-01
      vertex   2.719350e-02 5.853333e-02 2.761930e-01
      vertex   2.865000e-02 8.930000e-02 2.757056e-01
    endloop
  endfacet
  facet normal 3.173047e-01 0.000000e+00 9.483237e-01
    outer loop
      vertex   2.865000e-02 8.930000e-02 2.757056e-01
      vertex   2.719350e-02 5.853333e-02 2.761930e-01
      vertex   2.865000e-02 5.853333e-02 2.757056e-01
    endloop
  endfacet
  facet normal 3.338069e-01 0.000000e+00 9.426415e-01
    outer loop
      vertex   2.865000e-02 8.930000e-02 2.757056e-01
      vertex   2.865000e-02 5.853333e-02 2.757056e-01
      vertex   3.009777e-02 8.930000e-02 2.751930e-01
    endloop
  endfacet
  facet normal 3.338069e-01 -1.505688e-16 9.426415e-01
    outer loop
      vertex   3.009777e-02 8.930000e-02 2.751930e-01
      vertex   2.865000e-02 5.853333e-02 2.757056e-01
      vertex   3.009777e-02 5.853333e-02 2.751930e-01
    endloop
  endfacet
  facet normal 3.502074e-01 -1.579665e-16 9.366722e-01
    outer loop
      vertex   3.009777e-02 8.930000e-02 2.751930e-01
      vertex   3.009777e-02 5.853333e-02 2.751930e-01
      vertex   3.153638e-02 8.930000e-02 2.746551e-01
    endloop
  endfacet
  facet normal 3.502074e-01 -2.369498e-16 9.366722e-01
    outer loop
      vertex   3.153638e-02 8.930000e-02 2.746551e-01
      vertex   3.009777e-02 5.853333e-02 2.751930e-01
      vertex   3.153638e-02 5.853333e-02 2.746551e-01
    endloop
  endfacet
  facet normal 3.665012e-01 -2.479742e-16 9.304176e-01
    outer loop
      vertex   3.153638e-02 8.930000e-02 2.746551e-01
      vertex   3.153638e-02 5.853333e-02 2.746551e-01
      vertex   3.296538e-02 8.930000e-02 2.740922e-01
    endloop
  endfacet
  facet normal 3.665012e-01 0.000000e+00 9.304176e-01
    outer loop
      vertex   3.296538e-02 8.930000e-02 2.740922e-01
      vertex   3.153638e-02 5.853333e-02 2.746551e-01
      vertex   3.296538e-02 5.853333e-02 2.740922e-01
    endloop
  endfacet
  facet normal 3.826834e-01 0.000000e+00 9.238795e-01
    outer loop
      vertex   3.296538e-02 8.930000e-02 2.740922e-01
      vertex   3.296538e-02 5.853333e-02 2.740922e-01
      vertex   3.438434e-02 8.930000e-02 2.735044e-01
    endloop
  endfacet
  facet normal 3.826834e-01 0.000000e+00 9.238795e-01
    outer loop
      vertex   3.438434e-02 8.930000e-02 2.735044e-01
      vertex   3.296538e-02 5.853333e-02 2.740922e-01
      vertex   3.438434e-02 5.853333e-02 2.735044e-01
    endloop
  endfacet
  facet normal 3.987491e-01 0.000000e+00 9.170601e-01
    outer loop
      vertex   3.438434e-02 8.930000e-02 2.735044e-01
      vertex   3.438434e-02 5.853333e-02 2.735044e-01
      vertex   3.579282e-02 8.930000e-02 2.728920e-01
    endloop
  endfacet
  facet normal 3.987491e-01 0.000000e+00 9.170601e-01
    outer loop
      vertex   3.579282e-02 8.930000e-02 2.728920e-01
      vertex   3.438434e-02 5.853333e-02 2.735044e-01
      vertex   3.579282e-02 5.853333e-02 2.728920e-01
    endloop
  endfacet
  facet normal 4.146932e-01 0.000000e+00 9.099613e-01
    outer loop
      vertex   3.579282e-02 8.930000e-02 2.728920e-01
      vertex   3.579282e-02 5.853333e-02 2.728920e-01
      vertex   3.719041e-02 8.930000e-02 2.722551e-01
    endloop
  endfacet
  facet normal 4.146932e-01 -1.870539e-16 9.099613e-01
    outer loop
      vertex   3.719041e-02 8.930000e-02 2.722551e-01
      vertex   3.579282e-02 5.853333e-02 2.728920e-01
      vertex   3.719041e-02 5.853333e-02 2.722551e-01
    endloop
  endfacet
  facet normal 4.305111e-01 -1.941888e-16 9.025853e-01
    outer loop
      vertex   3.719041e-02 8.930000e-02 2.722551e-01
      vertex   3.719041e-02 5.853333e-02 2.722551e-01
      vertex   3.857666e-02 8.930000e-02 2.715939e-01
    endloop
  endfacet
  facet normal 4.305111e-01 -1.941888e-16 9.025853e-01
    outer loop
      vertex   3.857666e-02 8.930000e-02 2.715939e-01
      vertex   3.719041e-02 5.853333e-02 2.722551e-01
      vertex   3.857666e-02 5.853333e-02 2.715939e-01
    endloop
  endfacet
  facet normal 4.461978e-01 -2.012645e-16 8.949344e-01
    outer loop
      vertex   3.857666e-02 8.930000e-02 2.715939e-01
      vertex   3.857666e-02 5.853333e-02 2.715939e-01
      vertex   3.995116e-02 8.930000e-02 2.709086e-01
    endloop
  endfacet
  facet normal 4.461978e-01 0.000000e+00 8.949344e-01
    outer loop
      vertex   3.995116e-02 8.930000e-02 2.709086e-01
      vertex   3.857666e-02 5.853333e-02 2.715939e-01
      vertex   3.995116e-02 5.853333e-02 2.709086e-01
    endloop
  endfacet
  facet normal 4.617486e-01 0.000000e+00 8.870108e-01
    outer loop
      vertex   3.995116e-02 8.930000e-02 2.709086e-01
      vertex   3.995116e-02 5.853333e-02 2.709086e-01
      vertex   4.131350e-02 8.930000e-02 2.701994e-01
    endloop
  endfacet
  facet normal 4.617486e-01 0.000000e+00 8.870108e-01
    outer loop
      vertex   4.131350e-02 8.930000e-02 2.701994e-01
      vertex   3.995116e-02 5.853333e-02 2.709086e-01
      vertex   4.131350e-02 5.853333e-02 2.701994e-01
    endloop
  endfacet
  facet normal 4.771588e-01 0.000000e+00 8.788171e-01
    outer loop
      vertex   4.131350e-02 8.930000e-02 2.701994e-01
      vertex   4.131350e-02 5.853333e-02 2.701994e-01
      vertex   4.266325e-02 8.930000e-02 2.694665e-01
    endloop
  endfacet
  facet normal 4.771588e-01 0.000000e+00 8.788171e-01
    outer loop
      vertex   4.266325e-02 8.930000e-02 2.694665e-01
      vertex   4.131350e-02 5.853333e-02 2.701994e-01
      vertex   4.266325e-02 5.853333e-02 2.694665e-01
    endloop
  endfacet
  facet normal 4.924236e-01 0.000000e+00 8.703557e-01
    outer loop
      vertex   4.266325e-02 8.930000e-02 2.694665e-01
      vertex   4.266325e-02 5.853333e-02 2.694665e-01
      vertex   4.400000e-02 8.930000e-02 2.687102e-01
    endloop
  endfacet
  facet normal 4.924236e-01 0.000000e+00 8.703557e-01
    outer loop
      vertex   4.400000e-02 8.930000e-02 2.687102e-01
      vertex   4.266325e-02 5.853333e-02 2.694665e-01
      vertex   4.400000e-02 5.853333e-02 2.687102e-01
    endloop
  endfacet
  facet normal 5.075384e-01 0.000000e+00 8.616292e-01
    outer loop
      vertex   4.400000e-02 8.930000e-02 2.687102e-01
      vertex   4.400000e-02 5.853333e-02 2.687102e-01
      vertex   4.532335e-02 8.930000e-02 2.679307e-01
    endloop
  endfacet
  facet normal 5.075384e-01 0.000000e+00 8.616292e-01
    outer loop
      vertex   4.532335e-02 8.930000e-02 2.679307e-01
      vertex   4.400000e-02 5.853333e-02 2.687102e-01
      vertex   4.532335e-02 5.853333e-02 2.679307e-01
    endloop
  endfacet
  facet normal 5.224986e-01 0.000000e+00 8.526402e-01
    outer loop
      vertex   4.532335e-02 8.930000e-02 2.679307e-01
      vertex   4.532335e-02 5.853333e-02 2.679307e-01
      vertex   4.663290e-02 8.930000e-02 2.671282e-01
    endloop
  endfacet
  facet normal 5.224986e-01 -1.178406e-16 8.526402e-01
    outer loop
      vertex   4.663290e-02 8.930000e-02 2.671282e-01
      vertex   4.532335e-02 5.853333e-02 2.679307e-01
      vertex   4.663290e-02 5.853333e-02 2.671282e-01
    endloop
  endfacet
  facet normal 5.372996e-01 -1.211787e-16 8.433914e-01
    outer loop
      vertex   4.663290e-02 8.930000e-02 2.671282e-01
      vertex   4.663290e-02 5.853333e-02 2.671282e-01
      vertex   4.792824e-02 8.930000e-02 2.663030e-01
    endloop
  endfacet
  facet normal 5.372996e-01 1.211787e-16 8.433914e-01
    outer loop
      vertex   4.792824e-02 8.930000e-02 2.663030e-01
      vertex   4.663290e-02 5.853333e-02 2.671282e-01
      vertex   4.792824e-02 5.853333e-02 2.663030e-01
    endloop
  endfacet
  facet normal 5.519370e-01 1.244799e-16 8.338858e-01
    outer loop
      vertex   4.792824e-02 8.930000e-02 2.663030e-01
      vertex   4.792824e-02 5.853333e-02 2.663030e-01
      vertex   4.920898e-02 8.930000e-02 2.654553e-01
    endloop
  endfacet
  facet normal 5.519370e-01 -1.244799e-16 8.338858e-01
    outer loop
      vertex   4.920898e-02 8.930000e-02 2.654553e-01
      vertex   4.792824e-02 5.853333e-02 2.663030e-01
      vertex   4.920898e-02 5.853333e-02 2.654553e-01
    endloop
  endfacet
  facet normal 5.664062e-01 -1.277432e-16 8.241262e-01
    outer loop
      vertex   4.920898e-02 8.930000e-02 2.654553e-01
      vertex   4.920898e-02 5.853333e-02 2.654553e-01
      vertex   5.047473e-02 8.930000e-02 2.645854e-01
    endloop
  endfacet
  facet normal 5.664062e-01 0.000000e+00 8.241262e-01
    outer loop
      vertex   5.047473e-02 8.930000e-02 2.645854e-01
      vertex   4.920898e-02 5.853333e-02 2.654553e-01
      vertex   5.047473e-02 5.853333e-02 2.645854e-01
    endloop
  endfacet
  facet normal 5.807030e-01 0.000000e+00 8.141155e-01
    outer loop
      vertex   5.047473e-02 8.930000e-02 2.645854e-01
      vertex   5.047473e-02 5.853333e-02 2.645854e-01
      vertex   5.172510e-02 8.930000e-02 2.636935e-01
    endloop
  endfacet
  facet normal 5.807030e-01 0.000000e+00 8.141155e-01
    outer loop
      vertex   5.172510e-02 8.930000e-02 2.636935e-01
      vertex   5.047473e-02 5.853333e-02 2.645854e-01
      vertex   5.172510e-02 5.853333e-02 2.636935e-01
    endloop
  endfacet
  facet normal 5.948228e-01 0.000000e+00 8.038569e-01
    outer loop
      vertex   5.172510e-02 8.930000e-02 2.636935e-01
      vertex   5.172510e-02 5.853333e-02 2.636935e-01
      vertex   5.295972e-02 8.930000e-02 2.627799e-01
    endloop
  endfacet
  facet normal 5.948228e-01 1.341521e-16 8.038569e-01
    outer loop
      vertex   5.295972e-02 8.930000e-02 2.627799e-01
      vertex   5.172510e-02 5.853333e-02 2.636935e-01
      vertex   5.295972e-02 5.853333e-02 2.627799e-01
    endloop
  endfacet
  facet normal 6.087614e-01 1.372957e-16 7.933533e-01
    outer loop
      vertex   5.295972e-02 8.930000e-02 2.627799e-01
      vertex   5.295972e-02 5.853333e-02 2.627799e-01
      vertex   5.417821e-02 8.930000e-02 2.618450e-01
    endloop
  endfacet
  facet normal 6.087614e-01 -2.745914e-16 7.933533e-01
    outer loop
      vertex   5.417821e-02 8.930000e-02 2.618450e-01
      vertex   5.295972e-02 5.853333e-02 2.627799e-01
      vertex   5.417821e-02 5.853333e-02 2.618450e-01
    endloop
  endfacet
  facet normal 6.225146e-01 -2.807950e-16 7.826082e-01
    outer loop
      vertex   5.417821e-02 8.930000e-02 2.618450e-01
      vertex   5.417821e-02 5.853333e-02 2.618450e-01
      vertex   5.538019e-02 8.930000e-02 2.608889e-01
    endloop
  endfacet
  facet normal 6.225146e-01 0.000000e+00 7.826082e-01
    outer loop
      vertex   5.538019e-02 8.930000e-02 2.608889e-01
      vertex   5.417821e-02 5.853333e-02 2.618450e-01
      vertex   5.538019e-02 5.853333e-02 2.608889e-01
    endloop
  endfacet
  facet normal 6.360782e-01 0.000000e+00 7.716246e-01
    outer loop
      vertex   5.538019e-02 8.930000e-02 2.608889e-01
      vertex   5.538019e-02 5.853333e-02 2.608889e-01
      vertex   5.656531e-02 8.930000e-02 2.599119e-01
    endloop
  endfacet
  facet normal 6.360782e-01 0.000000e+00 7.716246e-01
    outer loop
      vertex   5.656531e-02 8.930000e-02 2.599119e-01
      vertex   5.538019e-02 5.853333e-02 2.608889e-01
      vertex   5.656531e-02 5.853333e-02 2.599119e-01
    endloop
  endfacet
  facet normal 6.494480e-01 0.000000e+00 7.604060e-01
    outer loop
      vertex   5.656531e-02 8.930000e-02 2.599119e-01
      vertex   5.656531e-02 5.853333e-02 2.599119e-01
      vertex   5.773319e-02 8.930000e-02 2.589145e-01
    endloop
  endfacet
  facet normal 6.494480e-01 0.000000e+00 7.604060e-01
    outer loop
      vertex   5.773319e-02 8.930000e-02 2.589145e-01
      vertex   5.656531e-02 5.853333e-02 2.599119e-01
      vertex   5.773319e-02 5.853333e-02 2.589145e-01
    endloop
  endfacet
  facet normal 6.626200e-01 0.000000e+00 7.489557e-01
    outer loop
      vertex   5.773319e-02 8.930000e-02 2.589145e-01
      vertex   5.773319e-02 5.853333e-02 2.589145e-01
      vertex   5.888349e-02 8.930000e-02 2.578968e-01
    endloop
  endfacet
  facet normal 6.626200e-01 1.494426e-16 7.489557e-01
    outer loop
      vertex   5.888349e-02 8.930000e-02 2.578968e-01
      vertex   5.773319e-02 5.853333e-02 2.589145e-01
      vertex   5.888349e-02 5.853333e-02 2.578968e-01
    endloop
  endfacet
  facet normal 6.755902e-01 1.523678e-16 7.372773e-01
    outer loop
      vertex   5.888349e-02 8.930000e-02 2.578968e-01
      vertex   5.888349e-02 5.853333e-02 2.578968e-01
      vertex   6.001586e-02 8.930000e-02 2.568591e-01
    endloop
  endfacet
  facet normal 6.755902e-01 0.000000e+00 7.372773e-01
    outer loop
      vertex   6.001586e-02 8.930000e-02 2.568591e-01
      vertex   5.888349e-02 5.853333e-02 2.578968e-01
      vertex   6.001586e-02 5.853333e-02 2.568591e-01
    endloop
  endfacet
  facet normal 6.883546e-01 0.000000e+00 7.253744e-01
    outer loop
      vertex   6.001586e-02 8.930000e-02 2.568591e-01
      vertex   6.001586e-02 5.853333e-02 2.568591e-01
      vertex   6.112994e-02 8.930000e-02 2.558019e-01
    endloop
  endfacet
  facet normal 6.883546e-01 1.308766e-15 7.253744e-01
    outer loop
      vertex   6.112994e-02 8.930000e-02 2.558019e-01
      vertex   6.001586e-02 5.853333e-02 2.568591e-01
      vertex   6.112994e-02 5.853333e-02 2.558019e-01
    endloop
  endfacet
  facet normal 7.009093e-01 1.286891e-15 7.132504e-01
    outer loop
      vertex   6.112994e-02 8.930000e-02 2.558019e-01
      vertex   6.112994e-02 5.853333e-02 2.558019e-01
      vertex   6.222540e-02 8.930000e-02 2.547254e-01
    endloop
  endfacet
  facet normal 7.009093e-01 0.000000e+00 7.132504e-01
    outer loop
      vertex   6.222540e-02 8.930000e-02 2.547254e-01
      vertex   6.112994e-02 5.853333e-02 2.558019e-01
      vertex   6.222540e-02 5.853333e-02 2.547254e-01
    endloop
  endfacet
  facet normal 7.132504e-01 0.000000e+00 7.009093e-01
    outer loop
      vertex   6.222540e-02 8.930000e-02 2.547254e-01
      vertex   6.222540e-02 5.853333e-02 2.547254e-01
      vertex   6.330190e-02 8.930000e-02 2.536299e-01
    endloop
  endfacet
  facet normal 7.132504e-01 0.000000e+00 7.009093e-01
    outer loop
      vertex   6.330190e-02 8.930000e-02 2.536299e-01
      vertex   6.222540e-02 5.853333e-02 2.547254e-01
      vertex   6.330190e-02 5.853333e-02 2.536299e-01
    endloop
  endfacet
  facet normal 7.253744e-01 0.000000e+00 6.883546e-01
    outer loop
      vertex   6.330190e-02 8.930000e-02 2.536299e-01
      vertex   6.330190e-02 5.853333e-02 2.536299e-01
      vertex   6.435913e-02 8.930000e-02 2.525159e-01
    endloop
  endfacet
  facet normal 7.253744e-01 -3.271915e-16 6.883546e-01
    outer loop
      vertex   6.435913e-02 8.930000e-02 2.525159e-01
      vertex   6.330190e-02 5.853333e-02 2.536299e-01
      vertex   6.435913e-02 5.853333e-02 2.525159e-01
    endloop
  endfacet
  facet normal 7.372773e-01 -3.325605e-16 6.755902e-01
    outer loop
      vertex   6.435913e-02 8.930000e-02 2.525159e-01
      vertex   6.435913e-02 5.853333e-02 2.525159e-01
      vertex   6.539674e-02 8.930000e-02 2.513835e-01
    endloop
  endfacet
  facet normal 7.372773e-01 0.000000e+00 6.755902e-01
    outer loop
      vertex   6.539674e-02 8.930000e-02 2.513835e-01
      vertex   6.435913e-02 5.853333e-02 2.525159e-01
      vertex   6.539674e-02 5.853333e-02 2.513835e-01
    endloop
  endfacet
  facet normal 7.489557e-01 0.000000e+00 6.626200e-01
    outer loop
      vertex   6.539674e-02 8.930000e-02 2.513835e-01
      vertex   6.539674e-02 5.853333e-02 2.513835e-01
      vertex   6.641444e-02 8.930000e-02 2.502332e-01
    endloop
  endfacet
  facet normal 7.489557e-01 0.000000e+00 6.626200e-01
    outer loop
      vertex   6.641444e-02 8.930000e-02 2.502332e-01
      vertex   6.539674e-02 5.853333e-02 2.513835e-01
      vertex   6.641444e-02 5.853333e-02 2.502332e-01
    endloop
  endfacet
  facet normal 7.604060e-01 0.000000e+00 6.494480e-01
    outer loop
      vertex   6.641444e-02 8.930000e-02 2.502332e-01
      vertex   6.641444e-02 5.853333e-02 2.502332e-01
      vertex   6.741191e-02 8.930000e-02 2.490653e-01
    endloop
  endfacet
  facet normal 7.604060e-01 0.000000e+00 6.494480e-01
    outer loop
      vertex   6.741191e-02 8.930000e-02 2.490653e-01
      vertex   6.641444e-02 5.853333e-02 2.502332e-01
      vertex   6.741191e-02 5.853333e-02 2.490653e-01
    endloop
  endfacet
  facet normal 7.716246e-01 0.000000e+00 6.360782e-01
    outer loop
      vertex   6.741191e-02 8.930000e-02 2.490653e-01
      vertex   6.741191e-02 5.853333e-02 2.490653e-01
      vertex   6.838884e-02 8.930000e-02 2.478802e-01
    endloop
  endfacet
  facet normal 7.716246e-01 3.480534e-16 6.360782e-01
    outer loop
      vertex   6.838884e-02 8.930000e-02 2.478802e-01
      vertex   6.741191e-02 5.853333e-02 2.490653e-01
      vertex   6.838884e-02 5.853333e-02 2.478802e-01
    endloop
  endfacet
  facet normal 7.826082e-01 3.530077e-16 6.225146e-01
    outer loop
      vertex   6.838884e-02 8.930000e-02 2.478802e-01
      vertex   6.838884e-02 5.853333e-02 2.478802e-01
      vertex   6.934495e-02 8.930000e-02 2.466782e-01
    endloop
  endfacet
  facet normal 7.826082e-01 -3.530077e-16 6.225146e-01
    outer loop
      vertex   6.934495e-02 8.930000e-02 2.466782e-01
      vertex   6.838884e-02 5.853333e-02 2.478802e-01
      vertex   6.934495e-02 5.853333e-02 2.466782e-01
    endloop
  endfacet
  facet normal 7.933533e-01 -3.578545e-16 6.087614e-01
    outer loop
      vertex   6.934495e-02 8.930000e-02 2.466782e-01
      vertex   6.934495e-02 5.853333e-02 2.466782e-01
      vertex   7.027992e-02 8.930000e-02 2.454597e-01
    endloop
  endfacet
  facet normal 7.933533e-01 0.000000e+00 6.087614e-01
    outer loop
      vertex   7.027992e-02 8.930000e-02 2.454597e-01
      vertex   6.934495e-02 5.853333e-02 2.466782e-01
      vertex   7.027992e-02 5.853333e-02 2.454597e-01
    endloop
  endfacet
  facet normal 8.038569e-01 0.000000e+00 5.948228e-01
    outer loop
      vertex   7.027992e-02 8.930000e-02 2.454597e-01
      vertex   7.027992e-02 5.853333e-02 2.454597e-01
      vertex   7.119350e-02 8.930000e-02 2.442251e-01
    endloop
  endfacet
  facet normal 8.038569e-01 0.000000e+00 5.948228e-01
    outer loop
      vertex   7.119350e-02 8.930000e-02 2.442251e-01
      vertex   7.027992e-02 5.853333e-02 2.454597e-01
      vertex   7.119350e-02 5.853333e-02 2.442251e-01
    endloop
  endfacet
  facet normal 8.141155e-01 0.000000e+00 5.807030e-01
    outer loop
      vertex   7.119350e-02 8.930000e-02 2.442251e-01
      vertex   7.119350e-02 5.853333e-02 2.442251e-01
      vertex   7.208538e-02 8.930000e-02 2.429747e-01
    endloop
  endfacet
  facet normal 8.141155e-01 3.672196e-16 5.807030e-01
    outer loop
      vertex   7.208538e-02 8.930000e-02 2.429747e-01
      vertex   7.119350e-02 5.853333e-02 2.442251e-01
      vertex   7.208538e-02 5.853333e-02 2.429747e-01
    endloop
  endfacet
  facet normal 8.241262e-01 3.717351e-16 5.664062e-01
    outer loop
      vertex   7.208538e-02 8.930000e-02 2.429747e-01
      vertex   7.208538e-02 5.853333e-02 2.429747e-01
      vertex   7.295531e-02 8.930000e-02 2.417090e-01
    endloop
  endfacet
  facet normal 8.241262e-01 0.000000e+00 5.664062e-01
    outer loop
      vertex   7.295531e-02 8.930000e-02 2.417090e-01
      vertex   7.208538e-02 5.853333e-02 2.429747e-01
      vertex   7.295531e-02 5.853333e-02 2.417090e-01
    endloop
  endfacet
  facet normal 8.338858e-01 0.000000e+00 5.519370e-01
    outer loop
      vertex   7.295531e-02 8.930000e-02 2.417090e-01
      vertex   7.295531e-02 5.853333e-02 2.417090e-01
      vertex   7.380301e-02 8.930000e-02 2.404282e-01
    endloop
  endfacet
  facet normal 8.338858e-01 -3.761373e-16 5.519370e-01
    outer loop
      vertex   7.380301e-02 8.930000e-02 2.404282e-01
      vertex   7.295531e-02 5.853333e-02 2.417090e-01
      vertex   7.380301e-02 5.853333e-02 2.404282e-01
    endloop
  endfacet
  facet normal 8.433914e-01 -3.804249e-16 5.372996e-01
    outer loop
      vertex   7.380301e-02 8.930000e-02 2.404282e-01
      vertex   7.380301e-02 5.853333e-02 2.404282e-01
      vertex   7.462823e-02 8.930000e-02 2.391329e-01
    endloop
  endfacet
  facet normal 8.433914e-01 3.804249e-16 5.372996e-01
    outer loop
      vertex   7.462823e-02 8.930000e-02 2.391329e-01
      vertex   7.380301e-02 5.853333e-02 2.404282e-01
      vertex   7.462823e-02 5.853333e-02 2.391329e-01
    endloop
  endfacet
  facet normal 8.526402e-01 3.845967e-16 5.224986e-01
    outer loop
      vertex   7.462823e-02 8.930000e-02 2.391329e-01
      vertex   7.462823e-02 5.853333e-02 2.391329e-01
      vertex   7.543072e-02 8.930000e-02 2.378234e-01
    endloop
  endfacet
  facet normal 8.526402e-01 0.000000e+00 5.224986e-01
    outer loop
      vertex   7.543072e-02 8.930000e-02 2.378234e-01
      vertex   7.462823e-02 5.853333e-02 2.391329e-01
      vertex   7.543072e-02 5.853333e-02 2.378234e-01
    endloop
  endfacet
  facet normal 8.616292e-01 0.000000e+00 5.075384e-01
    outer loop
      vertex   7.543072e-02 8.930000e-02 2.378234e-01
      vertex   7.543072e-02 5.853333e-02 2.378234e-01
      vertex   7.621024e-02 8.930000e-02 2.365000e-01
    endloop
  endfacet
  facet normal 8.616292e-01 -6.921493e-17 5.075384e-01
    outer loop
      vertex   7.621024e-02 8.930000e-02 2.365000e-01
      vertex   7.543072e-02 5.853333e-02 2.378234e-01
      vertex   7.621024e-02 5.853333e-02 2.365000e-01
    endloop
  endfacet
  facet normal 8.703557e-01 -5.164315e-17 4.924236e-01
    outer loop
      vertex   7.621024e-02 8.930000e-02 2.365000e-01
      vertex   7.621024e-02 5.853333e-02 2.365000e-01
      vertex   7.696653e-02 8.930000e-02 2.351633e-01
    endloop
  endfacet
  facet normal 8.703557e-01 -3.925876e-16 4.924236e-01
    outer loop
      vertex   7.696653e-02 8.930000e-02 2.351633e-01
      vertex   7.621024e-02 5.853333e-02 2.365000e-01
      vertex   7.696653e-02 5.853333e-02 2.351633e-01
    endloop
  endfacet
  facet normal 8.788171e-01 -3.964042e-16 4.771588e-01
    outer loop
      vertex   7.696653e-02 8.930000e-02 2.351633e-01
      vertex   7.696653e-02 5.853333e-02 2.351633e-01
      vertex   7.769939e-02 8.930000e-02 2.338135e-01
    endloop
  endfacet
  facet normal 8.788171e-01 -7.928085e-16 4.771588e-01
    outer loop
      vertex   7.769939e-02 8.930000e-02 2.338135e-01
      vertex   7.696653e-02 5.853333e-02 2.351633e-01
      vertex   7.769939e-02 5.853333e-02 2.338135e-01
    endloop
  endfacet
  facet normal 8.870108e-01 -8.002003e-16 4.617486e-01
    outer loop
      vertex   7.769939e-02 8.930000e-02 2.338135e-01
      vertex   7.769939e-02 5.853333e-02 2.338135e-01
      vertex   7.840857e-02 8.930000e-02 2.324512e-01
    endloop
  endfacet
  facet normal 8.870108e-01 0.000000e+00 4.617486e-01
    outer loop
      vertex   7.840857e-02 8.930000e-02 2.324512e-01
      vertex   7.769939e-02 5.853333e-02 2.338135e-01
      vertex   7.840857e-02 5.853333e-02 2.324512e-01
    endloop
  endfacet
  facet normal 8.949344e-01 0.000000e+00 4.461978e-01
    outer loop
      vertex   7.840857e-02 8.930000e-02 2.324512e-01
      vertex   7.840857e-02 5.853333e-02 2.324512e-01
      vertex   7.909388e-02 8.930000e-02 2.310767e-01
    endloop
  endfacet
  facet normal 8.949344e-01 0.000000e+00 4.461978e-01
    outer loop
      vertex   7.909388e-02 8.930000e-02 2.310767e-01
      vertex   7.840857e-02 5.853333e-02 2.324512e-01
      vertex   7.909388e-02 5.853333e-02 2.310767e-01
    endloop
  endfacet
  facet normal 9.025853e-01 0.000000e+00 4.305111e-01
    outer loop
      vertex   7.909388e-02 8.930000e-02 2.310767e-01
      vertex   7.909388e-02 5.853333e-02 2.310767e-01
      vertex   7.975509e-02 8.930000e-02 2.296904e-01
    endloop
  endfacet
  facet normal 9.025853e-01 0.000000e+00 4.305111e-01
    outer loop
      vertex   7.975509e-02 8.930000e-02 2.296904e-01
      vertex   7.909388e-02 5.853333e-02 2.310767e-01
      vertex   7.975509e-02 5.853333e-02 2.296904e-01
    endloop
  endfacet
  facet normal 9.099613e-01 0.000000e+00 4.146932e-01
    outer loop
      vertex   7.975509e-02 8.930000e-02 2.296904e-01
      vertex   7.975509e-02 5.853333e-02 2.296904e-01
      vertex   8.039200e-02 8.930000e-02 2.282928e-01
    endloop
  endfacet
  facet normal 9.099613e-01 -4.104523e-16 4.146932e-01
    outer loop
      vertex   8.039200e-02 8.930000e-02 2.282928e-01
      vertex   7.975509e-02 5.853333e-02 2.296904e-01
      vertex   8.039200e-02 5.853333e-02 2.282928e-01
    endloop
  endfacet
  facet normal 9.170601e-01 -4.136543e-16 3.987491e-01
    outer loop
      vertex   8.039200e-02 8.930000e-02 2.282928e-01
      vertex   8.039200e-02 5.853333e-02 2.282928e-01
      vertex   8.100443e-02 8.930000e-02 2.268843e-01
    endloop
  endfacet
  facet normal 9.170601e-01 0.000000e+00 3.987491e-01
    outer loop
      vertex   8.100443e-02 8.930000e-02 2.268843e-01
      vertex   8.039200e-02 5.853333e-02 2.282928e-01
      vertex   8.100443e-02 5.853333e-02 2.268843e-01
    endloop
  endfacet
  facet normal 9.238795e-01 0.000000e+00 3.826834e-01
    outer loop
      vertex   8.100443e-02 8.930000e-02 2.268843e-01
      vertex   8.100443e-02 5.853333e-02 2.268843e-01
      vertex   8.159218e-02 8.930000e-02 2.254654e-01
    endloop
  endfacet
  facet normal 9.238795e-01 0.000000e+00 3.826834e-01
    outer loop
      vertex   8.159218e-02 8.930000e-02 2.254654e-01
      vertex   8.100443e-02 5.853333e-02 2.268843e-01
      vertex   8.159218e-02 5.853333e-02 2.254654e-01
    endloop
  endfacet
  facet normal 9.304176e-01 0.000000e+00 3.665012e-01
    outer loop
      vertex   8.159218e-02 8.930000e-02 2.254654e-01
      vertex   8.159218e-02 5.853333e-02 2.254654e-01
      vertex   8.215508e-02 8.930000e-02 2.240364e-01
    endloop
  endfacet
  facet normal 9.304176e-01 4.196794e-16 3.665012e-01
    outer loop
      vertex   8.215508e-02 8.930000e-02 2.240364e-01
      vertex   8.159218e-02 5.853333e-02 2.254654e-01
      vertex   8.215508e-02 5.853333e-02 2.240364e-01
    endloop
  endfacet
  facet normal 9.366722e-01 4.225007e-16 3.502074e-01
    outer loop
      vertex   8.215508e-02 8.930000e-02 2.240364e-01
      vertex   8.215508e-02 5.853333e-02 2.240364e-01
      vertex   8.269295e-02 8.930000e-02 2.225978e-01
    endloop
  endfacet
  facet normal 9.366722e-01 0.000000e+00 3.502074e-01
    outer loop
      vertex   8.269295e-02 8.930000e-02 2.225978e-01
      vertex   8.215508e-02 5.853333e-02 2.240364e-01
      vertex   8.269295e-02 5.853333e-02 2.225978e-01
    endloop
  endfacet
  facet normal 9.426415e-01 0.000000e+00 3.338069e-01
    outer loop
      vertex   8.269295e-02 8.930000e-02 2.225978e-01
      vertex   8.269295e-02 5.853333e-02 2.225978e-01
      vertex   8.320563e-02 8.930000e-02 2.211500e-01
    endloop
  endfacet
  facet normal 9.426415e-01 -4.251932e-16 3.338069e-01
    outer loop
      vertex   8.320563e-02 8.930000e-02 2.211500e-01
      vertex   8.269295e-02 5.853333e-02 2.225978e-01
      vertex   8.320563e-02 5.853333e-02 2.211500e-01
    endloop
  endfacet
  facet normal 9.483237e-01 -4.277563e-16 3.173047e-01
    outer loop
      vertex   8.320563e-02 8.930000e-02 2.211500e-01
      vertex   8.320563e-02 5.853333e-02 2.211500e-01
      vertex   8.369297e-02 8.930000e-02 2.196935e-01
    endloop
  endfacet
  facet normal 9.483237e-01 -4.277563e-16 3.173047e-01
    outer loop
      vertex   8.369297e-02 8.930000e-02 2.196935e-01
      vertex   8.320563e-02 5.853333e-02 2.211500e-01
      vertex   8.369297e-02 5.853333e-02 2.196935e-01
    endloop
  endfacet
  facet normal 9.537170e-01 -4.301890e-16 3.007058e-01
    outer loop
      vertex   8.369297e-02 8.930000e-02 2.196935e-01
      vertex   8.369297e-02 5.853333e-02 2.196935e-01
      vertex   8.415482e-02 8.930000e-02 2.182287e-01
    endloop
  endfacet
  facet normal 9.537170e-01 4.301890e-16 3.007058e-01
    outer loop
      vertex   8.415482e-02 8.930000e-02 2.182287e-01
      vertex   8.369297e-02 5.853333e-02 2.196935e-01
      vertex   8.415482e-02 5.853333e-02 2.182287e-01
    endloop
  endfacet
  facet normal 9.588197e-01 4.324907e-16 2.840153e-01
    outer loop
      vertex   8.415482e-02 8.930000e-02 2.182287e-01
      vertex   8.415482e-02 5.853333e-02 2.182287e-01
      vertex   8.459103e-02 8.930000e-02 2.167561e-01
    endloop
  endfacet
  facet normal 9.588197e-01 0.000000e+00 2.840153e-01
    outer loop
      vertex   8.459103e-02 8.930000e-02 2.167561e-01
      vertex   8.415482e-02 5.853333e-02 2.182287e-01
      vertex   8.459103e-02 5.853333e-02 2.167561e-01
    endloop
  endfacet
  facet normal 9.636305e-01 0.000000e+00 2.672384e-01
    outer loop
      vertex   8.459103e-02 8.930000e-02 2.167561e-01
      vertex   8.459103e-02 5.853333e-02 2.167561e-01
      vertex   8.500147e-02 8.930000e-02 2.152761e-01
    endloop
  endfacet
  facet normal 9.636305e-01 0.000000e+00 2.672384e-01
    outer loop
      vertex   8.500147e-02 8.930000e-02 2.152761e-01
      vertex   8.459103e-02 5.853333e-02 2.167561e-01
      vertex   8.500147e-02 5.853333e-02 2.152761e-01
    endloop
  endfacet
  facet normal 9.681476e-01 0.000000e+00 2.503800e-01
    outer loop
      vertex   8.500147e-02 8.930000e-02 2.152761e-01
      vertex   8.500147e-02 5.853333e-02 2.152761e-01
      vertex   8.538602e-02 8.930000e-02 2.137891e-01
    endloop
  endfacet
  facet normal 9.681476e-01 0.000000e+00 2.503800e-01
    outer loop
      vertex   8.538602e-02 8.930000e-02 2.137891e-01
      vertex   8.500147e-02 5.853333e-02 2.152761e-01
      vertex   8.538602e-02 5.853333e-02 2.137891e-01
    endloop
  endfacet
  facet normal 9.723699e-01 0.000000e+00 2.334454e-01
    outer loop
      vertex   8.538602e-02 8.930000e-02 2.137891e-01
      vertex   8.538602e-02 5.853333e-02 2.137891e-01
      vertex   8.574457e-02 8.930000e-02 2.122957e-01
    endloop
  endfacet
  facet normal 9.723699e-01 0.000000e+00 2.334454e-01
    outer loop
      vertex   8.574457e-02 8.930000e-02 2.122957e-01
      vertex   8.538602e-02 5.853333e-02 2.137891e-01
      vertex   8.574457e-02 5.853333e-02 2.122957e-01
    endloop
  endfacet
  facet normal 9.762960e-01 0.000000e+00 2.164396e-01
    outer loop
      vertex   8.574457e-02 8.930000e-02 2.122957e-01
      vertex   8.574457e-02 5.853333e-02 2.122957e-01
      vertex   8.607699e-02 8.930000e-02 2.107962e-01
    endloop
  endfacet
  facet normal 9.762960e-01 -1.952570e-16 2.164396e-01
    outer loop
      vertex   8.607699e-02 8.930000e-02 2.107962e-01
      vertex   8.574457e-02 5.853333e-02 2.122957e-01
      vertex   8.607699e-02 5.853333e-02 2.107962e-01
    endloop
  endfacet
  facet normal 9.799247e-01 -1.798561e-16 1.993679e-01
    outer loop
      vertex   8.607699e-02 8.930000e-02 2.107962e-01
      vertex   8.607699e-02 5.853333e-02 2.107962e-01
      vertex   8.638319e-02 8.930000e-02 2.092912e-01
    endloop
  endfacet
  facet normal 9.799247e-01 0.000000e+00 1.993679e-01
    outer loop
      vertex   8.638319e-02 8.930000e-02 2.092912e-01
      vertex   8.607699e-02 5.853333e-02 2.107962e-01
      vertex   8.638319e-02 5.853333e-02 2.092912e-01
    endloop
  endfacet
  facet normal 9.832549e-01 0.000000e+00 1.822355e-01
    outer loop
      vertex   8.638319e-02 8.930000e-02 2.092912e-01
      vertex   8.638319e-02 5.853333e-02 2.092912e-01
      vertex   8.666308e-02 8.930000e-02 2.077810e-01
    endloop
  endfacet
  facet normal 9.832549e-01 0.000000e+00 1.822355e-01
    outer loop
      vertex   8.666308e-02 8.930000e-02 2.077810e-01
      vertex   8.638319e-02 5.853333e-02 2.092912e-01
      vertex   8.666308e-02 5.853333e-02 2.077810e-01
    endloop
  endfacet
  facet normal 9.862856e-01 0.000000e+00 1.650476e-01
    outer loop
      vertex   8.666308e-02 8.930000e-02 2.077810e-01
      vertex   8.666308e-02 5.853333e-02 2.077810e-01
      vertex   8.691657e-02 8.930000e-02 2.062662e-01
    endloop
  endfacet
  facet normal 9.862856e-01 0.000000e+00 1.650476e-01
    outer loop
      vertex   8.691657e-02 8.930000e-02 2.062662e-01
      vertex   8.666308e-02 5.853333e-02 2.077810e-01
      vertex   8.691657e-02 5.853333e-02 2.062662e-01
    endloop
  endfacet
  facet normal 9.890159e-01 0.000000e+00 1.478094e-01
    outer loop
      vertex   8.691657e-02 8.930000e-02 2.062662e-01
      vertex   8.691657e-02 5.853333e-02 2.062662e-01
      vertex   8.714359e-02 8.930000e-02 2.047472e-01
    endloop
  endfacet
  facet normal 9.890159e-01 -1.333435e-16 1.478094e-01
    outer loop
      vertex   8.714359e-02 8.930000e-02 2.047472e-01
      vertex   8.691657e-02 5.853333e-02 2.062662e-01
      vertex   8.714359e-02 5.853333e-02 2.047472e-01
    endloop
  endfacet
  facet normal 9.914449e-01 -1.177518e-16 1.305262e-01
    outer loop
      vertex   8.714359e-02 8.930000e-02 2.047472e-01
      vertex   8.714359e-02 5.853333e-02 2.047472e-01
      vertex   8.734406e-02 8.930000e-02 2.032245e-01
    endloop
  endfacet
  facet normal 9.914449e-01 0.000000e+00 1.305262e-01
    outer loop
      vertex   8.734406e-02 8.930000e-02 2.032245e-01
      vertex   8.714359e-02 5.853333e-02 2.047472e-01
      vertex   8.734406e-02 5.853333e-02 2.032245e-01
    endloop
  endfacet
  facet normal 9.935719e-01 0.000000e+00 1.132032e-01
    outer loop
      vertex   8.734406e-02 8.930000e-02 2.032245e-01
      vertex   8.734406e-02 5.853333e-02 2.032245e-01
      vertex   8.751793e-02 8.930000e-02 2.016985e-01
    endloop
  endfacet
  facet normal 9.935719e-01 0.000000e+00 1.132032e-01
    outer loop
      vertex   8.751793e-02 8.930000e-02 2.016985e-01
      vertex   8.734406e-02 5.853333e-02 2.032245e-01
      vertex   8.751793e-02 5.853333e-02 2.016985e-01
    endloop
  endfacet
  facet normal 9.953962e-01 0.000000e+00 9.584575e-02
    outer loop
      vertex   8.751793e-02 8.930000e-02 2.016985e-01
      vertex   8.751793e-02 5.853333e-02 2.016985e-01
      vertex   8.766513e-02 8.930000e-02 2.001697e-01
    endloop
  endfacet
  facet normal 9.953962e-01 0.000000e+00 9.584575e-02
    outer loop
      vertex   8.766513e-02 8.930000e-02 2.001697e-01
      vertex   8.751793e-02 5.853333e-02 2.016985e-01
      vertex   8.766513e-02 5.853333e-02 2.001697e-01
    endloop
  endfacet
  facet normal 9.969173e-01 0.000000e+00 7.845910e-02
    outer loop
      vertex   8.766513e-02 8.930000e-02 2.001697e-01
      vertex   8.766513e-02 5.853333e-02 2.001697e-01
      vertex   8.778564e-02 8.930000e-02 1.986386e-01
    endloop
  endfacet
  facet normal 9.969173e-01 0.000000e+00 7.845910e-02
    outer loop
      vertex   8.778564e-02 8.930000e-02 1.986386e-01
      vertex   8.766513e-02 5.853333e-02 2.001697e-01
      vertex   8.778564e-02 5.853333e-02 1.986386e-01
    endloop
  endfacet
  facet normal 9.981348e-01 0.000000e+00 6.104854e-02
    outer loop
      vertex   8.778564e-02 8.930000e-02 1.986386e-01
      vertex   8.778564e-02 5.853333e-02 1.986386e-01
      vertex   8.787940e-02 8.930000e-02 1.971056e-01
    endloop
  endfacet
  facet normal 9.981348e-01 -1.101476e-16 6.104854e-02
    outer loop
      vertex   8.787940e-02 8.930000e-02 1.971056e-01
      vertex   8.778564e-02 5.853333e-02 1.986386e-01
      vertex   8.787940e-02 5.853333e-02 1.971056e-01
    endloop
  endfacet
  facet normal 9.990482e-01 -7.870084e-17 4.361939e-02
    outer loop
      vertex   8.787940e-02 8.930000e-02 1.971056e-01
      vertex   8.787940e-02 5.853333e-02 1.971056e-01
      vertex   8.794639e-02 8.930000e-02 1.955712e-01
    endloop
  endfacet
  facet normal 9.990482e-01 0.000000e+00 4.361939e-02
    outer loop
      vertex   8.794639e-02 8.930000e-02 1.955712e-01
      vertex   8.787940e-02 5.853333e-02 1.971056e-01
      vertex   8.794639e-02 5.853333e-02 1.955712e-01
    endloop
  endfacet
  facet normal 9.996573e-01 0.000000e+00 2.617695e-02
    outer loop
      vertex   8.794639e-02 8.930000e-02 1.955712e-01
      vertex   8.794639e-02 5.853333e-02 1.955712e-01
      vertex   8.798660e-02 8.930000e-02 1.940358e-01
    endloop
  endfacet
  facet normal 9.996573e-01 0.000000e+00 2.617695e-02
    outer loop
      vertex   8.798660e-02 8.930000e-02 1.940358e-01
      vertex   8.794639e-02 5.853333e-02 1.955712e-01
      vertex   8.798660e-02 5.853333e-02 1.940358e-01
    endloop
  endfacet
  facet normal -9.999619e-01 0.000000e+00 -8.726535e-03
    outer loop
      vertex   -8.800000e-02 2.776667e-02 1.925000e-01
      vertex   -8.800000e-02 5.853333e-02 1.925000e-01
      vertex   -8.798660e-02 2.776667e-02 1.909642e-01
    endloop
  endfacet
  facet normal -9.999619e-01 7.872482e-18 -8.726535e-03
    outer loop
      vertex   -8.798660e-02 2.776667e-02 1.909642e-01
      vertex   -8.800000e-02 5.853333e-02 1.925000e-01
      vertex   -8.798660e-02 5.853333e-02 1.909642e-01
    endloop
  endfacet
  facet normal -9.996573e-01 2.361505e-17 -2.617695e-02
    outer loop
      vertex   -8.798660e-02 2.776667e-02 1.909642e-01
      vertex   -8.798660e-02 5.853333e-02 1.909642e-01
      vertex   -8.794639e-02 2.776667e-02 1.894289e-01
    endloop
  endfacet
  facet normal -9.996573e-01 2.361505e-17 -2.617695e-02
    outer loop
      vertex   -8.794639e-02 2.776667e-02 1.894289e-01
      vertex   -8.798660e-02 5.853333e-02 1.909642e-01
      vertex   -8.794639e-02 5.853333e-02 1.894289e-01
    endloop
  endfacet
  facet normal -9.990482e-01 3.935042e-17 -4.361939e-02
    outer loop
      vertex   -8.794639e-02 2.776667e-02 1.894289e-01
      vertex   -8.794639e-02 5.853333e-02 1.894289e-01
      vertex   -8.787940e-02 2.776667e-02 1.878944e-01
    endloop
  endfacet
  facet normal -9.990482e-01 -4.112860e-16 -4.361939e-02
    outer loop
      vertex   -8.787940e-02 2.776667e-02 1.878944e-01
      vertex   -8.794639e-02 5.853333e-02 1.894289e-01
      vertex   -8.787940e-02 5.853333e-02 1.878944e-01
    endloop
  endfacet
  facet normal -9.981348e-01 -3.951506e-16 -6.104854e-02
    outer loop
      vertex   -8.787940e-02 2.776667e-02 1.878944e-01
      vertex   -8.787940e-02 5.853333e-02 1.878944e-01
      vertex   -8.778564e-02 2.776667e-02 1.863614e-01
    endloop
  endfacet
  facet normal -9.981348e-01 0.000000e+00 -6.104854e-02
    outer loop
      vertex   -8.778564e-02 2.776667e-02 1.863614e-01
      vertex   -8.787940e-02 5.853333e-02 1.878944e-01
      vertex   -8.778564e-02 5.853333e-02 1.863614e-01
    endloop
  endfacet
  facet normal -9.969173e-01 0.000000e+00 -7.845910e-02
    outer loop
      vertex   -8.778564e-02 2.776667e-02 1.863614e-01
      vertex   -8.778564e-02 5.853333e-02 1.863614e-01
      vertex   -8.766513e-02 2.776667e-02 1.848303e-01
    endloop
  endfacet
  facet normal -9.969173e-01 0.000000e+00 -7.845910e-02
    outer loop
      vertex   -8.766513e-02 2.776667e-02 1.848303e-01
      vertex   -8.778564e-02 5.853333e-02 1.863614e-01
      vertex   -8.766513e-02 5.853333e-02 1.848303e-01
    endloop
  endfacet
  facet normal -9.953962e-01 0.000000e+00 -9.584575e-02
    outer loop
      vertex   -8.766513e-02 2.776667e-02 1.848303e-01
      vertex   -8.766513e-02 5.853333e-02 1.848303e-01
      vertex   -8.751793e-02 2.776667e-02 1.833015e-01
    endloop
  endfacet
  facet normal -9.953962e-01 0.000000e+00 -9.584575e-02
    outer loop
      vertex   -8.751793e-02 2.776667e-02 1.833015e-01
      vertex   -8.766513e-02 5.853333e-02 1.848303e-01
      vertex   -8.751793e-02 5.853333e-02 1.833015e-01
    endloop
  endfacet
  facet normal -9.935719e-01 0.000000e+00 -1.132032e-01
    outer loop
      vertex   -8.751793e-02 2.776667e-02 1.833015e-01
      vertex   -8.751793e-02 5.853333e-02 1.833015e-01
      vertex   -8.734406e-02 2.776667e-02 1.817755e-01
    endloop
  endfacet
  facet normal -9.935719e-01 0.000000e+00 -1.132032e-01
    outer loop
      vertex   -8.734406e-02 2.776667e-02 1.817755e-01
      vertex   -8.751793e-02 5.853333e-02 1.833015e-01
      vertex   -8.734406e-02 5.853333e-02 1.817755e-01
    endloop
  endfacet
  facet normal -9.914449e-01 0.000000e+00 -1.305262e-01
    outer loop
      vertex   -8.734406e-02 2.776667e-02 1.817755e-01
      vertex   -8.734406e-02 5.853333e-02 1.817755e-01
      vertex   -8.714359e-02 2.776667e-02 1.802528e-01
    endloop
  endfacet
  facet normal -9.914449e-01 -7.766618e-16 -1.305262e-01
    outer loop
      vertex   -8.714359e-02 2.776667e-02 1.802528e-01
      vertex   -8.734406e-02 5.853333e-02 1.817755e-01
      vertex   -8.714359e-02 5.853333e-02 1.802528e-01
    endloop
  endfacet
  facet normal -9.890159e-01 -7.588787e-16 -1.478094e-01
    outer loop
      vertex   -8.714359e-02 2.776667e-02 1.802528e-01
      vertex   -8.714359e-02 5.853333e-02 1.802528e-01
      vertex   -8.691657e-02 2.776667e-02 1.787338e-01
    endloop
  endfacet
  facet normal -9.890159e-01 0.000000e+00 -1.478094e-01
    outer loop
      vertex   -8.691657e-02 2.776667e-02 1.787338e-01
      vertex   -8.714359e-02 5.853333e-02 1.802528e-01
      vertex   -8.691657e-02 5.853333e-02 1.787338e-01
    endloop
  endfacet
  facet normal -9.862856e-01 0.000000e+00 -1.650476e-01
    outer loop
      vertex   -8.691657e-02 2.776667e-02 1.787338e-01
      vertex   -8.691657e-02 5.853333e-02 1.787338e-01
      vertex   -8.666308e-02 2.776667e-02 1.772190e-01
    endloop
  endfacet
  facet normal -9.862856e-01 1.488946e-16 -1.650476e-01
    outer loop
      vertex   -8.666308e-02 2.776667e-02 1.772190e-01
      vertex   -8.691657e-02 5.853333e-02 1.787338e-01
      vertex   -8.666308e-02 5.853333e-02 1.772190e-01
    endloop
  endfacet
  facet normal -9.832549e-01 1.644004e-16 -1.822355e-01
    outer loop
      vertex   -8.666308e-02 2.776667e-02 1.772190e-01
      vertex   -8.666308e-02 5.853333e-02 1.772190e-01
      vertex   -8.638319e-02 2.776667e-02 1.757088e-01
    endloop
  endfacet
  facet normal -9.832549e-01 0.000000e+00 -1.822355e-01
    outer loop
      vertex   -8.638319e-02 2.776667e-02 1.757088e-01
      vertex   -8.666308e-02 5.853333e-02 1.772190e-01
      vertex   -8.638319e-02 5.853333e-02 1.757088e-01
    endloop
  endfacet
  facet normal -9.799247e-01 0.000000e+00 -1.993679e-01
    outer loop
      vertex   -8.638319e-02 2.776667e-02 1.757088e-01
      vertex   -8.638319e-02 5.853333e-02 1.757088e-01
      vertex   -8.607699e-02 2.776667e-02 1.742038e-01
    endloop
  endfacet
  facet normal -9.799247e-01 1.798561e-16 -1.993679e-01
    outer loop
      vertex   -8.607699e-02 2.776667e-02 1.742038e-01
      vertex   -8.638319e-02 5.853333e-02 1.757088e-01
      vertex   -8.607699e-02 5.853333e-02 1.742038e-01
    endloop
  endfacet
  facet normal -9.762960e-01 1.952570e-16 -2.164396e-01
    outer loop
      vertex   -8.607699e-02 2.776667e-02 1.742038e-01
      vertex   -8.607699e-02 5.853333e-02 1.742038e-01
      vertex   -8.574457e-02 2.776667e-02 1.727043e-01
    endloop
  endfacet
  facet normal -9.762960e-01 0.000000e+00 -2.164396e-01
    outer loop
      vertex   -8.574457e-02 2.776667e-02 1.727043e-01
      vertex   -8.607699e-02 5.853333e-02 1.742038e-01
      vertex   -8.574457e-02 5.853333e-02 1.727043e-01
    endloop
  endfacet
  facet normal -9.723699e-01 0.000000e+00 -2.334454e-01
    outer loop
      vertex   -8.574457e-02 2.776667e-02 1.727043e-01
      vertex   -8.574457e-02 5.853333e-02 1.727043e-01
      vertex   -8.538602e-02 2.776667e-02 1.712109e-01
    endloop
  endfacet
  facet normal -9.723699e-01 2.280043e-16 -2.334454e-01
    outer loop
      vertex   -8.538602e-02 2.776667e-02 1.712109e-01
      vertex   -8.574457e-02 5.853333e-02 1.727043e-01
      vertex   -8.538602e-02 5.853333e-02 1.712109e-01
    endloop
  endfacet
  facet normal -9.681476e-01 2.108225e-16 -2.503800e-01
    outer loop
      vertex   -8.538602e-02 2.776667e-02 1.712109e-01
      vertex   -8.538602e-02 5.853333e-02 1.712109e-01
      vertex   -8.500147e-02 2.776667e-02 1.697239e-01
    endloop
  endfacet
  facet normal -9.681476e-01 0.000000e+00 -2.503800e-01
    outer loop
      vertex   -8.500147e-02 2.776667e-02 1.697239e-01
      vertex   -8.538602e-02 5.853333e-02 1.712109e-01
      vertex   -8.500147e-02 5.853333e-02 1.697239e-01
    endloop
  endfacet
  facet normal -9.636305e-01 0.000000e+00 -2.672384e-01
    outer loop
      vertex   -8.500147e-02 2.776667e-02 1.697239e-01
      vertex   -8.500147e-02 5.853333e-02 1.697239e-01
      vertex   -8.459103e-02 2.776667e-02 1.682439e-01
    endloop
  endfacet
  facet normal -9.636305e-01 0.000000e+00 -2.672384e-01
    outer loop
      vertex   -8.459103e-02 2.776667e-02 1.682439e-01
      vertex   -8.500147e-02 5.853333e-02 1.697239e-01
      vertex   -8.459103e-02 5.853333e-02 1.682439e-01
    endloop
  endfacet
  facet normal -9.588197e-01 0.000000e+00 -2.840153e-01
    outer loop
      vertex   -8.459103e-02 2.776667e-02 1.682439e-01
      vertex   -8.459103e-02 5.853333e-02 1.682439e-01
      vertex   -8.415482e-02 2.776667e-02 1.667713e-01
    endloop
  endfacet
  facet normal -9.588197e-01 0.000000e+00 -2.840153e-01
    outer loop
      vertex   -8.415482e-02 2.776667e-02 1.667713e-01
      vertex   -8.459103e-02 5.853333e-02 1.682439e-01
      vertex   -8.415482e-02 5.853333e-02 1.667713e-01
    endloop
  endfacet
  facet normal -9.537170e-01 0.000000e+00 -3.007058e-01
    outer loop
      vertex   -8.415482e-02 2.776667e-02 1.667713e-01
      vertex   -8.415482e-02 5.853333e-02 1.667713e-01
      vertex   -8.369297e-02 2.776667e-02 1.653065e-01
    endloop
  endfacet
  facet normal -9.537170e-01 0.000000e+00 -3.007058e-01
    outer loop
      vertex   -8.369297e-02 2.776667e-02 1.653065e-01
      vertex   -8.415482e-02 5.853333e-02 1.667713e-01
      vertex   -8.369297e-02 5.853333e-02 1.653065e-01
    endloop
  endfacet
  facet normal -9.483237e-01 0.000000e+00 -3.173047e-01
    outer loop
      vertex   -8.369297e-02 2.776667e-02 1.653065e-01
      vertex   -8.369297e-02 5.853333e-02 1.653065e-01
      vertex   -8.320563e-02 2.776667e-02 1.638500e-01
    endloop
  endfacet
  facet normal -9.483237e-01 -1.415058e-16 -3.173047e-01
    outer loop
      vertex   -8.320563e-02 2.776667e-02 1.638500e-01
      vertex   -8.369297e-02 5.853333e-02 1.653065e-01
      vertex   -8.320563e-02 5.853333e-02 1.638500e-01
    endloop
  endfacet
  facet normal -9.426415e-01 -1.240556e-16 -3.338069e-01
    outer loop
      vertex   -8.320563e-02 2.776667e-02 1.638500e-01
      vertex   -8.320563e-02 5.853333e-02 1.638500e-01
      vertex   -8.269295e-02 2.776667e-02 1.624022e-01
    endloop
  endfacet
  facet normal -9.426415e-01 0.000000e+00 -3.338069e-01
    outer loop
      vertex   -8.269295e-02 2.776667e-02 1.624022e-01
      vertex   -8.320563e-02 5.853333e-02 1.638500e-01
      vertex   -8.269295e-02 5.853333e-02 1.624022e-01
    endloop
  endfacet
  facet normal -9.366722e-01 0.000000e+00 -3.502074e-01
    outer loop
      vertex   -8.269295e-02 2.776667e-02 1.624022e-01
      vertex   -8.269295e-02 5.853333e-02 1.624022e-01
      vertex   -8.215508e-02 2.776667e-02 1.609636e-01
    endloop
  endfacet
  facet normal -9.366722e-01 0.000000e+00 -3.502074e-01
    outer loop
      vertex   -8.215508e-02 2.776667e-02 1.609636e-01
      vertex   -8.269295e-02 5.853333e-02 1.624022e-01
      vertex   -8.215508e-02 5.853333e-02 1.609636e-01
    endloop
  endfacet
  facet normal -9.304176e-01 0.000000e+00 -3.665012e-01
    outer loop
      vertex   -8.215508e-02 2.776667e-02 1.609636e-01
      vertex   -8.215508e-02 5.853333e-02 1.609636e-01
      vertex   -8.159218e-02 2.776667e-02 1.595346e-01
    endloop
  endfacet
  facet normal -9.304176e-01 0.000000e+00 -3.665012e-01
    outer loop
      vertex   -8.159218e-02 2.776667e-02 1.595346e-01
      vertex   -8.215508e-02 5.853333e-02 1.609636e-01
      vertex   -8.159218e-02 5.853333e-02 1.595346e-01
    endloop
  endfacet
  facet normal -9.238795e-01 0.000000e+00 -3.826834e-01
    outer loop
      vertex   -8.159218e-02 2.776667e-02 1.595346e-01
      vertex   -8.159218e-02 5.853333e-02 1.595346e-01
      vertex   -8.100443e-02 2.776667e-02 1.581157e-01
    endloop
  endfacet
  facet normal -9.238795e-01 0.000000e+00 -3.826834e-01
    outer loop
      vertex   -8.100443e-02 2.776667e-02 1.581157e-01
      vertex   -8.159218e-02 5.853333e-02 1.595346e-01
      vertex   -8.100443e-02 5.853333e-02 1.581157e-01
    endloop
  endfacet
  facet normal -9.170601e-01 0.000000e+00 -3.987491e-01
    outer loop
      vertex   -8.100443e-02 2.776667e-02 1.581157e-01
      vertex   -8.100443e-02 5.853333e-02 1.581157e-01
      vertex   -8.039200e-02 2.776667e-02 1.567072e-01
    endloop
  endfacet
  facet normal -9.170601e-01 0.000000e+00 -3.987491e-01
    outer loop
      vertex   -8.039200e-02 2.776667e-02 1.567072e-01
      vertex   -8.100443e-02 5.853333e-02 1.581157e-01
      vertex   -8.039200e-02 5.853333e-02 1.567072e-01
    endloop
  endfacet
  facet normal -9.099613e-01 0.000000e+00 -4.146932e-01
    outer loop
      vertex   -8.039200e-02 2.776667e-02 1.567072e-01
      vertex   -8.039200e-02 5.853333e-02 1.567072e-01
      vertex   -7.975509e-02 2.776667e-02 1.553096e-01
    endloop
  endfacet
  facet normal -9.099613e-01 0.000000e+00 -4.146932e-01
    outer loop
      vertex   -7.975509e-02 2.776667e-02 1.553096e-01
      vertex   -8.039200e-02 5.853333e-02 1.567072e-01
      vertex   -7.975509e-02 5.853333e-02 1.553096e-01
    endloop
  endfacet
  facet normal -9.025853e-01 0.000000e+00 -4.305111e-01
    outer loop
      vertex   -7.975509e-02 2.776667e-02 1.553096e-01
      vertex   -7.975509e-02 5.853333e-02 1.553096e-01
      vertex   -7.909388e-02 2.776667e-02 1.539233e-01
    endloop
  endfacet
  facet normal -9.025853e-01 0.000000e+00 -4.305111e-01
    outer loop
      vertex   -7.909388e-02 2.776667e-02 1.539233e-01
      vertex   -7.975509e-02 5.853333e-02 1.553096e-01
      vertex   -7.909388e-02 5.853333e-02 1.539233e-01
    endloop
  endfacet
  facet normal -8.949344e-01 0.000000e+00 -4.461978e-01
    outer loop
      vertex   -7.909388e-02 2.776667e-02 1.539233e-01
      vertex   -7.909388e-02 5.853333e-02 1.539233e-01
      vertex   -7.840857e-02 2.776667e-02 1.525488e-01
    endloop
  endfacet
  facet normal -8.949344e-01 0.000000e+00 -4.461978e-01
    outer loop
      vertex   -7.840857e-02 2.776667e-02 1.525488e-01
      vertex   -7.909388e-02 5.853333e-02 1.539233e-01
      vertex   -7.840857e-02 5.853333e-02 1.525488e-01
    endloop
  endfacet
  facet normal -8.870108e-01 0.000000e+00 -4.617486e-01
    outer loop
      vertex   -7.840857e-02 2.776667e-02 1.525488e-01
      vertex   -7.840857e-02 5.853333e-02 1.525488e-01
      vertex   -7.769939e-02 2.776667e-02 1.511865e-01
    endloop
  endfacet
  facet normal -8.870108e-01 -3.836424e-16 -4.617486e-01
    outer loop
      vertex   -7.769939e-02 2.776667e-02 1.511865e-01
      vertex   -7.840857e-02 5.853333e-02 1.525488e-01
      vertex   -7.769939e-02 5.853333e-02 1.511865e-01
    endloop
  endfacet
  facet normal -8.788171e-01 -3.623486e-16 -4.771588e-01
    outer loop
      vertex   -7.769939e-02 2.776667e-02 1.511865e-01
      vertex   -7.769939e-02 5.853333e-02 1.511865e-01
      vertex   -7.696653e-02 2.776667e-02 1.498368e-01
    endloop
  endfacet
  facet normal -8.788171e-01 0.000000e+00 -4.771588e-01
    outer loop
      vertex   -7.696653e-02 2.776667e-02 1.498368e-01
      vertex   -7.769939e-02 5.853333e-02 1.511865e-01
      vertex   -7.696653e-02 5.853333e-02 1.498368e-01
    endloop
  endfacet
  facet normal -8.703557e-01 0.000000e+00 -4.924236e-01
    outer loop
      vertex   -7.696653e-02 2.776667e-02 1.498368e-01
      vertex   -7.696653e-02 5.853333e-02 1.498368e-01
      vertex   -7.621024e-02 2.776667e-02 1.485000e-01
    endloop
  endfacet
  facet normal -8.703557e-01 4.958739e-16 -4.924236e-01
    outer loop
      vertex   -7.621024e-02 2.776667e-02 1.485000e-01
      vertex   -7.696653e-02 5.853333e-02 1.498368e-01
      vertex   -7.621024e-02 5.853333e-02 1.485000e-01
    endloop
  endfacet
  facet normal -8.616292e-01 5.270812e-16 -5.075384e-01
    outer loop
      vertex   -7.621024e-02 2.776667e-02 1.485000e-01
      vertex   -7.621024e-02 5.853333e-02 1.485000e-01
      vertex   -7.543072e-02 2.776667e-02 1.471767e-01
    endloop
  endfacet
  facet normal -8.616292e-01 0.000000e+00 -5.075384e-01
    outer loop
      vertex   -7.543072e-02 2.776667e-02 1.471767e-01
      vertex   -7.621024e-02 5.853333e-02 1.485000e-01
      vertex   -7.543072e-02 5.853333e-02 1.471767e-01
    endloop
  endfacet
  facet normal -8.526402e-01 0.000000e+00 -5.224986e-01
    outer loop
      vertex   -7.543072e-02 2.776667e-02 1.471767e-01
      vertex   -7.543072e-02 5.853333e-02 1.471767e-01
      vertex   -7.462823e-02 2.776667e-02 1.458671e-01
    endloop
  endfacet
  facet normal -8.526402e-01 0.000000e+00 -5.224986e-01
    outer loop
      vertex   -7.462823e-02 2.776667e-02 1.458671e-01
      vertex   -7.543072e-02 5.853333e-02 1.471767e-01
      vertex   -7.462823e-02 5.853333e-02 1.458671e-01
    endloop
  endfacet
  facet normal -8.433914e-01 0.000000e+00 -5.372996e-01
    outer loop
      vertex   -7.462823e-02 2.776667e-02 1.458671e-01
      vertex   -7.462823e-02 5.853333e-02 1.458671e-01
      vertex   -7.380301e-02 2.776667e-02 1.445718e-01
    endloop
  endfacet
  facet normal -8.433914e-01 -2.761351e-16 -5.372996e-01
    outer loop
      vertex   -7.380301e-02 2.776667e-02 1.445718e-01
      vertex   -7.462823e-02 5.853333e-02 1.458671e-01
      vertex   -7.380301e-02 5.853333e-02 1.445718e-01
    endloop
  endfacet
  facet normal -8.338858e-01 -2.543549e-16 -5.519370e-01
    outer loop
      vertex   -7.380301e-02 2.776667e-02 1.445718e-01
      vertex   -7.380301e-02 5.853333e-02 1.445718e-01
      vertex   -7.295531e-02 2.776667e-02 1.432910e-01
    endloop
  endfacet
  facet normal -8.338858e-01 0.000000e+00 -5.519370e-01
    outer loop
      vertex   -7.295531e-02 2.776667e-02 1.432910e-01
      vertex   -7.380301e-02 5.853333e-02 1.445718e-01
      vertex   -7.295531e-02 5.853333e-02 1.432910e-01
    endloop
  endfacet
  facet normal -8.241262e-01 0.000000e+00 -5.664062e-01
    outer loop
      vertex   -7.295531e-02 2.776667e-02 1.432910e-01
      vertex   -7.295531e-02 5.853333e-02 1.432910e-01
      vertex   -7.208538e-02 2.776667e-02 1.420253e-01
    endloop
  endfacet
  facet normal -8.241262e-01 -6.042323e-16 -5.664062e-01
    outer loop
      vertex   -7.208538e-02 2.776667e-02 1.420253e-01
      vertex   -7.295531e-02 5.853333e-02 1.432910e-01
      vertex   -7.208538e-02 5.853333e-02 1.420253e-01
    endloop
  endfacet
  facet normal -8.141155e-01 -5.777884e-16 -5.807030e-01
    outer loop
      vertex   -7.208538e-02 2.776667e-02 1.420253e-01
      vertex   -7.208538e-02 5.853333e-02 1.420253e-01
      vertex   -7.119350e-02 2.776667e-02 1.407749e-01
    endloop
  endfacet
  facet normal -8.141155e-01 0.000000e+00 -5.807030e-01
    outer loop
      vertex   -7.119350e-02 2.776667e-02 1.407749e-01
      vertex   -7.208538e-02 5.853333e-02 1.420253e-01
      vertex   -7.119350e-02 5.853333e-02 1.407749e-01
    endloop
  endfacet
  facet normal -8.038569e-01 0.000000e+00 -5.948228e-01
    outer loop
      vertex   -7.119350e-02 2.776667e-02 1.407749e-01
      vertex   -7.119350e-02 5.853333e-02 1.407749e-01
      vertex   -7.027992e-02 2.776667e-02 1.395403e-01
    endloop
  endfacet
  facet normal -8.038569e-01 -1.885762e-16 -5.948228e-01
    outer loop
      vertex   -7.027992e-02 2.776667e-02 1.395403e-01
      vertex   -7.119350e-02 5.853333e-02 1.407749e-01
      vertex   -7.027992e-02 5.853333e-02 1.395403e-01
    endloop
  endfacet
  facet normal -7.933533e-01 -1.665262e-16 -6.087614e-01
    outer loop
      vertex   -7.027992e-02 2.776667e-02 1.395403e-01
      vertex   -7.027992e-02 5.853333e-02 1.395403e-01
      vertex   -6.934495e-02 2.776667e-02 1.383218e-01
    endloop
  endfacet
  facet normal -7.933533e-01 0.000000e+00 -6.087614e-01
    outer loop
      vertex   -6.934495e-02 2.776667e-02 1.383218e-01
      vertex   -7.027992e-02 5.853333e-02 1.395403e-01
      vertex   -6.934495e-02 5.853333e-02 1.383218e-01
    endloop
  endfacet
  facet normal -7.826082e-01 0.000000e+00 -6.225146e-01
    outer loop
      vertex   -6.934495e-02 2.776667e-02 1.383218e-01
      vertex   -6.934495e-02 5.853333e-02 1.383218e-01
      vertex   -6.838884e-02 2.776667e-02 1.371198e-01
    endloop
  endfacet
  facet normal -7.826082e-01 7.701723e-16 -6.225146e-01
    outer loop
      vertex   -6.838884e-02 2.776667e-02 1.371198e-01
      vertex   -6.934495e-02 5.853333e-02 1.383218e-01
      vertex   -6.838884e-02 5.853333e-02 1.371198e-01
    endloop
  endfacet
  facet normal -7.716246e-01 7.995989e-16 -6.360782e-01
    outer loop
      vertex   -6.838884e-02 2.776667e-02 1.371198e-01
      vertex   -6.838884e-02 5.853333e-02 1.371198e-01
      vertex   -6.741191e-02 2.776667e-02 1.359347e-01
    endloop
  endfacet
  facet normal -7.716246e-01 0.000000e+00 -6.360782e-01
    outer loop
      vertex   -6.741191e-02 2.776667e-02 1.359347e-01
      vertex   -6.838884e-02 5.853333e-02 1.371198e-01
      vertex   -6.741191e-02 5.853333e-02 1.359347e-01
    endloop
  endfacet
  facet normal -7.604060e-01 0.000000e+00 -6.494480e-01
    outer loop
      vertex   -6.741191e-02 2.776667e-02 1.359347e-01
      vertex   -6.741191e-02 5.853333e-02 1.359347e-01
      vertex   -6.641444e-02 2.776667e-02 1.347668e-01
    endloop
  endfacet
  facet normal -7.604060e-01 0.000000e+00 -6.494480e-01
    outer loop
      vertex   -6.641444e-02 2.776667e-02 1.347668e-01
      vertex   -6.741191e-02 5.853333e-02 1.359347e-01
      vertex   -6.641444e-02 5.853333e-02 1.347668e-01
    endloop
  endfacet
  facet normal -7.489557e-01 0.000000e+00 -6.626200e-01
    outer loop
      vertex   -6.641444e-02 2.776667e-02 1.347668e-01
      vertex   -6.641444e-02 5.853333e-02 1.347668e-01
      vertex   -6.539674e-02 2.776667e-02 1.336165e-01
    endloop
  endfacet
  facet normal -7.489557e-01 0.000000e+00 -6.626200e-01
    outer loop
      vertex   -6.539674e-02 2.776667e-02 1.336165e-01
      vertex   -6.641444e-02 5.853333e-02 1.347668e-01
      vertex   -6.539674e-02 5.853333e-02 1.336165e-01
    endloop
  endfacet
  facet normal -7.372773e-01 0.000000e+00 -6.755902e-01
    outer loop
      vertex   -6.539674e-02 2.776667e-02 1.336165e-01
      vertex   -6.539674e-02 5.853333e-02 1.336165e-01
      vertex   -6.435913e-02 2.776667e-02 1.324842e-01
    endloop
  endfacet
  facet normal -7.372773e-01 6.651210e-16 -6.755902e-01
    outer loop
      vertex   -6.435913e-02 2.776667e-02 1.324842e-01
      vertex   -6.539674e-02 5.853333e-02 1.336165e-01
      vertex   -6.435913e-02 5.853333e-02 1.324842e-01
    endloop
  endfacet
  facet normal -7.253744e-01 6.543830e-16 -6.883546e-01
    outer loop
      vertex   -6.435913e-02 2.776667e-02 1.324842e-01
      vertex   -6.435913e-02 5.853333e-02 1.324842e-01
      vertex   -6.330190e-02 2.776667e-02 1.313701e-01
    endloop
  endfacet
  facet normal -7.253744e-01 -3.605882e-16 -6.883546e-01
    outer loop
      vertex   -6.330190e-02 2.776667e-02 1.313701e-01
      vertex   -6.435913e-02 5.853333e-02 1.324842e-01
      vertex   -6.330190e-02 5.853333e-02 1.313701e-01
    endloop
  endfacet
  facet normal -7.132504e-01 -3.328562e-16 -7.009093e-01
    outer loop
      vertex   -6.330190e-02 2.776667e-02 1.313701e-01
      vertex   -6.330190e-02 5.853333e-02 1.313701e-01
      vertex   -6.222540e-02 2.776667e-02 1.302746e-01
    endloop
  endfacet
  facet normal -7.132504e-01 0.000000e+00 -7.009093e-01
    outer loop
      vertex   -6.222540e-02 2.776667e-02 1.302746e-01
      vertex   -6.330190e-02 5.853333e-02 1.313701e-01
      vertex   -6.222540e-02 5.853333e-02 1.302746e-01
    endloop
  endfacet
  facet normal -7.009093e-01 0.000000e+00 -7.132504e-01
    outer loop
      vertex   -6.222540e-02 2.776667e-02 1.302746e-01
      vertex   -6.222540e-02 5.853333e-02 1.302746e-01
      vertex   -6.112994e-02 2.776667e-02 1.291981e-01
    endloop
  endfacet
  facet normal -7.009093e-01 -1.469447e-16 -7.132504e-01
    outer loop
      vertex   -6.112994e-02 2.776667e-02 1.291981e-01
      vertex   -6.222540e-02 5.853333e-02 1.302746e-01
      vertex   -6.112994e-02 5.853333e-02 1.291981e-01
    endloop
  endfacet
  facet normal -6.883546e-01 -1.218498e-16 -7.253744e-01
    outer loop
      vertex   -6.112994e-02 2.776667e-02 1.291981e-01
      vertex   -6.112994e-02 5.853333e-02 1.291981e-01
      vertex   -6.001586e-02 2.776667e-02 1.281409e-01
    endloop
  endfacet
  facet normal -6.883546e-01 -6.877797e-16 -7.253744e-01
    outer loop
      vertex   -6.001586e-02 2.776667e-02 1.281409e-01
      vertex   -6.112994e-02 5.853333e-02 1.291981e-01
      vertex   -6.001586e-02 5.853333e-02 1.281409e-01
    endloop
  endfacet
  facet normal -6.755902e-01 -7.207709e-16 -7.372773e-01
    outer loop
      vertex   -6.001586e-02 2.776667e-02 1.281409e-01
      vertex   -6.001586e-02 5.853333e-02 1.281409e-01
      vertex   -5.888349e-02 2.776667e-02 1.271033e-01
    endloop
  endfacet
  facet normal -6.755902e-01 7.207709e-16 -7.372773e-01
    outer loop
      vertex   -5.888349e-02 2.776667e-02 1.271033e-01
      vertex   -6.001586e-02 5.853333e-02 1.281409e-01
      vertex   -5.888349e-02 5.853333e-02 1.271033e-01
    endloop
  endfacet
  facet normal -6.626200e-01 7.535426e-16 -7.489557e-01
    outer loop
      vertex   -5.888349e-02 2.776667e-02 1.271033e-01
      vertex   -5.888349e-02 5.853333e-02 1.271033e-01
      vertex   -5.773319e-02 2.776667e-02 1.260856e-01
    endloop
  endfacet
  facet normal -6.626200e-01 0.000000e+00 -7.489557e-01
    outer loop
      vertex   -5.773319e-02 2.776667e-02 1.260856e-01
      vertex   -5.888349e-02 5.853333e-02 1.271033e-01
      vertex   -5.773319e-02 5.853333e-02 1.260856e-01
    endloop
  endfacet
  facet normal -6.494480e-01 0.000000e+00 -7.604060e-01
    outer loop
      vertex   -5.773319e-02 2.776667e-02 1.260856e-01
      vertex   -5.773319e-02 5.853333e-02 1.260856e-01
      vertex   -5.656531e-02 2.776667e-02 1.250881e-01
    endloop
  endfacet
  facet normal -6.494480e-01 0.000000e+00 -7.604060e-01
    outer loop
      vertex   -5.656531e-02 2.776667e-02 1.250881e-01
      vertex   -5.773319e-02 5.853333e-02 1.260856e-01
      vertex   -5.656531e-02 5.853333e-02 1.250881e-01
    endloop
  endfacet
  facet normal -6.360782e-01 0.000000e+00 -7.716246e-01
    outer loop
      vertex   -5.656531e-02 2.776667e-02 1.250881e-01
      vertex   -5.656531e-02 5.853333e-02 1.250881e-01
      vertex   -5.538019e-02 2.776667e-02 1.241112e-01
    endloop
  endfacet
  facet normal -6.360782e-01 2.117590e-17 -7.716246e-01
    outer loop
      vertex   -5.538019e-02 2.776667e-02 1.241112e-01
      vertex   -5.656531e-02 5.853333e-02 1.250881e-01
      vertex   -5.538019e-02 5.853333e-02 1.241112e-01
    endloop
  endfacet
  facet normal -6.225146e-01 -4.027891e-18 -7.826082e-01
    outer loop
      vertex   -5.538019e-02 2.776667e-02 1.241112e-01
      vertex   -5.538019e-02 5.853333e-02 1.241112e-01
      vertex   -5.417821e-02 2.776667e-02 1.231551e-01
    endloop
  endfacet
  facet normal -6.225146e-01 6.378306e-16 -7.826082e-01
    outer loop
      vertex   -5.417821e-02 2.776667e-02 1.231551e-01
      vertex   -5.538019e-02 5.853333e-02 1.241112e-01
      vertex   -5.417821e-02 5.853333e-02 1.231551e-01
    endloop
  endfacet
  facet normal -6.087614e-01 6.616763e-16 -7.933533e-01
    outer loop
      vertex   -5.417821e-02 2.776667e-02 1.231551e-01
      vertex   -5.417821e-02 5.853333e-02 1.231551e-01
      vertex   -5.295972e-02 2.776667e-02 1.222201e-01
    endloop
  endfacet
  facet normal -6.087614e-01 1.665262e-16 -7.933533e-01
    outer loop
      vertex   -5.295972e-02 2.776667e-02 1.222201e-01
      vertex   -5.417821e-02 5.853333e-02 1.231551e-01
      vertex   -5.295972e-02 5.853333e-02 1.222201e-01
    endloop
  endfacet
  facet normal -5.948228e-01 1.885762e-16 -8.038569e-01
    outer loop
      vertex   -5.295972e-02 2.776667e-02 1.222201e-01
      vertex   -5.295972e-02 5.853333e-02 1.222201e-01
      vertex   -5.172510e-02 2.776667e-02 1.213065e-01
    endloop
  endfacet
  facet normal -5.948228e-01 0.000000e+00 -8.038569e-01
    outer loop
      vertex   -5.172510e-02 2.776667e-02 1.213065e-01
      vertex   -5.295972e-02 5.853333e-02 1.222201e-01
      vertex   -5.172510e-02 5.853333e-02 1.213065e-01
    endloop
  endfacet
  facet normal -5.807030e-01 0.000000e+00 -8.141155e-01
    outer loop
      vertex   -5.172510e-02 2.776667e-02 1.213065e-01
      vertex   -5.172510e-02 5.853333e-02 1.213065e-01
      vertex   -5.047473e-02 2.776667e-02 1.204146e-01
    endloop
  endfacet
  facet normal -5.807030e-01 -2.105688e-16 -8.141155e-01
    outer loop
      vertex   -5.047473e-02 2.776667e-02 1.204146e-01
      vertex   -5.172510e-02 5.853333e-02 1.213065e-01
      vertex   -5.047473e-02 5.853333e-02 1.204146e-01
    endloop
  endfacet
  facet normal -5.664062e-01 -2.324973e-16 -8.241262e-01
    outer loop
      vertex   -5.047473e-02 2.776667e-02 1.204146e-01
      vertex   -5.047473e-02 5.853333e-02 1.204146e-01
      vertex   -4.920898e-02 2.776667e-02 1.195447e-01
    endloop
  endfacet
  facet normal -5.664062e-01 0.000000e+00 -8.241262e-01
    outer loop
      vertex   -4.920898e-02 2.776667e-02 1.195447e-01
      vertex   -5.047473e-02 5.853333e-02 1.204146e-01
      vertex   -4.920898e-02 5.853333e-02 1.195447e-01
    endloop
  endfacet
  facet normal -5.519370e-01 0.000000e+00 -8.338858e-01
    outer loop
      vertex   -4.920898e-02 2.776667e-02 1.195447e-01
      vertex   -4.920898e-02 5.853333e-02 1.195447e-01
      vertex   -4.792824e-02 2.776667e-02 1.186970e-01
    endloop
  endfacet
  facet normal -5.519370e-01 -1.217824e-16 -8.338858e-01
    outer loop
      vertex   -4.792824e-02 2.776667e-02 1.186970e-01
      vertex   -4.920898e-02 5.853333e-02 1.195447e-01
      vertex   -4.792824e-02 5.853333e-02 1.186970e-01
    endloop
  endfacet
  facet normal -5.372996e-01 -1.042899e-16 -8.433914e-01
    outer loop
      vertex   -4.792824e-02 2.776667e-02 1.186970e-01
      vertex   -4.792824e-02 5.853333e-02 1.186970e-01
      vertex   -4.663290e-02 2.776667e-02 1.178718e-01
    endloop
  endfacet
  facet normal -5.372996e-01 -2.761351e-16 -8.433914e-01
    outer loop
      vertex   -4.663290e-02 2.776667e-02 1.178718e-01
      vertex   -4.792824e-02 5.853333e-02 1.186970e-01
      vertex   -4.663290e-02 5.853333e-02 1.178718e-01
    endloop
  endfacet
  facet normal -5.224986e-01 -2.978311e-16 -8.526402e-01
    outer loop
      vertex   -4.663290e-02 2.776667e-02 1.178718e-01
      vertex   -4.663290e-02 5.853333e-02 1.178718e-01
      vertex   -4.532335e-02 2.776667e-02 1.170693e-01
    endloop
  endfacet
  facet normal -5.224986e-01 0.000000e+00 -8.526402e-01
    outer loop
      vertex   -4.532335e-02 2.776667e-02 1.170693e-01
      vertex   -4.663290e-02 5.853333e-02 1.178718e-01
      vertex   -4.532335e-02 5.853333e-02 1.170693e-01
    endloop
  endfacet
  facet normal -5.075384e-01 0.000000e+00 -8.616292e-01
    outer loop
      vertex   -4.532335e-02 2.776667e-02 1.170693e-01
      vertex   -4.532335e-02 5.853333e-02 1.170693e-01
      vertex   -4.400000e-02 2.776667e-02 1.162898e-01
    endloop
  endfacet
  facet normal -5.075384e-01 5.723329e-16 -8.616292e-01
    outer loop
      vertex   -4.400000e-02 2.776667e-02 1.162898e-01
      vertex   -4.532335e-02 5.853333e-02 1.170693e-01
      vertex   -4.400000e-02 5.853333e-02 1.162898e-01
    endloop
  endfacet
  facet normal -4.924236e-01 5.552884e-16 -8.703557e-01
    outer loop
      vertex   -4.400000e-02 2.776667e-02 1.162898e-01
      vertex   -4.400000e-02 5.853333e-02 1.162898e-01
      vertex   -4.266325e-02 2.776667e-02 1.155335e-01
    endloop
  endfacet
  facet normal -4.924236e-01 -5.552884e-16 -8.703557e-01
    outer loop
      vertex   -4.266325e-02 2.776667e-02 1.155335e-01
      vertex   -4.400000e-02 5.853333e-02 1.162898e-01
      vertex   -4.266325e-02 5.853333e-02 1.155335e-01
    endloop
  endfacet
  facet normal -4.771588e-01 -5.380749e-16 -8.788171e-01
    outer loop
      vertex   -4.266325e-02 2.776667e-02 1.155335e-01
      vertex   -4.266325e-02 5.853333e-02 1.155335e-01
      vertex   -4.131350e-02 2.776667e-02 1.148006e-01
    endloop
  endfacet
  facet normal -4.771588e-01 6.511379e-16 -8.788171e-01
    outer loop
      vertex   -4.131350e-02 2.776667e-02 1.148006e-01
      vertex   -4.266325e-02 5.853333e-02 1.155335e-01
      vertex   -4.131350e-02 5.853333e-02 1.148006e-01
    endloop
  endfacet
  facet normal -4.617486e-01 6.796031e-16 -8.870108e-01
    outer loop
      vertex   -4.131350e-02 2.776667e-02 1.148006e-01
      vertex   -4.131350e-02 5.853333e-02 1.148006e-01
      vertex   -3.995116e-02 2.776667e-02 1.140914e-01
    endloop
  endfacet
  facet normal -4.617486e-01 0.000000e+00 -8.870108e-01
    outer loop
      vertex   -3.995116e-02 2.776667e-02 1.140914e-01
      vertex   -4.131350e-02 5.853333e-02 1.148006e-01
      vertex   -3.995116e-02 5.853333e-02 1.140914e-01
    endloop
  endfacet
  facet normal -4.461978e-01 0.000000e+00 -8.949344e-01
    outer loop
      vertex   -3.995116e-02 2.776667e-02 1.140914e-01
      vertex   -3.995116e-02 5.853333e-02 1.140914e-01
      vertex   -3.857666e-02 2.776667e-02 1.134061e-01
    endloop
  endfacet
  facet normal -4.461978e-01 0.000000e+00 -8.949344e-01
    outer loop
      vertex   -3.857666e-02 2.776667e-02 1.134061e-01
      vertex   -3.995116e-02 5.853333e-02 1.140914e-01
      vertex   -3.857666e-02 5.853333e-02 1.134061e-01
    endloop
  endfacet
  facet normal -4.305111e-01 0.000000e+00 -9.025853e-01
    outer loop
      vertex   -3.857666e-02 2.776667e-02 1.134061e-01
      vertex   -3.857666e-02 5.853333e-02 1.134061e-01
      vertex   -3.719041e-02 2.776667e-02 1.127449e-01
    endloop
  endfacet
  facet normal -4.305111e-01 -4.854720e-16 -9.025853e-01
    outer loop
      vertex   -3.719041e-02 2.776667e-02 1.127449e-01
      vertex   -3.857666e-02 5.853333e-02 1.134061e-01
      vertex   -3.719041e-02 5.853333e-02 1.127449e-01
    endloop
  endfacet
  facet normal -4.146932e-01 -4.676347e-16 -9.099613e-01
    outer loop
      vertex   -3.719041e-02 2.776667e-02 1.127449e-01
      vertex   -3.719041e-02 5.853333e-02 1.127449e-01
      vertex   -3.579282e-02 2.776667e-02 1.121080e-01
    endloop
  endfacet
  facet normal -4.146932e-01 -1.870539e-16 -9.099613e-01
    outer loop
      vertex   -3.579282e-02 2.776667e-02 1.121080e-01
      vertex   -3.719041e-02 5.853333e-02 1.127449e-01
      vertex   -3.579282e-02 5.853333e-02 1.121080e-01
    endloop
  endfacet
  facet normal -3.987491e-01 -1.798620e-16 -9.170601e-01
    outer loop
      vertex   -3.579282e-02 2.776667e-02 1.121080e-01
      vertex   -3.579282e-02 5.853333e-02 1.121080e-01
      vertex   -3.438434e-02 2.776667e-02 1.114956e-01
    endloop
  endfacet
  facet normal -3.987491e-01 -1.798620e-16 -9.170601e-01
    outer loop
      vertex   -3.438434e-02 2.776667e-02 1.114956e-01
      vertex   -3.579282e-02 5.853333e-02 1.121080e-01
      vertex   -3.438434e-02 5.853333e-02 1.114956e-01
    endloop
  endfacet
  facet normal -3.826834e-01 -1.726154e-16 -9.238795e-01
    outer loop
      vertex   -3.438434e-02 2.776667e-02 1.114956e-01
      vertex   -3.438434e-02 5.853333e-02 1.114956e-01
      vertex   -3.296538e-02 2.776667e-02 1.109078e-01
    endloop
  endfacet
  facet normal -3.826834e-01 2.589231e-16 -9.238795e-01
    outer loop
      vertex   -3.296538e-02 2.776667e-02 1.109078e-01
      vertex   -3.438434e-02 5.853333e-02 1.114956e-01
      vertex   -3.296538e-02 5.853333e-02 1.109078e-01
    endloop
  endfacet
  facet normal -3.665012e-01 2.479742e-16 -9.304176e-01
    outer loop
      vertex   -3.296538e-02 2.776667e-02 1.109078e-01
      vertex   -3.296538e-02 5.853333e-02 1.109078e-01
      vertex   -3.153638e-02 2.776667e-02 1.103449e-01
    endloop
  endfacet
  facet normal -3.665012e-01 -6.740428e-16 -9.304176e-01
    outer loop
      vertex   -3.153638e-02 2.776667e-02 1.103449e-01
      vertex   -3.296538e-02 5.853333e-02 1.109078e-01
      vertex   -3.153638e-02 5.853333e-02 1.103449e-01
    endloop
  endfacet
  facet normal -3.502074e-01 -6.870348e-16 -9.366722e-01
    outer loop
      vertex   -3.153638e-02 2.776667e-02 1.103449e-01
      vertex   -3.153638e-02 5.853333e-02 1.103449e-01
      vertex   -3.009777e-02 2.776667e-02 1.098071e-01
    endloop
  endfacet
  facet normal -3.502074e-01 -2.369498e-16 -9.366722e-01
    outer loop
      vertex   -3.009777e-02 2.776667e-02 1.098071e-01
      vertex   -3.153638e-02 5.853333e-02 1.103449e-01
      vertex   -3.009777e-02 5.853333e-02 1.098071e-01
    endloop
  endfacet
  facet normal -3.338069e-01 -2.258532e-16 -9.426415e-01
    outer loop
      vertex   -3.009777e-02 2.776667e-02 1.098071e-01
      vertex   -3.009777e-02 5.853333e-02 1.098071e-01
      vertex   -2.865000e-02 2.776667e-02 1.092944e-01
    endloop
  endfacet
  facet normal -3.338069e-01 0.000000e+00 -9.426415e-01
    outer loop
      vertex   -2.865000e-02 2.776667e-02 1.092944e-01
      vertex   -3.009777e-02 5.853333e-02 1.098071e-01
      vertex   -2.865000e-02 5.853333e-02 1.092944e-01
    endloop
  endfacet
  facet normal -3.173047e-01 0.000000e+00 -9.483237e-01
    outer loop
      vertex   -2.865000e-02 2.776667e-02 1.092944e-01
      vertex   -2.865000e-02 5.853333e-02 1.092944e-01
      vertex   -2.719350e-02 2.776667e-02 1.088070e-01
    endloop
  endfacet
  facet normal -3.173047e-01 1.431252e-16 -9.483237e-01
    outer loop
      vertex   -2.719350e-02 2.776667e-02 1.088070e-01
      vertex   -2.865000e-02 5.853333e-02 1.092944e-01
      vertex   -2.719350e-02 5.853333e-02 1.088070e-01
    endloop
  endfacet
  facet normal -3.007058e-01 1.356381e-16 -9.537170e-01
    outer loop
      vertex   -2.719350e-02 2.776667e-02 1.088070e-01
      vertex   -2.719350e-02 5.853333e-02 1.088070e-01
      vertex   -2.572871e-02 2.776667e-02 1.083452e-01
    endloop
  endfacet
  facet normal -3.007058e-01 1.356381e-16 -9.537170e-01
    outer loop
      vertex   -2.572871e-02 2.776667e-02 1.083452e-01
      vertex   -2.719350e-02 5.853333e-02 1.088070e-01
      vertex   -2.572871e-02 5.853333e-02 1.083452e-01
    endloop
  endfacet
  facet normal -2.840153e-01 1.281096e-16 -9.588197e-01
    outer loop
      vertex   -2.572871e-02 2.776667e-02 1.083452e-01
      vertex   -2.572871e-02 5.853333e-02 1.083452e-01
      vertex   -2.425609e-02 2.776667e-02 1.079090e-01
    endloop
  endfacet
  facet normal -2.840153e-01 3.043811e-16 -9.588197e-01
    outer loop
      vertex   -2.425609e-02 2.776667e-02 1.079090e-01
      vertex   -2.572871e-02 5.853333e-02 1.083452e-01
      vertex   -2.425609e-02 5.853333e-02 1.079090e-01
    endloop
  endfacet
  facet normal -2.672384e-01 3.141186e-16 -9.636305e-01
    outer loop
      vertex   -2.425609e-02 2.776667e-02 1.079090e-01
      vertex   -2.425609e-02 5.853333e-02 1.079090e-01
      vertex   -2.277608e-02 2.776667e-02 1.074985e-01
    endloop
  endfacet
  facet normal -2.672384e-01 -1.506776e-16 -9.636305e-01
    outer loop
      vertex   -2.277608e-02 2.776667e-02 1.074985e-01
      vertex   -2.425609e-02 5.853333e-02 1.079090e-01
      vertex   -2.277608e-02 5.853333e-02 1.074985e-01
    endloop
  endfacet
  facet normal -2.503800e-01 -1.411723e-16 -9.681476e-01
    outer loop
      vertex   -2.277608e-02 2.776667e-02 1.074985e-01
      vertex   -2.277608e-02 5.853333e-02 1.074985e-01
      vertex   -2.128913e-02 2.776667e-02 1.071140e-01
    endloop
  endfacet
  facet normal -2.503800e-01 0.000000e+00 -9.681476e-01
    outer loop
      vertex   -2.128913e-02 2.776667e-02 1.071140e-01
      vertex   -2.277608e-02 5.853333e-02 1.074985e-01
      vertex   -2.128913e-02 5.853333e-02 1.071140e-01
    endloop
  endfacet
  facet normal -2.334454e-01 0.000000e+00 -9.723699e-01
    outer loop
      vertex   -2.128913e-02 2.776667e-02 1.071140e-01
      vertex   -2.128913e-02 5.853333e-02 1.071140e-01
      vertex   -1.979569e-02 2.776667e-02 1.067554e-01
    endloop
  endfacet
  facet normal -2.334454e-01 -3.069787e-16 -9.723699e-01
    outer loop
      vertex   -1.979569e-02 2.776667e-02 1.067554e-01
      vertex   -2.128913e-02 5.853333e-02 1.071140e-01
      vertex   -1.979569e-02 5.853333e-02 1.067554e-01
    endloop
  endfacet
  facet normal -2.164396e-01 -3.183380e-16 -9.762960e-01
    outer loop
      vertex   -1.979569e-02 2.776667e-02 1.067554e-01
      vertex   -1.979569e-02 5.853333e-02 1.067554e-01
      vertex   -1.829623e-02 2.776667e-02 1.064230e-01
    endloop
  endfacet
  facet normal -2.164396e-01 -2.939309e-16 -9.762960e-01
    outer loop
      vertex   -1.829623e-02 2.776667e-02 1.064230e-01
      vertex   -1.979569e-02 5.853333e-02 1.067554e-01
      vertex   -1.829623e-02 5.853333e-02 1.064230e-01
    endloop
  endfacet
  facet normal -1.993679e-01 -3.071184e-16 -9.799247e-01
    outer loop
      vertex   -1.829623e-02 2.776667e-02 1.064230e-01
      vertex   -1.829623e-02 5.853333e-02 1.064230e-01
      vertex   -1.679119e-02 2.776667e-02 1.061168e-01
    endloop
  endfacet
  facet normal -1.993679e-01 -1.124100e-16 -9.799247e-01
    outer loop
      vertex   -1.679119e-02 2.776667e-02 1.061168e-01
      vertex   -1.829623e-02 5.853333e-02 1.064230e-01
      vertex   -1.679119e-02 5.853333e-02 1.061168e-01
    endloop
  endfacet
  facet normal -1.822355e-01 -1.027502e-16 -9.832549e-01
    outer loop
      vertex   -1.679119e-02 2.776667e-02 1.061168e-01
      vertex   -1.679119e-02 5.853333e-02 1.061168e-01
      vertex   -1.528104e-02 2.776667e-02 1.058369e-01
    endloop
  endfacet
  facet normal -1.822355e-01 0.000000e+00 -9.832549e-01
    outer loop
      vertex   -1.528104e-02 2.776667e-02 1.058369e-01
      vertex   -1.679119e-02 5.853333e-02 1.061168e-01
      vertex   -1.528104e-02 5.853333e-02 1.058369e-01
    endloop
  endfacet
  facet normal -1.650476e-01 0.000000e+00 -9.862856e-01
    outer loop
      vertex   -1.528104e-02 2.776667e-02 1.058369e-01
      vertex   -1.528104e-02 5.853333e-02 1.058369e-01
      vertex   -1.376623e-02 2.776667e-02 1.055834e-01
    endloop
  endfacet
  facet normal -1.650476e-01 1.023651e-16 -9.862856e-01
    outer loop
      vertex   -1.376623e-02 2.776667e-02 1.055834e-01
      vertex   -1.528104e-02 5.853333e-02 1.058369e-01
      vertex   -1.376623e-02 5.853333e-02 1.055834e-01
    endloop
  endfacet
  facet normal -1.478094e-01 9.167366e-17 -9.890159e-01
    outer loop
      vertex   -1.376623e-02 2.776667e-02 1.055834e-01
      vertex   -1.376623e-02 5.853333e-02 1.055834e-01
      vertex   -1.224723e-02 2.776667e-02 1.053564e-01
    endloop
  endfacet
  facet normal -1.478094e-01 -8.005486e-16 -9.890159e-01
    outer loop
      vertex   -1.224723e-02 2.776667e-02 1.053564e-01
      vertex   -1.376623e-02 5.853333e-02 1.055834e-01
      vertex   -1.224723e-02 5.853333e-02 1.053564e-01
    endloop
  endfacet
  facet normal -1.305262e-01 -8.134592e-16 -9.914449e-01
    outer loop
      vertex   -1.224723e-02 2.776667e-02 1.053564e-01
      vertex   -1.224723e-02 5.853333e-02 1.053564e-01
      vertex   -1.072450e-02 2.776667e-02 1.051559e-01
    endloop
  endfacet
  facet normal -1.305262e-01 -8.095435e-17 -9.914449e-01
    outer loop
      vertex   -1.072450e-02 2.776667e-02 1.051559e-01
      vertex   -1.224723e-02 5.853333e-02 1.053564e-01
      vertex   -1.072450e-02 5.853333e-02 1.051559e-01
    endloop
  endfacet
  facet normal -1.132032e-01 -7.021037e-17 -9.935719e-01
    outer loop
      vertex   -1.072450e-02 2.776667e-02 1.051559e-01
      vertex   -1.072450e-02 5.853333e-02 1.051559e-01
      vertex   -9.198505e-03 2.776667e-02 1.049821e-01
    endloop
  endfacet
  facet normal -1.132032e-01 8.197392e-16 -9.935719e-01
    outer loop
      vertex   -9.198505e-03 2.776667e-02 1.049821e-01
      vertex   -1.072450e-02 5.853333e-02 1.051559e-01
      vertex   -9.198505e-03 5.853333e-02 1.049821e-01
    endloop
  endfacet
  facet normal -9.584575e-02 8.331291e-16 -9.953962e-01
    outer loop
      vertex   -9.198505e-03 2.776667e-02 1.049821e-01
      vertex   -9.198505e-03 5.853333e-02 1.049821e-01
      vertex   -7.669705e-03 2.776667e-02 1.048349e-01
    endloop
  endfacet
  facet normal -9.584575e-02 0.000000e+00 -9.953962e-01
    outer loop
      vertex   -7.669705e-03 2.776667e-02 1.048349e-01
      vertex   -9.198505e-03 5.853333e-02 1.049821e-01
      vertex   -7.669705e-03 5.853333e-02 1.048349e-01
    endloop
  endfacet
  facet normal -7.845910e-02 0.000000e+00 -9.969173e-01
    outer loop
      vertex   -7.669705e-03 2.776667e-02 1.048349e-01
      vertex   -7.669705e-03 5.853333e-02 1.048349e-01
      vertex   -6.138570e-03 2.776667e-02 1.047144e-01
    endloop
  endfacet
  facet normal -7.845910e-02 4.866153e-17 -9.969173e-01
    outer loop
      vertex   -6.138570e-03 2.776667e-02 1.047144e-01
      vertex   -7.669705e-03 5.853333e-02 1.048349e-01
      vertex   -6.138570e-03 5.853333e-02 1.047144e-01
    endloop
  endfacet
  facet normal -6.104854e-02 3.786324e-17 -9.981348e-01
    outer loop
      vertex   -6.138570e-03 2.776667e-02 1.047144e-01
      vertex   -6.138570e-03 5.853333e-02 1.047144e-01
      vertex   -4.605564e-03 2.776667e-02 1.046206e-01
    endloop
  endfacet
  facet normal -6.104854e-02 3.786324e-17 -9.981348e-01
    outer loop
      vertex   -4.605564e-03 2.776667e-02 1.046206e-01
      vertex   -6.138570e-03 5.853333e-02 1.047144e-01
      vertex   -4.605564e-03 5.853333e-02 1.046206e-01
    endloop
  endfacet
  facet normal -4.361939e-02 2.705341e-17 -9.990482e-01
    outer loop
      vertex   -4.605564e-03 2.776667e-02 1.046206e-01
      vertex   -4.605564e-03 5.853333e-02 1.046206e-01
      vertex   -3.071156e-03 2.776667e-02 1.045536e-01
    endloop
  endfacet
  facet normal -4.361939e-02 -2.766826e-17 -9.990482e-01
    outer loop
      vertex   -3.071156e-03 2.776667e-02 1.045536e-01
      vertex   -4.605564e-03 5.853333e-02 1.046206e-01
      vertex   -3.071156e-03 5.853333e-02 1.045536e-01
    endloop
  endfacet
  facet normal -2.617695e-02 -1.660433e-17 -9.996573e-01
    outer loop
      vertex   -3.071156e-03 2.776667e-02 1.045536e-01
      vertex   -3.071156e-03 5.853333e-02 1.045536e-01
      vertex   -1.535812e-03 2.776667e-02 1.045134e-01
    endloop
  endfacet
  facet normal -2.617695e-02 0.000000e+00 -9.996573e-01
    outer loop
      vertex   -1.535812e-03 2.776667e-02 1.045134e-01
      vertex   -3.071156e-03 5.853333e-02 1.045536e-01
      vertex   -1.535812e-03 5.853333e-02 1.045134e-01
    endloop
  endfacet
  facet normal -8.726535e-03 0.000000e+00 -9.999619e-01
    outer loop
      vertex   -1.535812e-03 2.776667e-02 1.045134e-01
      vertex   -1.535812e-03 5.853333e-02 1.045134e-01
      vertex   -1.415148e-17 2.776667e-02 1.045000e-01
    endloop
  endfacet
  facet normal -8.726535e-03 5.542227e-18 -9.999619e-01
    outer loop
      vertex   -1.415148e-17 2.776667e-02 1.045000e-01
      vertex   -1.535812e-03 5.853333e-02 1.045134e-01
      vertex   5.388446e-18 5.853333e-02 1.045000e-01
    endloop
  endfacet
  facet normal 8.726535e-03 -5.542227e-18 -9.999619e-01
    outer loop
      vertex   -1.415148e-17 2.776667e-02 1.045000e-01
      vertex   5.388446e-18 5.853333e-02 1.045000e-01
      vertex   1.535812e-03 2.776667e-02 1.045134e-01
    endloop
  endfacet
  facet normal 8.726535e-03 -5.535339e-18 -9.999619e-01
    outer loop
      vertex   1.535812e-03 2.776667e-02 1.045134e-01
      vertex   5.388446e-18 5.853333e-02 1.045000e-01
      vertex   1.535812e-03 5.853333e-02 1.045134e-01
    endloop
  endfacet
  facet normal 2.617695e-02 -1.660433e-17 -9.996573e-01
    outer loop
      vertex   1.535812e-03 2.776667e-02 1.045134e-01
      vertex   1.535812e-03 5.853333e-02 1.045134e-01
      vertex   3.071156e-03 2.776667e-02 1.045536e-01
    endloop
  endfacet
  facet normal 2.617695e-02 1.660433e-17 -9.996573e-01
    outer loop
      vertex   3.071156e-03 2.776667e-02 1.045536e-01
      vertex   1.535812e-03 5.853333e-02 1.045134e-01
      vertex   3.071156e-03 5.853333e-02 1.045536e-01
    endloop
  endfacet
  facet normal 4.361939e-02 2.766826e-17 -9.990482e-01
    outer loop
      vertex   3.071156e-03 2.776667e-02 1.045536e-01
      vertex   3.071156e-03 5.853333e-02 1.045536e-01
      vertex   4.605564e-03 2.776667e-02 1.046206e-01
    endloop
  endfacet
  facet normal 4.361939e-02 0.000000e+00 -9.990482e-01
    outer loop
      vertex   4.605564e-03 2.776667e-02 1.046206e-01
      vertex   3.071156e-03 5.853333e-02 1.045536e-01
      vertex   4.605564e-03 5.853333e-02 1.046206e-01
    endloop
  endfacet
  facet normal 6.104854e-02 0.000000e+00 -9.981348e-01
    outer loop
      vertex   4.605564e-03 2.776667e-02 1.046206e-01
      vertex   4.605564e-03 5.853333e-02 1.046206e-01
      vertex   6.138570e-03 2.776667e-02 1.047144e-01
    endloop
  endfacet
  facet normal 6.104854e-02 0.000000e+00 -9.981348e-01
    outer loop
      vertex   6.138570e-03 2.776667e-02 1.047144e-01
      vertex   4.605564e-03 5.853333e-02 1.046206e-01
      vertex   6.138570e-03 5.853333e-02 1.047144e-01
    endloop
  endfacet
  facet normal 7.845910e-02 0.000000e+00 -9.969173e-01
    outer loop
      vertex   6.138570e-03 2.776667e-02 1.047144e-01
      vertex   6.138570e-03 5.853333e-02 1.047144e-01
      vertex   7.669705e-03 2.776667e-02 1.048349e-01
    endloop
  endfacet
  facet normal 7.845910e-02 -5.087342e-17 -9.969173e-01
    outer loop
      vertex   7.669705e-03 2.776667e-02 1.048349e-01
      vertex   6.138570e-03 5.853333e-02 1.047144e-01
      vertex   7.669705e-03 5.853333e-02 1.048349e-01
    endloop
  endfacet
  facet normal 9.584575e-02 -6.214705e-17 -9.953962e-01
    outer loop
      vertex   7.669705e-03 2.776667e-02 1.048349e-01
      vertex   7.669705e-03 5.853333e-02 1.048349e-01
      vertex   9.198505e-03 2.776667e-02 1.049821e-01
    endloop
  endfacet
  facet normal 9.584575e-02 8.385331e-16 -9.953962e-01
    outer loop
      vertex   9.198505e-03 2.776667e-02 1.049821e-01
      vertex   7.669705e-03 5.853333e-02 1.048349e-01
      vertex   9.198505e-03 5.853333e-02 1.049821e-01
    endloop
  endfacet
  facet normal 1.132032e-01 8.261220e-16 -9.935719e-01
    outer loop
      vertex   9.198505e-03 2.776667e-02 1.049821e-01
      vertex   9.198505e-03 5.853333e-02 1.049821e-01
      vertex   1.072450e-02 2.776667e-02 1.051559e-01
    endloop
  endfacet
  facet normal 1.132032e-01 7.021037e-17 -9.935719e-01
    outer loop
      vertex   1.072450e-02 2.776667e-02 1.051559e-01
      vertex   9.198505e-03 5.853333e-02 1.049821e-01
      vertex   1.072450e-02 5.853333e-02 1.051559e-01
    endloop
  endfacet
  facet normal 1.305262e-01 8.095435e-17 -9.914449e-01
    outer loop
      vertex   1.072450e-02 2.776667e-02 1.051559e-01
      vertex   1.072450e-02 5.853333e-02 1.051559e-01
      vertex   1.224723e-02 2.776667e-02 1.053564e-01
    endloop
  endfacet
  facet normal 1.305262e-01 0.000000e+00 -9.914449e-01
    outer loop
      vertex   1.224723e-02 2.776667e-02 1.053564e-01
      vertex   1.072450e-02 5.853333e-02 1.051559e-01
      vertex   1.224723e-02 5.853333e-02 1.053564e-01
    endloop
  endfacet
  facet normal 1.478094e-01 0.000000e+00 -9.890159e-01
    outer loop
      vertex   1.224723e-02 2.776667e-02 1.053564e-01
      vertex   1.224723e-02 5.853333e-02 1.053564e-01
      vertex   1.376623e-02 2.776667e-02 1.055834e-01
    endloop
  endfacet
  facet normal 1.478094e-01 -9.167366e-17 -9.890159e-01
    outer loop
      vertex   1.376623e-02 2.776667e-02 1.055834e-01
      vertex   1.224723e-02 5.853333e-02 1.053564e-01
      vertex   1.376623e-02 5.853333e-02 1.055834e-01
    endloop
  endfacet
  facet normal 1.650476e-01 -1.023651e-16 -9.862856e-01
    outer loop
      vertex   1.376623e-02 2.776667e-02 1.055834e-01
      vertex   1.376623e-02 5.853333e-02 1.055834e-01
      vertex   1.528104e-02 2.776667e-02 1.058369e-01
    endloop
  endfacet
  facet normal 1.650476e-01 -9.305914e-17 -9.862856e-01
    outer loop
      vertex   1.528104e-02 2.776667e-02 1.058369e-01
      vertex   1.376623e-02 5.853333e-02 1.055834e-01
      vertex   1.528104e-02 5.853333e-02 1.058369e-01
    endloop
  endfacet
  facet normal 1.822355e-01 -1.027502e-16 -9.832549e-01
    outer loop
      vertex   1.528104e-02 2.776667e-02 1.058369e-01
      vertex   1.528104e-02 5.853333e-02 1.058369e-01
      vertex   1.679119e-02 2.776667e-02 1.061168e-01
    endloop
  endfacet
  facet normal 1.822355e-01 -3.407623e-16 -9.832549e-01
    outer loop
      vertex   1.679119e-02 2.776667e-02 1.061168e-01
      vertex   1.528104e-02 5.853333e-02 1.058369e-01
      vertex   1.679119e-02 5.853333e-02 1.061168e-01
    endloop
  endfacet
  facet normal 1.993679e-01 -3.296004e-16 -9.799247e-01
    outer loop
      vertex   1.679119e-02 2.776667e-02 1.061168e-01
      vertex   1.679119e-02 5.853333e-02 1.061168e-01
      vertex   1.829623e-02 2.776667e-02 1.064230e-01
    endloop
  endfacet
  facet normal 1.993679e-01 0.000000e+00 -9.799247e-01
    outer loop
      vertex   1.829623e-02 2.776667e-02 1.064230e-01
      vertex   1.679119e-02 5.853333e-02 1.061168e-01
      vertex   1.829623e-02 5.853333e-02 1.064230e-01
    endloop
  endfacet
  facet normal 2.164396e-01 0.000000e+00 -9.762960e-01
    outer loop
      vertex   1.829623e-02 2.776667e-02 1.064230e-01
      vertex   1.829623e-02 5.853333e-02 1.064230e-01
      vertex   1.979569e-02 2.776667e-02 1.067554e-01
    endloop
  endfacet
  facet normal 2.164396e-01 0.000000e+00 -9.762960e-01
    outer loop
      vertex   1.979569e-02 2.776667e-02 1.067554e-01
      vertex   1.829623e-02 5.853333e-02 1.064230e-01
      vertex   1.979569e-02 5.853333e-02 1.067554e-01
    endloop
  endfacet
  facet normal 2.334454e-01 0.000000e+00 -9.723699e-01
    outer loop
      vertex   1.979569e-02 2.776667e-02 1.067554e-01
      vertex   1.979569e-02 5.853333e-02 1.067554e-01
      vertex   2.128913e-02 2.776667e-02 1.071140e-01
    endloop
  endfacet
  facet normal 2.334454e-01 2.543291e-16 -9.723699e-01
    outer loop
      vertex   2.128913e-02 2.776667e-02 1.071140e-01
      vertex   1.979569e-02 5.853333e-02 1.067554e-01
      vertex   2.128913e-02 5.853333e-02 1.071140e-01
    endloop
  endfacet
  facet normal 2.503800e-01 2.390570e-16 -9.681476e-01
    outer loop
      vertex   2.128913e-02 2.776667e-02 1.071140e-01
      vertex   2.128913e-02 5.853333e-02 1.071140e-01
      vertex   2.277608e-02 2.776667e-02 1.074985e-01
    endloop
  endfacet
  facet normal 2.503800e-01 -1.694067e-16 -9.681476e-01
    outer loop
      vertex   2.277608e-02 2.776667e-02 1.074985e-01
      vertex   2.128913e-02 5.853333e-02 1.071140e-01
      vertex   2.277608e-02 5.853333e-02 1.074985e-01
    endloop
  endfacet
  facet normal 2.672384e-01 -1.808131e-16 -9.636305e-01
    outer loop
      vertex   2.277608e-02 2.776667e-02 1.074985e-01
      vertex   2.277608e-02 5.853333e-02 1.074985e-01
      vertex   2.425609e-02 2.776667e-02 1.079090e-01
    endloop
  endfacet
  facet normal 2.672384e-01 -2.839831e-16 -9.636305e-01
    outer loop
      vertex   2.425609e-02 2.776667e-02 1.079090e-01
      vertex   2.277608e-02 5.853333e-02 1.074985e-01
      vertex   2.425609e-02 5.853333e-02 1.079090e-01
    endloop
  endfacet
  facet normal 2.840153e-01 -2.723537e-16 -9.588197e-01
    outer loop
      vertex   2.425609e-02 2.776667e-02 1.079090e-01
      vertex   2.425609e-02 5.853333e-02 1.079090e-01
      vertex   2.572871e-02 2.776667e-02 1.083452e-01
    endloop
  endfacet
  facet normal 2.840153e-01 0.000000e+00 -9.588197e-01
    outer loop
      vertex   2.572871e-02 2.776667e-02 1.083452e-01
      vertex   2.425609e-02 5.853333e-02 1.079090e-01
      vertex   2.572871e-02 5.853333e-02 1.083452e-01
    endloop
  endfacet
  facet normal 3.007058e-01 0.000000e+00 -9.537170e-01
    outer loop
      vertex   2.572871e-02 2.776667e-02 1.083452e-01
      vertex   2.572871e-02 5.853333e-02 1.083452e-01
      vertex   2.719350e-02 2.776667e-02 1.088070e-01
    endloop
  endfacet
  facet normal 3.007058e-01 -1.356381e-16 -9.537170e-01
    outer loop
      vertex   2.719350e-02 2.776667e-02 1.088070e-01
      vertex   2.572871e-02 5.853333e-02 1.083452e-01
      vertex   2.719350e-02 5.853333e-02 1.088070e-01
    endloop
  endfacet
  facet normal 3.173047e-01 -1.431252e-16 -9.483237e-01
    outer loop
      vertex   2.719350e-02 2.776667e-02 1.088070e-01
      vertex   2.719350e-02 5.853333e-02 1.088070e-01
      vertex   2.865000e-02 2.776667e-02 1.092944e-01
    endloop
  endfacet
  facet normal 3.173047e-01 2.130684e-16 -9.483237e-01
    outer loop
      vertex   2.865000e-02 2.776667e-02 1.092944e-01
      vertex   2.719350e-02 5.853333e-02 1.088070e-01
      vertex   2.865000e-02 5.853333e-02 1.092944e-01
    endloop
  endfacet
  facet normal 3.338069e-01 1.993400e-16 -9.426415e-01
    outer loop
      vertex   2.865000e-02 2.776667e-02 1.092944e-01
      vertex   2.865000e-02 5.853333e-02 1.092944e-01
      vertex   3.009777e-02 2.776667e-02 1.098071e-01
    endloop
  endfacet
  facet normal 3.338069e-01 0.000000e+00 -9.426415e-01
    outer loop
      vertex   3.009777e-02 2.776667e-02 1.098071e-01
      vertex   2.865000e-02 5.853333e-02 1.092944e-01
      vertex   3.009777e-02 5.853333e-02 1.098071e-01
    endloop
  endfacet
  facet normal 3.502074e-01 0.000000e+00 -9.366722e-01
    outer loop
      vertex   3.009777e-02 2.776667e-02 1.098071e-01
      vertex   3.009777e-02 5.853333e-02 1.098071e-01
      vertex   3.153638e-02 2.776667e-02 1.103449e-01
    endloop
  endfacet
  facet normal 3.502074e-01 -2.369498e-16 -9.366722e-01
    outer loop
      vertex   3.153638e-02 2.776667e-02 1.103449e-01
      vertex   3.009777e-02 5.853333e-02 1.098071e-01
      vertex   3.153638e-02 5.853333e-02 1.103449e-01
    endloop
  endfacet
  facet normal 3.665012e-01 -2.479742e-16 -9.304176e-01
    outer loop
      vertex   3.153638e-02 2.776667e-02 1.103449e-01
      vertex   3.153638e-02 5.853333e-02 1.103449e-01
      vertex   3.296538e-02 2.776667e-02 1.109078e-01
    endloop
  endfacet
  facet normal 3.665012e-01 0.000000e+00 -9.304176e-01
    outer loop
      vertex   3.296538e-02 2.776667e-02 1.109078e-01
      vertex   3.153638e-02 5.853333e-02 1.103449e-01
      vertex   3.296538e-02 5.853333e-02 1.109078e-01
    endloop
  endfacet
  facet normal 3.826834e-01 0.000000e+00 -9.238795e-01
    outer loop
      vertex   3.296538e-02 2.776667e-02 1.109078e-01
      vertex   3.296538e-02 5.853333e-02 1.109078e-01
      vertex   3.438434e-02 2.776667e-02 1.114956e-01
    endloop
  endfacet
  facet normal 3.826834e-01 1.578073e-16 -9.238795e-01
    outer loop
      vertex   3.438434e-02 2.776667e-02 1.114956e-01
      vertex   3.296538e-02 5.853333e-02 1.109078e-01
      vertex   3.438434e-02 5.853333e-02 1.114956e-01
    endloop
  endfacet
  facet normal 3.987491e-01 1.438613e-16 -9.170601e-01
    outer loop
      vertex   3.438434e-02 2.776667e-02 1.114956e-01
      vertex   3.438434e-02 5.853333e-02 1.114956e-01
      vertex   3.579282e-02 2.776667e-02 1.121080e-01
    endloop
  endfacet
  facet normal 3.987491e-01 1.438613e-16 -9.170601e-01
    outer loop
      vertex   3.579282e-02 2.776667e-02 1.121080e-01
      vertex   3.438434e-02 5.853333e-02 1.114956e-01
      vertex   3.579282e-02 5.853333e-02 1.121080e-01
    endloop
  endfacet
  facet normal 4.146932e-01 1.298715e-16 -9.099613e-01
    outer loop
      vertex   3.579282e-02 2.776667e-02 1.121080e-01
      vertex   3.579282e-02 5.853333e-02 1.121080e-01
      vertex   3.719041e-02 2.776667e-02 1.127449e-01
    endloop
  endfacet
  facet normal 4.146932e-01 -2.233984e-16 -9.099613e-01
    outer loop
      vertex   3.719041e-02 2.776667e-02 1.127449e-01
      vertex   3.579282e-02 5.853333e-02 1.121080e-01
      vertex   3.719041e-02 5.853333e-02 1.127449e-01
    endloop
  endfacet
  facet normal 4.305111e-01 -2.129365e-16 -9.025853e-01
    outer loop
      vertex   3.719041e-02 2.776667e-02 1.127449e-01
      vertex   3.719041e-02 5.853333e-02 1.127449e-01
      vertex   3.857666e-02 2.776667e-02 1.134061e-01
    endloop
  endfacet
  facet normal 4.305111e-01 -2.912832e-16 -9.025853e-01
    outer loop
      vertex   3.857666e-02 2.776667e-02 1.134061e-01
      vertex   3.719041e-02 5.853333e-02 1.127449e-01
      vertex   3.857666e-02 5.853333e-02 1.134061e-01
    endloop
  endfacet
  facet normal 4.461978e-01 -3.018968e-16 -8.949344e-01
    outer loop
      vertex   3.857666e-02 2.776667e-02 1.134061e-01
      vertex   3.857666e-02 5.853333e-02 1.134061e-01
      vertex   3.995116e-02 2.776667e-02 1.140914e-01
    endloop
  endfacet
  facet normal 4.461978e-01 -2.012645e-16 -8.949344e-01
    outer loop
      vertex   3.995116e-02 2.776667e-02 1.140914e-01
      vertex   3.857666e-02 5.853333e-02 1.134061e-01
      vertex   3.995116e-02 5.853333e-02 1.140914e-01
    endloop
  endfacet
  facet normal 4.617486e-01 -2.082790e-16 -8.870108e-01
    outer loop
      vertex   3.995116e-02 2.776667e-02 1.140914e-01
      vertex   3.995116e-02 5.853333e-02 1.140914e-01
      vertex   4.131350e-02 2.776667e-02 1.148006e-01
    endloop
  endfacet
  facet normal 4.617486e-01 -1.645776e-17 -8.870108e-01
    outer loop
      vertex   4.131350e-02 2.776667e-02 1.148006e-01
      vertex   3.995116e-02 5.853333e-02 1.140914e-01
      vertex   4.131350e-02 5.853333e-02 1.148006e-01
    endloop
  endfacet
  facet normal 4.771588e-01 -3.405564e-17 -8.788171e-01
    outer loop
      vertex   4.131350e-02 2.776667e-02 1.148006e-01
      vertex   4.131350e-02 5.853333e-02 1.148006e-01
      vertex   4.266325e-02 2.776667e-02 1.155335e-01
    endloop
  endfacet
  facet normal 4.771588e-01 -7.355933e-17 -8.788171e-01
    outer loop
      vertex   4.266325e-02 2.776667e-02 1.155335e-01
      vertex   4.131350e-02 5.853333e-02 1.148006e-01
      vertex   4.266325e-02 5.853333e-02 1.155335e-01
    endloop
  endfacet
  facet normal 4.924236e-01 -5.941453e-17 -8.703557e-01
    outer loop
      vertex   4.266325e-02 2.776667e-02 1.155335e-01
      vertex   4.266325e-02 5.853333e-02 1.155335e-01
      vertex   4.400000e-02 2.776667e-02 1.162898e-01
    endloop
  endfacet
  facet normal 4.924236e-01 0.000000e+00 -8.703557e-01
    outer loop
      vertex   4.400000e-02 2.776667e-02 1.162898e-01
      vertex   4.266325e-02 5.853333e-02 1.155335e-01
      vertex   4.400000e-02 5.853333e-02 1.162898e-01
    endloop
  endfacet
  facet normal 5.075384e-01 0.000000e+00 -8.616292e-01
    outer loop
      vertex   4.400000e-02 2.776667e-02 1.162898e-01
      vertex   4.400000e-02 5.853333e-02 1.162898e-01
      vertex   4.532335e-02 2.776667e-02 1.170693e-01
    endloop
  endfacet
  facet normal 5.075384e-01 0.000000e+00 -8.616292e-01
    outer loop
      vertex   4.532335e-02 2.776667e-02 1.170693e-01
      vertex   4.400000e-02 5.853333e-02 1.162898e-01
      vertex   4.532335e-02 5.853333e-02 1.170693e-01
    endloop
  endfacet
  facet normal 5.224986e-01 0.000000e+00 -8.526402e-01
    outer loop
      vertex   4.532335e-02 2.776667e-02 1.170693e-01
      vertex   4.532335e-02 5.853333e-02 1.170693e-01
      vertex   4.663290e-02 2.776667e-02 1.178718e-01
    endloop
  endfacet
  facet normal 5.224986e-01 -3.535218e-16 -8.526402e-01
    outer loop
      vertex   4.663290e-02 2.776667e-02 1.178718e-01
      vertex   4.532335e-02 5.853333e-02 1.170693e-01
      vertex   4.663290e-02 5.853333e-02 1.178718e-01
    endloop
  endfacet
  facet normal 5.372996e-01 -3.635361e-16 -8.433914e-01
    outer loop
      vertex   4.663290e-02 2.776667e-02 1.178718e-01
      vertex   4.663290e-02 5.853333e-02 1.178718e-01
      vertex   4.792824e-02 2.776667e-02 1.186970e-01
    endloop
  endfacet
  facet normal 5.372996e-01 1.688882e-17 -8.433914e-01
    outer loop
      vertex   4.792824e-02 2.776667e-02 1.186970e-01
      vertex   4.663290e-02 5.853333e-02 1.178718e-01
      vertex   4.792824e-02 5.853333e-02 1.186970e-01
    endloop
  endfacet
  facet normal 5.519370e-01 2.697528e-18 -8.338858e-01
    outer loop
      vertex   4.792824e-02 2.776667e-02 1.186970e-01
      vertex   4.792824e-02 5.853333e-02 1.186970e-01
      vertex   4.920898e-02 2.776667e-02 1.195447e-01
    endloop
  endfacet
  facet normal 5.519370e-01 2.489598e-16 -8.338858e-01
    outer loop
      vertex   4.920898e-02 2.776667e-02 1.195447e-01
      vertex   4.792824e-02 5.853333e-02 1.186970e-01
      vertex   4.920898e-02 5.853333e-02 1.195447e-01
    endloop
  endfacet
  facet normal 5.664062e-01 2.554864e-16 -8.241262e-01
    outer loop
      vertex   4.920898e-02 2.776667e-02 1.195447e-01
      vertex   4.920898e-02 5.853333e-02 1.195447e-01
      vertex   5.047473e-02 2.776667e-02 1.204146e-01
    endloop
  endfacet
  facet normal 5.664062e-01 3.717351e-16 -8.241262e-01
    outer loop
      vertex   5.047473e-02 2.776667e-02 1.204146e-01
      vertex   4.920898e-02 5.853333e-02 1.195447e-01
      vertex   5.047473e-02 5.853333e-02 1.204146e-01
    endloop
  endfacet
  facet normal 5.807030e-01 3.672196e-16 -8.141155e-01
    outer loop
      vertex   5.047473e-02 2.776667e-02 1.204146e-01
      vertex   5.047473e-02 5.853333e-02 1.204146e-01
      vertex   5.172510e-02 2.776667e-02 1.213065e-01
    endloop
  endfacet
  facet normal 5.807030e-01 0.000000e+00 -8.141155e-01
    outer loop
      vertex   5.172510e-02 2.776667e-02 1.213065e-01
      vertex   5.047473e-02 5.853333e-02 1.204146e-01
      vertex   5.172510e-02 5.853333e-02 1.213065e-01
    endloop
  endfacet
  facet normal 5.948228e-01 0.000000e+00 -8.038569e-01
    outer loop
      vertex   5.172510e-02 2.776667e-02 1.213065e-01
      vertex   5.172510e-02 5.853333e-02 1.213065e-01
      vertex   5.295972e-02 2.776667e-02 1.222201e-01
    endloop
  endfacet
  facet normal 5.948228e-01 -3.986398e-17 -8.038569e-01
    outer loop
      vertex   5.295972e-02 2.776667e-02 1.222201e-01
      vertex   5.172510e-02 5.853333e-02 1.213065e-01
      vertex   5.295972e-02 5.853333e-02 1.222201e-01
    endloop
  endfacet
  facet normal 6.087614e-01 -5.403262e-17 -7.933533e-01
    outer loop
      vertex   5.295972e-02 2.776667e-02 1.222201e-01
      vertex   5.295972e-02 5.853333e-02 1.222201e-01
      vertex   5.417821e-02 2.776667e-02 1.231551e-01
    endloop
  endfacet
  facet normal 6.087614e-01 0.000000e+00 -7.933533e-01
    outer loop
      vertex   5.417821e-02 2.776667e-02 1.231551e-01
      vertex   5.295972e-02 5.853333e-02 1.222201e-01
      vertex   5.417821e-02 5.853333e-02 1.231551e-01
    endloop
  endfacet
  facet normal 6.225146e-01 0.000000e+00 -7.826082e-01
    outer loop
      vertex   5.417821e-02 2.776667e-02 1.231551e-01
      vertex   5.417821e-02 5.853333e-02 1.231551e-01
      vertex   5.538019e-02 2.776667e-02 1.241112e-01
    endloop
  endfacet
  facet normal 6.225146e-01 0.000000e+00 -7.826082e-01
    outer loop
      vertex   5.538019e-02 2.776667e-02 1.241112e-01
      vertex   5.417821e-02 5.853333e-02 1.231551e-01
      vertex   5.538019e-02 5.853333e-02 1.241112e-01
    endloop
  endfacet
  facet normal 6.360782e-01 0.000000e+00 -7.716246e-01
    outer loop
      vertex   5.538019e-02 2.776667e-02 1.241112e-01
      vertex   5.538019e-02 5.853333e-02 1.241112e-01
      vertex   5.656531e-02 2.776667e-02 1.250881e-01
    endloop
  endfacet
  facet normal 6.360782e-01 -2.869131e-16 -7.716246e-01
    outer loop
      vertex   5.656531e-02 2.776667e-02 1.250881e-01
      vertex   5.538019e-02 5.853333e-02 1.241112e-01
      vertex   5.656531e-02 5.853333e-02 1.250881e-01
    endloop
  endfacet
  facet normal 6.494480e-01 -2.929437e-16 -7.604060e-01
    outer loop
      vertex   5.656531e-02 2.776667e-02 1.250881e-01
      vertex   5.656531e-02 5.853333e-02 1.250881e-01
      vertex   5.773319e-02 2.776667e-02 1.260856e-01
    endloop
  endfacet
  facet normal 6.494480e-01 -2.929437e-16 -7.604060e-01
    outer loop
      vertex   5.773319e-02 2.776667e-02 1.260856e-01
      vertex   5.656531e-02 5.853333e-02 1.250881e-01
      vertex   5.773319e-02 5.853333e-02 1.260856e-01
    endloop
  endfacet
  facet normal 6.626200e-01 -2.988852e-16 -7.489557e-01
    outer loop
      vertex   5.773319e-02 2.776667e-02 1.260856e-01
      vertex   5.773319e-02 5.853333e-02 1.260856e-01
      vertex   5.888349e-02 2.776667e-02 1.271033e-01
    endloop
  endfacet
  facet normal 6.626200e-01 7.535426e-16 -7.489557e-01
    outer loop
      vertex   5.888349e-02 2.776667e-02 1.271033e-01
      vertex   5.773319e-02 5.853333e-02 1.260856e-01
      vertex   5.888349e-02 5.853333e-02 1.271033e-01
    endloop
  endfacet
  facet normal 6.755902e-01 7.207709e-16 -7.372773e-01
    outer loop
      vertex   5.888349e-02 2.776667e-02 1.271033e-01
      vertex   5.888349e-02 5.853333e-02 1.271033e-01
      vertex   6.001586e-02 2.776667e-02 1.281409e-01
    endloop
  endfacet
  facet normal 6.755902e-01 0.000000e+00 -7.372773e-01
    outer loop
      vertex   6.001586e-02 2.776667e-02 1.281409e-01
      vertex   5.888349e-02 5.853333e-02 1.271033e-01
      vertex   6.001586e-02 5.853333e-02 1.281409e-01
    endloop
  endfacet
  facet normal 6.883546e-01 0.000000e+00 -7.253744e-01
    outer loop
      vertex   6.001586e-02 2.776667e-02 1.281409e-01
      vertex   6.001586e-02 5.853333e-02 1.281409e-01
      vertex   6.112994e-02 2.776667e-02 1.291981e-01
    endloop
  endfacet
  facet normal 6.883546e-01 0.000000e+00 -7.253744e-01
    outer loop
      vertex   6.112994e-02 2.776667e-02 1.291981e-01
      vertex   6.001586e-02 5.853333e-02 1.281409e-01
      vertex   6.112994e-02 5.853333e-02 1.291981e-01
    endloop
  endfacet
  facet normal 7.009093e-01 0.000000e+00 -7.132504e-01
    outer loop
      vertex   6.112994e-02 2.776667e-02 1.291981e-01
      vertex   6.112994e-02 5.853333e-02 1.291981e-01
      vertex   6.222540e-02 2.776667e-02 1.302746e-01
    endloop
  endfacet
  facet normal 7.009093e-01 -3.161561e-16 -7.132504e-01
    outer loop
      vertex   6.222540e-02 2.776667e-02 1.302746e-01
      vertex   6.112994e-02 5.853333e-02 1.291981e-01
      vertex   6.222540e-02 5.853333e-02 1.302746e-01
    endloop
  endfacet
  facet normal 7.132504e-01 -3.217228e-16 -7.009093e-01
    outer loop
      vertex   6.222540e-02 2.776667e-02 1.302746e-01
      vertex   6.222540e-02 5.853333e-02 1.302746e-01
      vertex   6.330190e-02 2.776667e-02 1.313701e-01
    endloop
  endfacet
  facet normal 7.132504e-01 3.105894e-16 -7.009093e-01
    outer loop
      vertex   6.330190e-02 2.776667e-02 1.313701e-01
      vertex   6.222540e-02 5.853333e-02 1.302746e-01
      vertex   6.330190e-02 5.853333e-02 1.313701e-01
    endloop
  endfacet
  facet normal 7.253744e-01 2.937948e-16 -6.883546e-01
    outer loop
      vertex   6.330190e-02 2.776667e-02 1.313701e-01
      vertex   6.330190e-02 5.853333e-02 1.313701e-01
      vertex   6.435913e-02 2.776667e-02 1.324842e-01
    endloop
  endfacet
  facet normal 7.253744e-01 0.000000e+00 -6.883546e-01
    outer loop
      vertex   6.435913e-02 2.776667e-02 1.324842e-01
      vertex   6.330190e-02 5.853333e-02 1.313701e-01
      vertex   6.435913e-02 5.853333e-02 1.324842e-01
    endloop
  endfacet
  facet normal 7.372773e-01 0.000000e+00 -6.755902e-01
    outer loop
      vertex   6.435913e-02 2.776667e-02 1.324842e-01
      vertex   6.435913e-02 5.853333e-02 1.324842e-01
      vertex   6.539674e-02 2.776667e-02 1.336165e-01
    endloop
  endfacet
  facet normal 7.372773e-01 0.000000e+00 -6.755902e-01
    outer loop
      vertex   6.539674e-02 2.776667e-02 1.336165e-01
      vertex   6.435913e-02 5.853333e-02 1.324842e-01
      vertex   6.539674e-02 5.853333e-02 1.336165e-01
    endloop
  endfacet
  facet normal 7.489557e-01 0.000000e+00 -6.626200e-01
    outer loop
      vertex   6.539674e-02 2.776667e-02 1.336165e-01
      vertex   6.539674e-02 5.853333e-02 1.336165e-01
      vertex   6.641444e-02 2.776667e-02 1.347668e-01
    endloop
  endfacet
  facet normal 7.489557e-01 0.000000e+00 -6.626200e-01
    outer loop
      vertex   6.641444e-02 2.776667e-02 1.347668e-01
      vertex   6.539674e-02 5.853333e-02 1.336165e-01
      vertex   6.641444e-02 5.853333e-02 1.347668e-01
    endloop
  endfacet
  facet normal 7.604060e-01 0.000000e+00 -6.494480e-01
    outer loop
      vertex   6.641444e-02 2.776667e-02 1.347668e-01
      vertex   6.641444e-02 5.853333e-02 1.347668e-01
      vertex   6.741191e-02 2.776667e-02 1.359347e-01
    endloop
  endfacet
  facet normal 7.604060e-01 2.428944e-16 -6.494480e-01
    outer loop
      vertex   6.741191e-02 2.776667e-02 1.359347e-01
      vertex   6.641444e-02 5.853333e-02 1.347668e-01
      vertex   6.741191e-02 5.853333e-02 1.359347e-01
    endloop
  endfacet
  facet normal 7.716246e-01 2.257727e-16 -6.360782e-01
    outer loop
      vertex   6.741191e-02 2.776667e-02 1.359347e-01
      vertex   6.741191e-02 5.853333e-02 1.359347e-01
      vertex   6.838884e-02 2.776667e-02 1.371198e-01
    endloop
  endfacet
  facet normal 7.716246e-01 7.995989e-16 -6.360782e-01
    outer loop
      vertex   6.838884e-02 2.776667e-02 1.371198e-01
      vertex   6.741191e-02 5.853333e-02 1.359347e-01
      vertex   6.838884e-02 5.853333e-02 1.371198e-01
    endloop
  endfacet
  facet normal 7.826082e-01 7.701723e-16 -6.225146e-01
    outer loop
      vertex   6.838884e-02 2.776667e-02 1.371198e-01
      vertex   6.838884e-02 5.853333e-02 1.371198e-01
      vertex   6.934495e-02 2.776667e-02 1.383218e-01
    endloop
  endfacet
  facet normal 7.826082e-01 -3.530077e-16 -6.225146e-01
    outer loop
      vertex   6.934495e-02 2.776667e-02 1.383218e-01
      vertex   6.838884e-02 5.853333e-02 1.371198e-01
      vertex   6.934495e-02 5.853333e-02 1.383218e-01
    endloop
  endfacet
  facet normal 7.933533e-01 -3.578545e-16 -6.087614e-01
    outer loop
      vertex   6.934495e-02 2.776667e-02 1.383218e-01
      vertex   6.934495e-02 5.853333e-02 1.383218e-01
      vertex   7.027992e-02 2.776667e-02 1.395403e-01
    endloop
  endfacet
  facet normal 7.933533e-01 0.000000e+00 -6.087614e-01
    outer loop
      vertex   7.027992e-02 2.776667e-02 1.395403e-01
      vertex   6.934495e-02 5.853333e-02 1.383218e-01
      vertex   7.027992e-02 5.853333e-02 1.395403e-01
    endloop
  endfacet
  facet normal 8.038569e-01 0.000000e+00 -5.948228e-01
    outer loop
      vertex   7.027992e-02 2.776667e-02 1.395403e-01
      vertex   7.027992e-02 5.853333e-02 1.395403e-01
      vertex   7.119350e-02 2.776667e-02 1.407749e-01
    endloop
  endfacet
  facet normal 8.038569e-01 5.366083e-16 -5.948228e-01
    outer loop
      vertex   7.119350e-02 2.776667e-02 1.407749e-01
      vertex   7.027992e-02 5.853333e-02 1.395403e-01
      vertex   7.119350e-02 5.853333e-02 1.407749e-01
    endloop
  endfacet
  facet normal 8.141155e-01 5.238704e-16 -5.807030e-01
    outer loop
      vertex   7.119350e-02 2.776667e-02 1.407749e-01
      vertex   7.119350e-02 5.853333e-02 1.407749e-01
      vertex   7.208538e-02 2.776667e-02 1.420253e-01
    endloop
  endfacet
  facet normal 8.141155e-01 5.238704e-16 -5.807030e-01
    outer loop
      vertex   7.208538e-02 2.776667e-02 1.420253e-01
      vertex   7.119350e-02 5.853333e-02 1.407749e-01
      vertex   7.208538e-02 5.853333e-02 1.420253e-01
    endloop
  endfacet
  facet normal 8.241262e-01 5.109728e-16 -5.664062e-01
    outer loop
      vertex   7.208538e-02 2.776667e-02 1.420253e-01
      vertex   7.208538e-02 5.853333e-02 1.420253e-01
      vertex   7.295531e-02 2.776667e-02 1.432910e-01
    endloop
  endfacet
  facet normal 8.241262e-01 -1.392378e-16 -5.664062e-01
    outer loop
      vertex   7.295531e-02 2.776667e-02 1.432910e-01
      vertex   7.208538e-02 5.853333e-02 1.420253e-01
      vertex   7.295531e-02 5.853333e-02 1.432910e-01
    endloop
  endfacet
  facet normal 8.338858e-01 -1.217824e-16 -5.519370e-01
    outer loop
      vertex   7.295531e-02 2.776667e-02 1.432910e-01
      vertex   7.295531e-02 5.853333e-02 1.432910e-01
      vertex   7.380301e-02 2.776667e-02 1.445718e-01
    endloop
  endfacet
  facet normal 8.338858e-01 0.000000e+00 -5.519370e-01
    outer loop
      vertex   7.380301e-02 2.776667e-02 1.445718e-01
      vertex   7.295531e-02 5.853333e-02 1.432910e-01
      vertex   7.380301e-02 5.853333e-02 1.445718e-01
    endloop
  endfacet
  facet normal 8.433914e-01 0.000000e+00 -5.372996e-01
    outer loop
      vertex   7.380301e-02 2.776667e-02 1.445718e-01
      vertex   7.380301e-02 5.853333e-02 1.445718e-01
      vertex   7.462823e-02 2.776667e-02 1.458671e-01
    endloop
  endfacet
  facet normal 8.433914e-01 -3.804249e-16 -5.372996e-01
    outer loop
      vertex   7.462823e-02 2.776667e-02 1.458671e-01
      vertex   7.380301e-02 5.853333e-02 1.445718e-01
      vertex   7.462823e-02 5.853333e-02 1.458671e-01
    endloop
  endfacet
  facet normal 8.526402e-01 -3.845967e-16 -5.224986e-01
    outer loop
      vertex   7.462823e-02 2.776667e-02 1.458671e-01
      vertex   7.462823e-02 5.853333e-02 1.458671e-01
      vertex   7.543072e-02 2.776667e-02 1.471767e-01
    endloop
  endfacet
  facet normal 8.526402e-01 5.581280e-16 -5.224986e-01
    outer loop
      vertex   7.543072e-02 2.776667e-02 1.471767e-01
      vertex   7.462823e-02 5.853333e-02 1.458671e-01
      vertex   7.543072e-02 5.853333e-02 1.471767e-01
    endloop
  endfacet
  facet normal 8.616292e-01 5.270812e-16 -5.075384e-01
    outer loop
      vertex   7.543072e-02 2.776667e-02 1.471767e-01
      vertex   7.543072e-02 5.853333e-02 1.471767e-01
      vertex   7.621024e-02 2.776667e-02 1.485000e-01
    endloop
  endfacet
  facet normal 8.616292e-01 4.578663e-16 -5.075384e-01
    outer loop
      vertex   7.621024e-02 2.776667e-02 1.485000e-01
      vertex   7.543072e-02 5.853333e-02 1.471767e-01
      vertex   7.621024e-02 5.853333e-02 1.485000e-01
    endloop
  endfacet
  facet normal 8.703557e-01 4.442307e-16 -4.924236e-01
    outer loop
      vertex   7.621024e-02 2.776667e-02 1.485000e-01
      vertex   7.621024e-02 5.853333e-02 1.485000e-01
      vertex   7.696653e-02 2.776667e-02 1.498368e-01
    endloop
  endfacet
  facet normal 8.703557e-01 0.000000e+00 -4.924236e-01
    outer loop
      vertex   7.696653e-02 2.776667e-02 1.498368e-01
      vertex   7.621024e-02 5.853333e-02 1.485000e-01
      vertex   7.696653e-02 5.853333e-02 1.498368e-01
    endloop
  endfacet
  facet normal 8.788171e-01 0.000000e+00 -4.771588e-01
    outer loop
      vertex   7.696653e-02 2.776667e-02 1.498368e-01
      vertex   7.696653e-02 5.853333e-02 1.498368e-01
      vertex   7.769939e-02 2.776667e-02 1.511865e-01
    endloop
  endfacet
  facet normal 8.788171e-01 4.304599e-16 -4.771588e-01
    outer loop
      vertex   7.769939e-02 2.776667e-02 1.511865e-01
      vertex   7.696653e-02 5.853333e-02 1.498368e-01
      vertex   7.769939e-02 5.853333e-02 1.511865e-01
    endloop
  endfacet
  facet normal 8.870108e-01 4.165579e-16 -4.617486e-01
    outer loop
      vertex   7.769939e-02 2.776667e-02 1.511865e-01
      vertex   7.769939e-02 5.853333e-02 1.511865e-01
      vertex   7.840857e-02 2.776667e-02 1.525488e-01
    endloop
  endfacet
  facet normal 8.870108e-01 -4.001002e-16 -4.617486e-01
    outer loop
      vertex   7.840857e-02 2.776667e-02 1.525488e-01
      vertex   7.769939e-02 5.853333e-02 1.511865e-01
      vertex   7.840857e-02 5.853333e-02 1.525488e-01
    endloop
  endfacet
  facet normal 8.949344e-01 -4.036742e-16 -4.461978e-01
    outer loop
      vertex   7.840857e-02 2.776667e-02 1.525488e-01
      vertex   7.840857e-02 5.853333e-02 1.525488e-01
      vertex   7.909388e-02 2.776667e-02 1.539233e-01
    endloop
  endfacet
  facet normal 8.949344e-01 -1.145136e-18 -4.461978e-01
    outer loop
      vertex   7.909388e-02 2.776667e-02 1.539233e-01
      vertex   7.840857e-02 5.853333e-02 1.525488e-01
      vertex   7.909388e-02 5.853333e-02 1.539233e-01
    endloop
  endfacet
  facet normal 9.025853e-01 -1.874768e-17 -4.305111e-01
    outer loop
      vertex   7.909388e-02 2.776667e-02 1.539233e-01
      vertex   7.909388e-02 5.853333e-02 1.539233e-01
      vertex   7.975509e-02 2.776667e-02 1.553096e-01
    endloop
  endfacet
  facet normal 9.025853e-01 4.071253e-16 -4.305111e-01
    outer loop
      vertex   7.975509e-02 2.776667e-02 1.553096e-01
      vertex   7.909388e-02 5.853333e-02 1.539233e-01
      vertex   7.975509e-02 5.853333e-02 1.553096e-01
    endloop
  endfacet
  facet normal 9.099613e-01 4.104523e-16 -4.146932e-01
    outer loop
      vertex   7.975509e-02 2.776667e-02 1.553096e-01
      vertex   7.975509e-02 5.853333e-02 1.553096e-01
      vertex   8.039200e-02 2.776667e-02 1.567072e-01
    endloop
  endfacet
  facet normal 9.099613e-01 0.000000e+00 -4.146932e-01
    outer loop
      vertex   8.039200e-02 2.776667e-02 1.567072e-01
      vertex   7.975509e-02 5.853333e-02 1.553096e-01
      vertex   8.039200e-02 5.853333e-02 1.567072e-01
    endloop
  endfacet
  facet normal 9.170601e-01 0.000000e+00 -3.987491e-01
    outer loop
      vertex   8.039200e-02 2.776667e-02 1.567072e-01
      vertex   8.039200e-02 5.853333e-02 1.567072e-01
      vertex   8.100443e-02 2.776667e-02 1.581157e-01
    endloop
  endfacet
  facet normal 9.170601e-01 3.597240e-16 -3.987491e-01
    outer loop
      vertex   8.100443e-02 2.776667e-02 1.581157e-01
      vertex   8.039200e-02 5.853333e-02 1.567072e-01
      vertex   8.100443e-02 5.853333e-02 1.581157e-01
    endloop
  endfacet
  facet normal 9.238795e-01 3.452307e-16 -3.826834e-01
    outer loop
      vertex   8.100443e-02 2.776667e-02 1.581157e-01
      vertex   8.100443e-02 5.853333e-02 1.581157e-01
      vertex   8.159218e-02 2.776667e-02 1.595346e-01
    endloop
  endfacet
  facet normal 9.238795e-01 6.904615e-16 -3.826834e-01
    outer loop
      vertex   8.159218e-02 2.776667e-02 1.595346e-01
      vertex   8.100443e-02 5.853333e-02 1.581157e-01
      vertex   8.159218e-02 5.853333e-02 1.595346e-01
    endloop
  endfacet
  facet normal 9.304176e-01 6.612645e-16 -3.665012e-01
    outer loop
      vertex   8.159218e-02 2.776667e-02 1.595346e-01
      vertex   8.159218e-02 5.853333e-02 1.595346e-01
      vertex   8.215508e-02 2.776667e-02 1.609636e-01
    endloop
  endfacet
  facet normal 9.304176e-01 -5.087266e-16 -3.665012e-01
    outer loop
      vertex   8.215508e-02 2.776667e-02 1.609636e-01
      vertex   8.159218e-02 5.853333e-02 1.595346e-01
      vertex   8.215508e-02 5.853333e-02 1.609636e-01
    endloop
  endfacet
  facet normal 9.366722e-01 -5.290683e-16 -3.502074e-01
    outer loop
      vertex   8.215508e-02 2.776667e-02 1.609636e-01
      vertex   8.215508e-02 5.853333e-02 1.609636e-01
      vertex   8.269295e-02 2.776667e-02 1.624022e-01
    endloop
  endfacet
  facet normal 9.366722e-01 0.000000e+00 -3.502074e-01
    outer loop
      vertex   8.269295e-02 2.776667e-02 1.624022e-01
      vertex   8.215508e-02 5.853333e-02 1.609636e-01
      vertex   8.269295e-02 5.853333e-02 1.624022e-01
    endloop
  endfacet
  facet normal 9.426415e-01 0.000000e+00 -3.338069e-01
    outer loop
      vertex   8.269295e-02 2.776667e-02 1.624022e-01
      vertex   8.269295e-02 5.853333e-02 1.624022e-01
      vertex   8.320563e-02 2.776667e-02 1.638500e-01
    endloop
  endfacet
  facet normal 9.426415e-01 -4.251932e-16 -3.338069e-01
    outer loop
      vertex   8.320563e-02 2.776667e-02 1.638500e-01
      vertex   8.269295e-02 5.853333e-02 1.624022e-01
      vertex   8.320563e-02 5.853333e-02 1.638500e-01
    endloop
  endfacet
  facet normal 9.483237e-01 -4.277563e-16 -3.173047e-01
    outer loop
      vertex   8.320563e-02 2.776667e-02 1.638500e-01
      vertex   8.320563e-02 5.853333e-02 1.638500e-01
      vertex   8.369297e-02 2.776667e-02 1.653065e-01
    endloop
  endfacet
  facet normal 9.483237e-01 -1.415058e-16 -3.173047e-01
    outer loop
      vertex   8.369297e-02 2.776667e-02 1.653065e-01
      vertex   8.320563e-02 5.853333e-02 1.638500e-01
      vertex   8.369297e-02 5.853333e-02 1.653065e-01
    endloop
  endfacet
  facet normal 9.537170e-01 -1.589129e-16 -3.007058e-01
    outer loop
      vertex   8.369297e-02 2.776667e-02 1.653065e-01
      vertex   8.369297e-02 5.853333e-02 1.653065e-01
      vertex   8.415482e-02 2.776667e-02 1.667713e-01
    endloop
  endfacet
  facet normal 9.537170e-01 2.712761e-16 -3.007058e-01
    outer loop
      vertex   8.415482e-02 2.776667e-02 1.667713e-01
      vertex   8.369297e-02 5.853333e-02 1.653065e-01
      vertex   8.415482e-02 5.853333e-02 1.667713e-01
    endloop
  endfacet
  facet normal 9.588197e-01 2.562192e-16 -2.840153e-01
    outer loop
      vertex   8.415482e-02 2.776667e-02 1.667713e-01
      vertex   8.415482e-02 5.853333e-02 1.667713e-01
      vertex   8.459103e-02 2.776667e-02 1.682439e-01
    endloop
  endfacet
  facet normal 9.588197e-01 0.000000e+00 -2.840153e-01
    outer loop
      vertex   8.459103e-02 2.776667e-02 1.682439e-01
      vertex   8.415482e-02 5.853333e-02 1.667713e-01
      vertex   8.459103e-02 5.853333e-02 1.682439e-01
    endloop
  endfacet
  facet normal 9.636305e-01 0.000000e+00 -2.672384e-01
    outer loop
      vertex   8.459103e-02 2.776667e-02 1.682439e-01
      vertex   8.459103e-02 5.853333e-02 1.682439e-01
      vertex   8.500147e-02 2.776667e-02 1.697239e-01
    endloop
  endfacet
  facet normal 9.636305e-01 0.000000e+00 -2.672384e-01
    outer loop
      vertex   8.500147e-02 2.776667e-02 1.697239e-01
      vertex   8.459103e-02 5.853333e-02 1.682439e-01
      vertex   8.500147e-02 5.853333e-02 1.697239e-01
    endloop
  endfacet
  facet normal 9.681476e-01 0.000000e+00 -2.503800e-01
    outer loop
      vertex   8.500147e-02 2.776667e-02 1.697239e-01
      vertex   8.500147e-02 5.853333e-02 1.697239e-01
      vertex   8.538602e-02 2.776667e-02 1.712109e-01
    endloop
  endfacet
  facet normal 9.681476e-01 0.000000e+00 -2.503800e-01
    outer loop
      vertex   8.538602e-02 2.776667e-02 1.712109e-01
      vertex   8.500147e-02 5.853333e-02 1.697239e-01
      vertex   8.538602e-02 5.853333e-02 1.712109e-01
    endloop
  endfacet
  facet normal 9.723699e-01 0.000000e+00 -2.334454e-01
    outer loop
      vertex   8.538602e-02 2.776667e-02 1.712109e-01
      vertex   8.538602e-02 5.853333e-02 1.712109e-01
      vertex   8.574457e-02 2.776667e-02 1.727043e-01
    endloop
  endfacet
  facet normal 9.723699e-01 -2.280043e-16 -2.334454e-01
    outer loop
      vertex   8.574457e-02 2.776667e-02 1.727043e-01
      vertex   8.538602e-02 5.853333e-02 1.712109e-01
      vertex   8.574457e-02 5.853333e-02 1.727043e-01
    endloop
  endfacet
  facet normal 9.762960e-01 -2.451167e-16 -2.164396e-01
    outer loop
      vertex   8.574457e-02 2.776667e-02 1.727043e-01
      vertex   8.574457e-02 5.853333e-02 1.727043e-01
      vertex   8.607699e-02 2.776667e-02 1.742038e-01
    endloop
  endfacet
  facet normal 9.762960e-01 3.905139e-16 -2.164396e-01
    outer loop
      vertex   8.607699e-02 2.776667e-02 1.742038e-01
      vertex   8.574457e-02 5.853333e-02 1.727043e-01
      vertex   8.607699e-02 5.853333e-02 1.742038e-01
    endloop
  endfacet
  facet normal 9.799247e-01 3.597121e-16 -1.993679e-01
    outer loop
      vertex   8.607699e-02 2.776667e-02 1.742038e-01
      vertex   8.607699e-02 5.853333e-02 1.742038e-01
      vertex   8.638319e-02 2.776667e-02 1.757088e-01
    endloop
  endfacet
  facet normal 9.799247e-01 0.000000e+00 -1.993679e-01
    outer loop
      vertex   8.638319e-02 2.776667e-02 1.757088e-01
      vertex   8.607699e-02 5.853333e-02 1.742038e-01
      vertex   8.638319e-02 5.853333e-02 1.757088e-01
    endloop
  endfacet
  facet normal 9.832549e-01 0.000000e+00 -1.822355e-01
    outer loop
      vertex   8.638319e-02 2.776667e-02 1.757088e-01
      vertex   8.638319e-02 5.853333e-02 1.757088e-01
      vertex   8.666308e-02 2.776667e-02 1.772190e-01
    endloop
  endfacet
  facet normal 9.832549e-01 0.000000e+00 -1.822355e-01
    outer loop
      vertex   8.666308e-02 2.776667e-02 1.772190e-01
      vertex   8.638319e-02 5.853333e-02 1.757088e-01
      vertex   8.666308e-02 5.853333e-02 1.772190e-01
    endloop
  endfacet
  facet normal 9.862856e-01 0.000000e+00 -1.650476e-01
    outer loop
      vertex   8.666308e-02 2.776667e-02 1.772190e-01
      vertex   8.666308e-02 5.853333e-02 1.772190e-01
      vertex   8.691657e-02 2.776667e-02 1.787338e-01
    endloop
  endfacet
  facet normal 9.862856e-01 2.977893e-16 -1.650476e-01
    outer loop
      vertex   8.691657e-02 2.776667e-02 1.787338e-01
      vertex   8.666308e-02 5.853333e-02 1.772190e-01
      vertex   8.691657e-02 5.853333e-02 1.787338e-01
    endloop
  endfacet
  facet normal 9.890159e-01 2.666870e-16 -1.478094e-01
    outer loop
      vertex   8.691657e-02 2.776667e-02 1.787338e-01
      vertex   8.691657e-02 5.853333e-02 1.787338e-01
      vertex   8.714359e-02 2.776667e-02 1.802528e-01
    endloop
  endfacet
  facet normal 9.890159e-01 -8.922223e-16 -1.478094e-01
    outer loop
      vertex   8.714359e-02 2.776667e-02 1.802528e-01
      vertex   8.691657e-02 5.853333e-02 1.787338e-01
      vertex   8.714359e-02 5.853333e-02 1.802528e-01
    endloop
  endfacet
  facet normal 9.914449e-01 -8.944135e-16 -1.305262e-01
    outer loop
      vertex   8.714359e-02 2.776667e-02 1.802528e-01
      vertex   8.714359e-02 5.853333e-02 1.802528e-01
      vertex   8.734406e-02 2.776667e-02 1.817755e-01
    endloop
  endfacet
  facet normal 9.914449e-01 3.294550e-16 -1.305262e-01
    outer loop
      vertex   8.734406e-02 2.776667e-02 1.817755e-01
      vertex   8.714359e-02 5.853333e-02 1.802528e-01
      vertex   8.734406e-02 5.853333e-02 1.817755e-01
    endloop
  endfacet
  facet normal 9.935719e-01 3.460420e-16 -1.132032e-01
    outer loop
      vertex   8.734406e-02 2.776667e-02 1.817755e-01
      vertex   8.734406e-02 5.853333e-02 1.817755e-01
      vertex   8.751793e-02 2.776667e-02 1.833015e-01
    endloop
  endfacet
  facet normal 9.935719e-01 0.000000e+00 -1.132032e-01
    outer loop
      vertex   8.751793e-02 2.776667e-02 1.833015e-01
      vertex   8.734406e-02 5.853333e-02 1.817755e-01
      vertex   8.751793e-02 5.853333e-02 1.833015e-01
    endloop
  endfacet
  facet normal 9.953962e-01 0.000000e+00 -9.584575e-02
    outer loop
      vertex   8.751793e-02 2.776667e-02 1.833015e-01
      vertex   8.751793e-02 5.853333e-02 1.833015e-01
      vertex   8.766513e-02 2.776667e-02 1.848303e-01
    endloop
  endfacet
  facet normal 9.953962e-01 1.729309e-16 -9.584575e-02
    outer loop
      vertex   8.766513e-02 2.776667e-02 1.848303e-01
      vertex   8.751793e-02 5.853333e-02 1.833015e-01
      vertex   8.766513e-02 5.853333e-02 1.848303e-01
    endloop
  endfacet
  facet normal 9.969173e-01 1.415608e-16 -7.845910e-02
    outer loop
      vertex   8.766513e-02 2.776667e-02 1.848303e-01
      vertex   8.766513e-02 5.853333e-02 1.848303e-01
      vertex   8.778564e-02 2.776667e-02 1.863614e-01
    endloop
  endfacet
  facet normal 9.969173e-01 7.078041e-17 -7.845910e-02
    outer loop
      vertex   8.778564e-02 2.776667e-02 1.863614e-01
      vertex   8.766513e-02 5.853333e-02 1.848303e-01
      vertex   8.778564e-02 5.853333e-02 1.863614e-01
    endloop
  endfacet
  facet normal 9.981348e-01 5.507380e-17 -6.104854e-02
    outer loop
      vertex   8.778564e-02 2.776667e-02 1.863614e-01
      vertex   8.778564e-02 5.853333e-02 1.863614e-01
      vertex   8.787940e-02 2.776667e-02 1.878944e-01
    endloop
  endfacet
  facet normal 9.981348e-01 0.000000e+00 -6.104854e-02
    outer loop
      vertex   8.787940e-02 2.776667e-02 1.878944e-01
      vertex   8.778564e-02 5.853333e-02 1.863614e-01
      vertex   8.787940e-02 5.853333e-02 1.878944e-01
    endloop
  endfacet
  facet normal 9.990482e-01 0.000000e+00 -4.361939e-02
    outer loop
      vertex   8.787940e-02 2.776667e-02 1.878944e-01
      vertex   8.787940e-02 5.853333e-02 1.878944e-01
      vertex   8.794639e-02 2.776667e-02 1.894289e-01
    endloop
  endfacet
  facet normal 9.990482e-01 0.000000e+00 -4.361939e-02
    outer loop
      vertex   8.794639e-02 2.776667e-02 1.894289e-01
      vertex   8.787940e-02 5.853333e-02 1.878944e-01
      vertex   8.794639e-02 5.853333e-02 1.894289e-01
    endloop
  endfacet
  facet normal 9.996573e-01 0.000000e+00 -2.617695e-02
    outer loop
      vertex   8.794639e-02 2.776667e-02 1.894289e-01
      vertex   8.794639e-02 5.853333e-02 1.894289e-01
      vertex   8.798660e-02 2.776667e-02 1.909642e-01
    endloop
  endfacet
  facet normal 9.996573e-01 0.000000e+00 -2.617695e-02
    outer loop
      vertex   8.798660e-02 2.776667e-02 1.909642e-01
      vertex   8.794639e-02 5.853333e-02 1.894289e-01
      vertex   8.798660e-02 5.853333e-02 1.909642e-01
    endloop
  endfacet
  facet normal 9.999619e-01 0.000000e+00 -8.726535e-03
    outer loop
      vertex   8.798660e-02 2.776667e-02 1.909642e-01
      vertex   8.798660e-02 5.853333e-02 1.909642e-01
      vertex   8.800000e-02 2.776667e-02 1.925000e-01
    endloop
  endfacet
  facet normal 9.999619e-01 0.000000e+00 -8.726535e-03
    outer loop
      vertex   8.800000e-02 2.776667e-02 1.925000e-01
      vertex   8.798660e-02 5.853333e-02 1.909642e-01
      vertex   8.800000e-02 5.853333e-02 1.925000e-01
    endloop
  endfacet
  facet normal 9.999619e-01 -0.000000e+00 8.726535e-03
    outer loop
      vertex   8.800000e-02 2.776667e-02 1.925000e-01
      vertex   8.800000e-02 5.853333e-02 1.925000e-01
      vertex   8.798660e-02 2.776667e-02 1.940358e-01
    endloop
  endfacet
  facet normal 9.999619e-01 -0.000000e+00 8.726535e-03
    outer loop
      vertex   8.798660e-02 2.776667e-02 1.940358e-01
      vertex   8.800000e-02 5.853333e-02 1.925000e-01
      vertex   8.798660e-02 5.853333e-02 1.940358e-01
    endloop
  endfacet
  facet normal 9.996573e-01 -0.000000e+00 2.617695e-02
    outer loop
      vertex   8.798660e-02 2.776667e-02 1.940358e-01
      vertex   8.798660e-02 5.853333e-02 1.940358e-01
      vertex   8.794639e-02 2.776667e-02 1.955712e-01
    endloop
  endfacet
  facet normal 9.996573e-01 -0.000000e+00 2.617695e-02
    outer loop
      vertex   8.794639e-02 2.776667e-02 1.955712e-01
      vertex   8.798660e-02 5.853333e-02 1.940358e-01
      vertex   8.794639e-02 5.853333e-02 1.955712e-01
    endloop
  endfacet
  facet normal 9.990482e-01 -0.000000e+00 4.361939e-02
    outer loop
      vertex   8.794639e-02 2.776667e-02 1.955712e-01
      vertex   8.794639e-02 5.853333e-02 1.955712e-01
      vertex   8.787940e-02 2.776667e-02 1.971056e-01
    endloop
  endfacet
  facet normal 9.990482e-01 -0.000000e+00 4.361939e-02
    outer loop
      vertex   8.787940e-02 2.776667e-02 1.971056e-01
      vertex   8.794639e-02 5.853333e-02 1.955712e-01
      vertex   8.787940e-02 5.853333e-02 1.971056e-01
    endloop
  endfacet
  facet normal 9.981348e-01 -0.000000e+00 6.104854e-02
    outer loop
      vertex   8.787940e-02 2.776667e-02 1.971056e-01
      vertex   8.787940e-02 5.853333e-02 1.971056e-01
      vertex   8.778564e-02 2.776667e-02 1.986386e-01
    endloop
  endfacet
  facet normal 9.981348e-01 -5.507380e-17 6.104854e-02
    outer loop
      vertex   8.778564e-02 2.776667e-02 1.986386e-01
      vertex   8.787940e-02 5.853333e-02 1.971056e-01
      vertex   8.778564e-02 5.853333e-02 1.986386e-01
    endloop
  endfacet
  facet normal 9.969173e-01 -7.078041e-17 7.845910e-02
    outer loop
      vertex   8.778564e-02 2.776667e-02 1.986386e-01
      vertex   8.778564e-02 5.853333e-02 1.986386e-01
      vertex   8.766513e-02 2.776667e-02 2.001697e-01
    endloop
  endfacet
  facet normal 9.969173e-01 -1.415608e-16 7.845910e-02
    outer loop
      vertex   8.766513e-02 2.776667e-02 2.001697e-01
      vertex   8.778564e-02 5.853333e-02 1.986386e-01
      vertex   8.766513e-02 5.853333e-02 2.001697e-01
    endloop
  endfacet
  facet normal 9.953962e-01 -1.729309e-16 9.584575e-02
    outer loop
      vertex   8.766513e-02 2.776667e-02 2.001697e-01
      vertex   8.766513e-02 5.853333e-02 2.001697e-01
      vertex   8.751793e-02 2.776667e-02 2.016985e-01
    endloop
  endfacet
  facet normal 9.953962e-01 -0.000000e+00 9.584575e-02
    outer loop
      vertex   8.751793e-02 2.776667e-02 2.016985e-01
      vertex   8.766513e-02 5.853333e-02 2.001697e-01
      vertex   8.751793e-02 5.853333e-02 2.016985e-01
    endloop
  endfacet
  facet normal 9.935719e-01 -0.000000e+00 1.132032e-01
    outer loop
      vertex   8.751793e-02 2.776667e-02 2.016985e-01
      vertex   8.751793e-02 5.853333e-02 2.016985e-01
      vertex   8.734406e-02 2.776667e-02 2.032245e-01
    endloop
  endfacet
  facet normal 9.935719e-01 -3.460420e-16 1.132032e-01
    outer loop
      vertex   8.734406e-02 2.776667e-02 2.032245e-01
      vertex   8.751793e-02 5.853333e-02 2.016985e-01
      vertex   8.734406e-02 5.853333e-02 2.032245e-01
    endloop
  endfacet
  facet normal 9.914449e-01 -3.294550e-16 1.305262e-01
    outer loop
      vertex   8.734406e-02 2.776667e-02 2.032245e-01
      vertex   8.734406e-02 5.853333e-02 2.032245e-01
      vertex   8.714359e-02 2.776667e-02 2.047472e-01
    endloop
  endfacet
  facet normal 9.914449e-01 8.944135e-16 1.305262e-01
    outer loop
      vertex   8.714359e-02 2.776667e-02 2.047472e-01
      vertex   8.734406e-02 5.853333e-02 2.032245e-01
      vertex   8.714359e-02 5.853333e-02 2.047472e-01
    endloop
  endfacet
  facet normal 9.890159e-01 8.922223e-16 1.478094e-01
    outer loop
      vertex   8.714359e-02 2.776667e-02 2.047472e-01
      vertex   8.714359e-02 5.853333e-02 2.047472e-01
      vertex   8.691657e-02 2.776667e-02 2.062662e-01
    endloop
  endfacet
  facet normal 9.890159e-01 -2.666870e-16 1.478094e-01
    outer loop
      vertex   8.691657e-02 2.776667e-02 2.062662e-01
      vertex   8.714359e-02 5.853333e-02 2.047472e-01
      vertex   8.691657e-02 5.853333e-02 2.062662e-01
    endloop
  endfacet
  facet normal 9.862856e-01 -2.977893e-16 1.650476e-01
    outer loop
      vertex   8.691657e-02 2.776667e-02 2.062662e-01
      vertex   8.691657e-02 5.853333e-02 2.062662e-01
      vertex   8.666308e-02 2.776667e-02 2.077810e-01
    endloop
  endfacet
  facet normal 9.862856e-01 -0.000000e+00 1.650476e-01
    outer loop
      vertex   8.666308e-02 2.776667e-02 2.077810e-01
      vertex   8.691657e-02 5.853333e-02 2.062662e-01
      vertex   8.666308e-02 5.853333e-02 2.077810e-01
    endloop
  endfacet
  facet normal 9.832549e-01 -0.000000e+00 1.822355e-01
    outer loop
      vertex   8.666308e-02 2.776667e-02 2.077810e-01
      vertex   8.666308e-02 5.853333e-02 2.077810e-01
      vertex   8.638319e-02 2.776667e-02 2.092912e-01
    endloop
  endfacet
  facet normal 9.832549e-01 -0.000000e+00 1.822355e-01
    outer loop
      vertex   8.638319e-02 2.776667e-02 2.092912e-01
      vertex   8.666308e-02 5.853333e-02 2.077810e-01
      vertex   8.638319e-02 5.853333e-02 2.092912e-01
    endloop
  endfacet
  facet normal 9.799247e-01 -0.000000e+00 1.993679e-01
    outer loop
      vertex   8.638319e-02 2.776667e-02 2.092912e-01
      vertex   8.638319e-02 5.853333e-02 2.092912e-01
      vertex   8.607699e-02 2.776667e-02 2.107962e-01
    endloop
  endfacet
  facet normal 9.799247e-01 -3.597121e-16 1.993679e-01
    outer loop
      vertex   8.607699e-02 2.776667e-02 2.107962e-01
      vertex   8.638319e-02 5.853333e-02 2.092912e-01
      vertex   8.607699e-02 5.853333e-02 2.107962e-01
    endloop
  endfacet
  facet normal 9.762960e-01 -3.905139e-16 2.164396e-01
    outer loop
      vertex   8.607699e-02 2.776667e-02 2.107962e-01
      vertex   8.607699e-02 5.853333e-02 2.107962e-01
      vertex   8.574457e-02 2.776667e-02 2.122957e-01
    endloop
  endfacet
  facet normal 9.762960e-01 2.451167e-16 2.164396e-01
    outer loop
      vertex   8.574457e-02 2.776667e-02 2.122957e-01
      vertex   8.607699e-02 5.853333e-02 2.107962e-01
      vertex   8.574457e-02 5.853333e-02 2.122957e-01
    endloop
  endfacet
  facet normal 9.723699e-01 2.280043e-16 2.334454e-01
    outer loop
      vertex   8.574457e-02 2.776667e-02 2.122957e-01
      vertex   8.574457e-02 5.853333e-02 2.122957e-01
      vertex   8.538602e-02 2.776667e-02 2.137891e-01
    endloop
  endfacet
  facet normal 9.723699e-01 -0.000000e+00 2.334454e-01
    outer loop
      vertex   8.538602e-02 2.776667e-02 2.137891e-01
      vertex   8.574457e-02 5.853333e-02 2.122957e-01
      vertex   8.538602e-02 5.853333e-02 2.137891e-01
    endloop
  endfacet
  facet normal 9.681476e-01 -0.000000e+00 2.503800e-01
    outer loop
      vertex   8.538602e-02 2.776667e-02 2.137891e-01
      vertex   8.538602e-02 5.853333e-02 2.137891e-01
      vertex   8.500147e-02 2.776667e-02 2.152761e-01
    endloop
  endfacet
  facet normal 9.681476e-01 -0.000000e+00 2.503800e-01
    outer loop
      vertex   8.500147e-02 2.776667e-02 2.152761e-01
      vertex   8.538602e-02 5.853333e-02 2.137891e-01
      vertex   8.500147e-02 5.853333e-02 2.152761e-01
    endloop
  endfacet
  facet normal 9.636305e-01 -0.000000e+00 2.672384e-01
    outer loop
      vertex   8.500147e-02 2.776667e-02 2.152761e-01
      vertex   8.500147e-02 5.853333e-02 2.152761e-01
      vertex   8.459103e-02 2.776667e-02 2.167561e-01
    endloop
  endfacet
  facet normal 9.636305e-01 2.410841e-16 2.672384e-01
    outer loop
      vertex   8.459103e-02 2.776667e-02 2.167561e-01
      vertex   8.500147e-02 5.853333e-02 2.152761e-01
      vertex   8.459103e-02 5.853333e-02 2.167561e-01
    endloop
  endfacet
  facet normal 9.588197e-01 2.562192e-16 2.840153e-01
    outer loop
      vertex   8.459103e-02 2.776667e-02 2.167561e-01
      vertex   8.459103e-02 5.853333e-02 2.167561e-01
      vertex   8.415482e-02 2.776667e-02 2.182287e-01
    endloop
  endfacet
  facet normal 9.588197e-01 -2.562192e-16 2.840153e-01
    outer loop
      vertex   8.415482e-02 2.776667e-02 2.182287e-01
      vertex   8.459103e-02 5.853333e-02 2.167561e-01
      vertex   8.415482e-02 5.853333e-02 2.182287e-01
    endloop
  endfacet
  facet normal 9.537170e-01 -2.712761e-16 3.007058e-01
    outer loop
      vertex   8.415482e-02 2.776667e-02 2.182287e-01
      vertex   8.415482e-02 5.853333e-02 2.182287e-01
      vertex   8.369297e-02 2.776667e-02 2.196935e-01
    endloop
  endfacet
  facet normal 9.537170e-01 1.589129e-16 3.007058e-01
    outer loop
      vertex   8.369297e-02 2.776667e-02 2.196935e-01
      vertex   8.415482e-02 5.853333e-02 2.182287e-01
      vertex   8.369297e-02 5.853333e-02 2.196935e-01
    endloop
  endfacet
  facet normal 9.483237e-01 1.415058e-16 3.173047e-01
    outer loop
      vertex   8.369297e-02 2.776667e-02 2.196935e-01
      vertex   8.369297e-02 5.853333e-02 2.196935e-01
      vertex   8.320563e-02 2.776667e-02 2.211500e-01
    endloop
  endfacet
  facet normal 9.483237e-01 4.277563e-16 3.173047e-01
    outer loop
      vertex   8.320563e-02 2.776667e-02 2.211500e-01
      vertex   8.369297e-02 5.853333e-02 2.196935e-01
      vertex   8.320563e-02 5.853333e-02 2.211500e-01
    endloop
  endfacet
  facet normal 9.426415e-01 4.251932e-16 3.338069e-01
    outer loop
      vertex   8.320563e-02 2.776667e-02 2.211500e-01
      vertex   8.320563e-02 5.853333e-02 2.211500e-01
      vertex   8.269295e-02 2.776667e-02 2.225978e-01
    endloop
  endfacet
  facet normal 9.426415e-01 -0.000000e+00 3.338069e-01
    outer loop
      vertex   8.269295e-02 2.776667e-02 2.225978e-01
      vertex   8.320563e-02 5.853333e-02 2.211500e-01
      vertex   8.269295e-02 5.853333e-02 2.225978e-01
    endloop
  endfacet
  facet normal 9.366722e-01 -0.000000e+00 3.502074e-01
    outer loop
      vertex   8.269295e-02 2.776667e-02 2.225978e-01
      vertex   8.269295e-02 5.853333e-02 2.225978e-01
      vertex   8.215508e-02 2.776667e-02 2.240364e-01
    endloop
  endfacet
  facet normal 9.366722e-01 5.290683e-16 3.502074e-01
    outer loop
      vertex   8.215508e-02 2.776667e-02 2.240364e-01
      vertex   8.269295e-02 5.853333e-02 2.225978e-01
      vertex   8.215508e-02 5.853333e-02 2.240364e-01
    endloop
  endfacet
  facet normal 9.304176e-01 5.087266e-16 3.665012e-01
    outer loop
      vertex   8.215508e-02 2.776667e-02 2.240364e-01
      vertex   8.215508e-02 5.853333e-02 2.240364e-01
      vertex   8.159218e-02 2.776667e-02 2.254654e-01
    endloop
  endfacet
  facet normal 9.304176e-01 -6.612645e-16 3.665012e-01
    outer loop
      vertex   8.159218e-02 2.776667e-02 2.254654e-01
      vertex   8.215508e-02 5.853333e-02 2.240364e-01
      vertex   8.159218e-02 5.853333e-02 2.254654e-01
    endloop
  endfacet
  facet normal 9.238795e-01 -6.904615e-16 3.826834e-01
    outer loop
      vertex   8.159218e-02 2.776667e-02 2.254654e-01
      vertex   8.159218e-02 5.853333e-02 2.254654e-01
      vertex   8.100443e-02 2.776667e-02 2.268843e-01
    endloop
  endfacet
  facet normal 9.238795e-01 -3.452307e-16 3.826834e-01
    outer loop
      vertex   8.100443e-02 2.776667e-02 2.268843e-01
      vertex   8.159218e-02 5.853333e-02 2.254654e-01
      vertex   8.100443e-02 5.853333e-02 2.268843e-01
    endloop
  endfacet
  facet normal 9.170601e-01 -3.597240e-16 3.987491e-01
    outer loop
      vertex   8.100443e-02 2.776667e-02 2.268843e-01
      vertex   8.100443e-02 5.853333e-02 2.268843e-01
      vertex   8.039200e-02 2.776667e-02 2.282928e-01
    endloop
  endfacet
  facet normal 9.170601e-01 4.136543e-16 3.987491e-01
    outer loop
      vertex   8.039200e-02 2.776667e-02 2.282928e-01
      vertex   8.100443e-02 5.853333e-02 2.268843e-01
      vertex   8.039200e-02 5.853333e-02 2.282928e-01
    endloop
  endfacet
  facet normal 9.099613e-01 4.104523e-16 4.146932e-01
    outer loop
      vertex   8.039200e-02 2.776667e-02 2.282928e-01
      vertex   8.039200e-02 5.853333e-02 2.282928e-01
      vertex   7.975509e-02 2.776667e-02 2.296904e-01
    endloop
  endfacet
  facet normal 9.099613e-01 -0.000000e+00 4.146932e-01
    outer loop
      vertex   7.975509e-02 2.776667e-02 2.296904e-01
      vertex   8.039200e-02 5.853333e-02 2.282928e-01
      vertex   7.975509e-02 5.853333e-02 2.296904e-01
    endloop
  endfacet
  facet normal 9.025853e-01 -0.000000e+00 4.305111e-01
    outer loop
      vertex   7.975509e-02 2.776667e-02 2.296904e-01
      vertex   7.975509e-02 5.853333e-02 2.296904e-01
      vertex   7.909388e-02 2.776667e-02 2.310767e-01
    endloop
  endfacet
  facet normal 9.025853e-01 -3.883776e-16 4.305111e-01
    outer loop
      vertex   7.909388e-02 2.776667e-02 2.310767e-01
      vertex   7.975509e-02 5.853333e-02 2.296904e-01
      vertex   7.909388e-02 5.853333e-02 2.310767e-01
    endloop
  endfacet
  facet normal 8.949344e-01 -4.025291e-16 4.461978e-01
    outer loop
      vertex   7.909388e-02 2.776667e-02 2.310767e-01
      vertex   7.909388e-02 5.853333e-02 2.310767e-01
      vertex   7.840857e-02 2.776667e-02 2.324512e-01
    endloop
  endfacet
  facet normal 8.949344e-01 4.036742e-16 4.461978e-01
    outer loop
      vertex   7.840857e-02 2.776667e-02 2.324512e-01
      vertex   7.909388e-02 5.853333e-02 2.310767e-01
      vertex   7.840857e-02 5.853333e-02 2.324512e-01
    endloop
  endfacet
  facet normal 8.870108e-01 4.001002e-16 4.617486e-01
    outer loop
      vertex   7.840857e-02 2.776667e-02 2.324512e-01
      vertex   7.840857e-02 5.853333e-02 2.324512e-01
      vertex   7.769939e-02 2.776667e-02 2.338135e-01
    endloop
  endfacet
  facet normal 8.870108e-01 -0.000000e+00 4.617486e-01
    outer loop
      vertex   7.769939e-02 2.776667e-02 2.338135e-01
      vertex   7.840857e-02 5.853333e-02 2.324512e-01
      vertex   7.769939e-02 5.853333e-02 2.338135e-01
    endloop
  endfacet
  facet normal 8.788171e-01 -0.000000e+00 4.771588e-01
    outer loop
      vertex   7.769939e-02 2.776667e-02 2.338135e-01
      vertex   7.769939e-02 5.853333e-02 2.338135e-01
      vertex   7.696653e-02 2.776667e-02 2.351633e-01
    endloop
  endfacet
  facet normal 8.788171e-01 3.964042e-16 4.771588e-01
    outer loop
      vertex   7.696653e-02 2.776667e-02 2.351633e-01
      vertex   7.769939e-02 5.853333e-02 2.338135e-01
      vertex   7.696653e-02 5.853333e-02 2.351633e-01
    endloop
  endfacet
  facet normal 8.703557e-01 3.925876e-16 4.924236e-01
    outer loop
      vertex   7.696653e-02 2.776667e-02 2.351633e-01
      vertex   7.696653e-02 5.853333e-02 2.351633e-01
      vertex   7.621024e-02 2.776667e-02 2.365000e-01
    endloop
  endfacet
  facet normal 8.703557e-01 -0.000000e+00 4.924236e-01
    outer loop
      vertex   7.621024e-02 2.776667e-02 2.365000e-01
      vertex   7.696653e-02 5.853333e-02 2.351633e-01
      vertex   7.621024e-02 5.853333e-02 2.365000e-01
    endloop
  endfacet
  facet normal 8.616292e-01 -0.000000e+00 5.075384e-01
    outer loop
      vertex   7.621024e-02 2.776667e-02 2.365000e-01
      vertex   7.621024e-02 5.853333e-02 2.365000e-01
      vertex   7.543072e-02 2.776667e-02 2.378234e-01
    endloop
  endfacet
  facet normal 8.616292e-01 -5.270812e-16 5.075384e-01
    outer loop
      vertex   7.543072e-02 2.776667e-02 2.378234e-01
      vertex   7.621024e-02 5.853333e-02 2.365000e-01
      vertex   7.543072e-02 5.853333e-02 2.378234e-01
    endloop
  endfacet
  facet normal 8.526402e-01 -5.581280e-16 5.224986e-01
    outer loop
      vertex   7.543072e-02 2.776667e-02 2.378234e-01
      vertex   7.543072e-02 5.853333e-02 2.378234e-01
      vertex   7.462823e-02 2.776667e-02 2.391329e-01
    endloop
  endfacet
  facet normal 8.526402e-01 -0.000000e+00 5.224986e-01
    outer loop
      vertex   7.462823e-02 2.776667e-02 2.391329e-01
      vertex   7.543072e-02 5.853333e-02 2.378234e-01
      vertex   7.462823e-02 5.853333e-02 2.391329e-01
    endloop
  endfacet
  facet normal 8.433914e-01 -0.000000e+00 5.372996e-01
    outer loop
      vertex   7.462823e-02 2.776667e-02 2.391329e-01
      vertex   7.462823e-02 5.853333e-02 2.391329e-01
      vertex   7.380301e-02 2.776667e-02 2.404282e-01
    endloop
  endfacet
  facet normal 8.433914e-01 3.804249e-16 5.372996e-01
    outer loop
      vertex   7.380301e-02 2.776667e-02 2.404282e-01
      vertex   7.462823e-02 5.853333e-02 2.391329e-01
      vertex   7.380301e-02 5.853333e-02 2.404282e-01
    endloop
  endfacet
  facet normal 8.338858e-01 3.761373e-16 5.519370e-01
    outer loop
      vertex   7.380301e-02 2.776667e-02 2.404282e-01
      vertex   7.380301e-02 5.853333e-02 2.404282e-01
      vertex   7.295531e-02 2.776667e-02 2.417090e-01
    endloop
  endfacet
  facet normal 8.338858e-01 -0.000000e+00 5.519370e-01
    outer loop
      vertex   7.295531e-02 2.776667e-02 2.417090e-01
      vertex   7.380301e-02 5.853333e-02 2.404282e-01
      vertex   7.295531e-02 5.853333e-02 2.417090e-01
    endloop
  endfacet
  facet normal 8.241262e-01 -0.000000e+00 5.664062e-01
    outer loop
      vertex   7.295531e-02 2.776667e-02 2.417090e-01
      vertex   7.295531e-02 5.853333e-02 2.417090e-01
      vertex   7.208538e-02 2.776667e-02 2.429747e-01
    endloop
  endfacet
  facet normal 8.241262e-01 -0.000000e+00 5.664062e-01
    outer loop
      vertex   7.208538e-02 2.776667e-02 2.429747e-01
      vertex   7.295531e-02 5.853333e-02 2.417090e-01
      vertex   7.208538e-02 5.853333e-02 2.429747e-01
    endloop
  endfacet
  facet normal 8.141155e-01 -0.000000e+00 5.807030e-01
    outer loop
      vertex   7.208538e-02 2.776667e-02 2.429747e-01
      vertex   7.208538e-02 5.853333e-02 2.429747e-01
      vertex   7.119350e-02 2.776667e-02 2.442251e-01
    endloop
  endfacet
  facet normal 8.141155e-01 -5.238704e-16 5.807030e-01
    outer loop
      vertex   7.119350e-02 2.776667e-02 2.442251e-01
      vertex   7.208538e-02 5.853333e-02 2.429747e-01
      vertex   7.119350e-02 5.853333e-02 2.442251e-01
    endloop
  endfacet
  facet normal 8.038569e-01 -5.366083e-16 5.948228e-01
    outer loop
      vertex   7.119350e-02 2.776667e-02 2.442251e-01
      vertex   7.119350e-02 5.853333e-02 2.442251e-01
      vertex   7.027992e-02 2.776667e-02 2.454597e-01
    endloop
  endfacet
  facet normal 8.038569e-01 -0.000000e+00 5.948228e-01
    outer loop
      vertex   7.027992e-02 2.776667e-02 2.454597e-01
      vertex   7.119350e-02 5.853333e-02 2.442251e-01
      vertex   7.027992e-02 5.853333e-02 2.454597e-01
    endloop
  endfacet
  facet normal 7.933533e-01 -0.000000e+00 6.087614e-01
    outer loop
      vertex   7.027992e-02 2.776667e-02 2.454597e-01
      vertex   7.027992e-02 5.853333e-02 2.454597e-01
      vertex   6.934495e-02 2.776667e-02 2.466782e-01
    endloop
  endfacet
  facet normal 7.933533e-01 3.578545e-16 6.087614e-01
    outer loop
      vertex   6.934495e-02 2.776667e-02 2.466782e-01
      vertex   7.027992e-02 5.853333e-02 2.454597e-01
      vertex   6.934495e-02 5.853333e-02 2.466782e-01
    endloop
  endfacet
  facet normal 7.826082e-01 3.530077e-16 6.225146e-01
    outer loop
      vertex   6.934495e-02 2.776667e-02 2.466782e-01
      vertex   6.934495e-02 5.853333e-02 2.466782e-01
      vertex   6.838884e-02 2.776667e-02 2.478802e-01
    endloop
  endfacet
  facet normal 7.826082e-01 -7.701723e-16 6.225146e-01
    outer loop
      vertex   6.838884e-02 2.776667e-02 2.478802e-01
      vertex   6.934495e-02 5.853333e-02 2.466782e-01
      vertex   6.838884e-02 5.853333e-02 2.478802e-01
    endloop
  endfacet
  facet normal 7.716246e-01 -7.995989e-16 6.360782e-01
    outer loop
      vertex   6.838884e-02 2.776667e-02 2.478802e-01
      vertex   6.838884e-02 5.853333e-02 2.478802e-01
      vertex   6.741191e-02 2.776667e-02 2.490653e-01
    endloop
  endfacet
  facet normal 7.716246e-01 -5.738261e-16 6.360782e-01
    outer loop
      vertex   6.741191e-02 2.776667e-02 2.490653e-01
      vertex   6.838884e-02 5.853333e-02 2.478802e-01
      vertex   6.741191e-02 5.853333e-02 2.490653e-01
    endloop
  endfacet
  facet normal 7.604060e-01 -5.858875e-16 6.494480e-01
    outer loop
      vertex   6.741191e-02 2.776667e-02 2.490653e-01
      vertex   6.741191e-02 5.853333e-02 2.490653e-01
      vertex   6.641444e-02 2.776667e-02 2.502332e-01
    endloop
  endfacet
  facet normal 7.604060e-01 -0.000000e+00 6.494480e-01
    outer loop
      vertex   6.641444e-02 2.776667e-02 2.502332e-01
      vertex   6.741191e-02 5.853333e-02 2.490653e-01
      vertex   6.641444e-02 5.853333e-02 2.502332e-01
    endloop
  endfacet
  facet normal 7.489557e-01 -0.000000e+00 6.626200e-01
    outer loop
      vertex   6.641444e-02 2.776667e-02 2.502332e-01
      vertex   6.641444e-02 5.853333e-02 2.502332e-01
      vertex   6.539674e-02 2.776667e-02 2.513835e-01
    endloop
  endfacet
  facet normal 7.489557e-01 1.195541e-15 6.626200e-01
    outer loop
      vertex   6.539674e-02 2.776667e-02 2.513835e-01
      vertex   6.641444e-02 5.853333e-02 2.502332e-01
      vertex   6.539674e-02 5.853333e-02 2.513835e-01
    endloop
  endfacet
  facet normal 7.372773e-01 1.218942e-15 6.755902e-01
    outer loop
      vertex   6.539674e-02 2.776667e-02 2.513835e-01
      vertex   6.539674e-02 5.853333e-02 2.513835e-01
      vertex   6.435913e-02 2.776667e-02 2.525159e-01
    endloop
  endfacet
  facet normal 7.372773e-01 8.863817e-16 6.755902e-01
    outer loop
      vertex   6.435913e-02 2.776667e-02 2.525159e-01
      vertex   6.539674e-02 5.853333e-02 2.513835e-01
      vertex   6.435913e-02 5.853333e-02 2.525159e-01
    endloop
  endfacet
  facet normal 7.253744e-01 9.147810e-16 6.883546e-01
    outer loop
      vertex   6.435913e-02 2.776667e-02 2.525159e-01
      vertex   6.435913e-02 5.853333e-02 2.525159e-01
      vertex   6.330190e-02 2.776667e-02 2.536299e-01
    endloop
  endfacet
  facet normal 7.253744e-01 3.271915e-16 6.883546e-01
    outer loop
      vertex   6.330190e-02 2.776667e-02 2.536299e-01
      vertex   6.435913e-02 5.853333e-02 2.525159e-01
      vertex   6.330190e-02 5.853333e-02 2.536299e-01
    endloop
  endfacet
  facet normal 7.132504e-01 3.217228e-16 7.009093e-01
    outer loop
      vertex   6.330190e-02 2.776667e-02 2.536299e-01
      vertex   6.330190e-02 5.853333e-02 2.536299e-01
      vertex   6.222540e-02 2.776667e-02 2.547254e-01
    endloop
  endfacet
  facet normal 7.132504e-01 3.217228e-16 7.009093e-01
    outer loop
      vertex   6.222540e-02 2.776667e-02 2.547254e-01
      vertex   6.330190e-02 5.853333e-02 2.536299e-01
      vertex   6.222540e-02 5.853333e-02 2.547254e-01
    endloop
  endfacet
  facet normal 7.009093e-01 3.161561e-16 7.132504e-01
    outer loop
      vertex   6.222540e-02 2.776667e-02 2.547254e-01
      vertex   6.222540e-02 5.853333e-02 2.547254e-01
      vertex   6.112994e-02 2.776667e-02 2.558019e-01
    endloop
  endfacet
  facet normal 7.009093e-01 -3.161561e-16 7.132504e-01
    outer loop
      vertex   6.112994e-02 2.776667e-02 2.558019e-01
      vertex   6.222540e-02 5.853333e-02 2.547254e-01
      vertex   6.112994e-02 5.853333e-02 2.558019e-01
    endloop
  endfacet
  facet normal 6.883546e-01 -3.104931e-16 7.253744e-01
    outer loop
      vertex   6.112994e-02 2.776667e-02 2.558019e-01
      vertex   6.112994e-02 5.853333e-02 2.558019e-01
      vertex   6.001586e-02 2.776667e-02 2.568591e-01
    endloop
  endfacet
  facet normal 6.883546e-01 -0.000000e+00 7.253744e-01
    outer loop
      vertex   6.001586e-02 2.776667e-02 2.568591e-01
      vertex   6.112994e-02 5.853333e-02 2.558019e-01
      vertex   6.001586e-02 5.853333e-02 2.568591e-01
    endloop
  endfacet
  facet normal 6.755902e-01 -0.000000e+00 7.372773e-01
    outer loop
      vertex   6.001586e-02 2.776667e-02 2.568591e-01
      vertex   6.001586e-02 5.853333e-02 2.568591e-01
      vertex   5.888349e-02 2.776667e-02 2.578968e-01
    endloop
  endfacet
  facet normal 6.755902e-01 -7.207709e-16 7.372773e-01
    outer loop
      vertex   5.888349e-02 2.776667e-02 2.578968e-01
      vertex   6.001586e-02 5.853333e-02 2.568591e-01
      vertex   5.888349e-02 5.853333e-02 2.578968e-01
    endloop
  endfacet
  facet normal 6.626200e-01 -7.535426e-16 7.489557e-01
    outer loop
      vertex   5.888349e-02 2.776667e-02 2.578968e-01
      vertex   5.888349e-02 5.853333e-02 2.578968e-01
      vertex   5.773319e-02 2.776667e-02 2.589145e-01
    endloop
  endfacet
  facet normal 6.626200e-01 -1.052428e-15 7.489557e-01
    outer loop
      vertex   5.773319e-02 2.776667e-02 2.589145e-01
      vertex   5.888349e-02 5.853333e-02 2.578968e-01
      vertex   5.773319e-02 5.853333e-02 2.589145e-01
    endloop
  endfacet
  facet normal 6.494480e-01 -1.079028e-15 7.604060e-01
    outer loop
      vertex   5.773319e-02 2.776667e-02 2.589145e-01
      vertex   5.773319e-02 5.853333e-02 2.589145e-01
      vertex   5.656531e-02 2.776667e-02 2.599119e-01
    endloop
  endfacet
  facet normal 6.494480e-01 1.464719e-16 7.604060e-01
    outer loop
      vertex   5.656531e-02 2.776667e-02 2.599119e-01
      vertex   5.773319e-02 5.853333e-02 2.589145e-01
      vertex   5.656531e-02 5.853333e-02 2.599119e-01
    endloop
  endfacet
  facet normal 6.360782e-01 1.434565e-16 7.716246e-01
    outer loop
      vertex   5.656531e-02 2.776667e-02 2.599119e-01
      vertex   5.656531e-02 5.853333e-02 2.599119e-01
      vertex   5.538019e-02 2.776667e-02 2.608889e-01
    endloop
  endfacet
  facet normal 6.360782e-01 1.434565e-16 7.716246e-01
    outer loop
      vertex   5.538019e-02 2.776667e-02 2.608889e-01
      vertex   5.656531e-02 5.853333e-02 2.599119e-01
      vertex   5.538019e-02 5.853333e-02 2.608889e-01
    endloop
  endfacet
  facet normal 6.225146e-01 1.403975e-16 7.826082e-01
    outer loop
      vertex   5.538019e-02 2.776667e-02 2.608889e-01
      vertex   5.538019e-02 5.853333e-02 2.608889e-01
      vertex   5.417821e-02 2.776667e-02 2.618450e-01
    endloop
  endfacet
  facet normal 6.225146e-01 -0.000000e+00 7.826082e-01
    outer loop
      vertex   5.417821e-02 2.776667e-02 2.618450e-01
      vertex   5.538019e-02 5.853333e-02 2.608889e-01
      vertex   5.417821e-02 5.853333e-02 2.618450e-01
    endloop
  endfacet
  facet normal 6.087614e-01 -0.000000e+00 7.933533e-01
    outer loop
      vertex   5.417821e-02 2.776667e-02 2.618450e-01
      vertex   5.417821e-02 5.853333e-02 2.618450e-01
      vertex   5.295972e-02 2.776667e-02 2.627799e-01
    endloop
  endfacet
  facet normal 6.087614e-01 1.372957e-16 7.933533e-01
    outer loop
      vertex   5.295972e-02 2.776667e-02 2.627799e-01
      vertex   5.417821e-02 5.853333e-02 2.618450e-01
      vertex   5.295972e-02 5.853333e-02 2.627799e-01
    endloop
  endfacet
  facet normal 5.948228e-01 1.341521e-16 8.038569e-01
    outer loop
      vertex   5.295972e-02 2.776667e-02 2.627799e-01
      vertex   5.295972e-02 5.853333e-02 2.627799e-01
      vertex   5.172510e-02 2.776667e-02 2.636935e-01
    endloop
  endfacet
  facet normal 5.948228e-01 1.341521e-16 8.038569e-01
    outer loop
      vertex   5.172510e-02 2.776667e-02 2.636935e-01
      vertex   5.295972e-02 5.853333e-02 2.627799e-01
      vertex   5.172510e-02 5.853333e-02 2.636935e-01
    endloop
  endfacet
  facet normal 5.807030e-01 1.309676e-16 8.141155e-01
    outer loop
      vertex   5.172510e-02 2.776667e-02 2.636935e-01
      vertex   5.172510e-02 5.853333e-02 2.636935e-01
      vertex   5.047473e-02 2.776667e-02 2.645854e-01
    endloop
  endfacet
  facet normal 5.807030e-01 2.619352e-16 8.141155e-01
    outer loop
      vertex   5.047473e-02 2.776667e-02 2.645854e-01
      vertex   5.172510e-02 5.853333e-02 2.636935e-01
      vertex   5.047473e-02 5.853333e-02 2.645854e-01
    endloop
  endfacet
  facet normal 5.664062e-01 2.554864e-16 8.241262e-01
    outer loop
      vertex   5.047473e-02 2.776667e-02 2.645854e-01
      vertex   5.047473e-02 5.853333e-02 2.645854e-01
      vertex   4.920898e-02 2.776667e-02 2.654553e-01
    endloop
  endfacet
  facet normal 5.664062e-01 -2.554864e-16 8.241262e-01
    outer loop
      vertex   4.920898e-02 2.776667e-02 2.654553e-01
      vertex   5.047473e-02 5.853333e-02 2.645854e-01
      vertex   4.920898e-02 5.853333e-02 2.654553e-01
    endloop
  endfacet
  facet normal 5.519370e-01 -2.489598e-16 8.338858e-01
    outer loop
      vertex   4.920898e-02 2.776667e-02 2.654553e-01
      vertex   4.920898e-02 5.853333e-02 2.654553e-01
      vertex   4.792824e-02 2.776667e-02 2.663030e-01
    endloop
  endfacet
  facet normal 5.519370e-01 3.734398e-16 8.338858e-01
    outer loop
      vertex   4.792824e-02 2.776667e-02 2.663030e-01
      vertex   4.920898e-02 5.853333e-02 2.654553e-01
      vertex   4.792824e-02 5.853333e-02 2.663030e-01
    endloop
  endfacet
  facet normal 5.372996e-01 3.635361e-16 8.433914e-01
    outer loop
      vertex   4.792824e-02 2.776667e-02 2.663030e-01
      vertex   4.792824e-02 5.853333e-02 2.663030e-01
      vertex   4.663290e-02 2.776667e-02 2.671282e-01
    endloop
  endfacet
  facet normal 5.372996e-01 1.211787e-16 8.433914e-01
    outer loop
      vertex   4.663290e-02 2.776667e-02 2.671282e-01
      vertex   4.792824e-02 5.853333e-02 2.663030e-01
      vertex   4.663290e-02 5.853333e-02 2.671282e-01
    endloop
  endfacet
  facet normal 5.224986e-01 1.178406e-16 8.526402e-01
    outer loop
      vertex   4.663290e-02 2.776667e-02 2.671282e-01
      vertex   4.663290e-02 5.853333e-02 2.671282e-01
      vertex   4.532335e-02 2.776667e-02 2.679307e-01
    endloop
  endfacet
  facet normal 5.224986e-01 -0.000000e+00 8.526402e-01
    outer loop
      vertex   4.532335e-02 2.776667e-02 2.679307e-01
      vertex   4.663290e-02 5.853333e-02 2.671282e-01
      vertex   4.532335e-02 5.853333e-02 2.679307e-01
    endloop
  endfacet
  facet normal 5.075384e-01 -0.000000e+00 8.616292e-01
    outer loop
      vertex   4.532335e-02 2.776667e-02 2.679307e-01
      vertex   4.532335e-02 5.853333e-02 2.679307e-01
      vertex   4.400000e-02 2.776667e-02 2.687102e-01
    endloop
  endfacet
  facet normal 5.075384e-01 -0.000000e+00 8.616292e-01
    outer loop
      vertex   4.400000e-02 2.776667e-02 2.687102e-01
      vertex   4.532335e-02 5.853333e-02 2.679307e-01
      vertex   4.400000e-02 5.853333e-02 2.687102e-01
    endloop
  endfacet
  facet normal 4.924236e-01 -0.000000e+00 8.703557e-01
    outer loop
      vertex   4.400000e-02 2.776667e-02 2.687102e-01
      vertex   4.400000e-02 5.853333e-02 2.687102e-01
      vertex   4.266325e-02 2.776667e-02 2.694665e-01
    endloop
  endfacet
  facet normal 4.924236e-01 -0.000000e+00 8.703557e-01
    outer loop
      vertex   4.266325e-02 2.776667e-02 2.694665e-01
      vertex   4.400000e-02 5.853333e-02 2.687102e-01
      vertex   4.266325e-02 5.853333e-02 2.694665e-01
    endloop
  endfacet
  facet normal 4.771588e-01 -0.000000e+00 8.788171e-01
    outer loop
      vertex   4.266325e-02 2.776667e-02 2.694665e-01
      vertex   4.266325e-02 5.853333e-02 2.694665e-01
      vertex   4.131350e-02 2.776667e-02 2.701994e-01
    endloop
  endfacet
  facet normal 4.771588e-01 4.304599e-16 8.788171e-01
    outer loop
      vertex   4.131350e-02 2.776667e-02 2.701994e-01
      vertex   4.266325e-02 5.853333e-02 2.694665e-01
      vertex   4.131350e-02 5.853333e-02 2.701994e-01
    endloop
  endfacet
  facet normal 4.617486e-01 4.165579e-16 8.870108e-01
    outer loop
      vertex   4.131350e-02 2.776667e-02 2.701994e-01
      vertex   4.131350e-02 5.853333e-02 2.701994e-01
      vertex   3.995116e-02 2.776667e-02 2.709086e-01
    endloop
  endfacet
  facet normal 4.617486e-01 2.082790e-16 8.870108e-01
    outer loop
      vertex   3.995116e-02 2.776667e-02 2.709086e-01
      vertex   4.131350e-02 5.853333e-02 2.701994e-01
      vertex   3.995116e-02 5.853333e-02 2.709086e-01
    endloop
  endfacet
  facet normal 4.461978e-01 2.012645e-16 8.949344e-01
    outer loop
      vertex   3.995116e-02 2.776667e-02 2.709086e-01
      vertex   3.995116e-02 5.853333e-02 2.709086e-01
      vertex   3.857666e-02 2.776667e-02 2.715939e-01
    endloop
  endfacet
  facet normal 4.461978e-01 3.018968e-16 8.949344e-01
    outer loop
      vertex   3.857666e-02 2.776667e-02 2.715939e-01
      vertex   3.995116e-02 5.853333e-02 2.709086e-01
      vertex   3.857666e-02 5.853333e-02 2.715939e-01
    endloop
  endfacet
  facet normal 4.305111e-01 2.912832e-16 9.025853e-01
    outer loop
      vertex   3.857666e-02 2.776667e-02 2.715939e-01
      vertex   3.857666e-02 5.853333e-02 2.715939e-01
      vertex   3.719041e-02 2.776667e-02 2.722551e-01
    endloop
  endfacet
  facet normal 4.305111e-01 -0.000000e+00 9.025853e-01
    outer loop
      vertex   3.719041e-02 2.776667e-02 2.722551e-01
      vertex   3.857666e-02 5.853333e-02 2.715939e-01
      vertex   3.719041e-02 5.853333e-02 2.722551e-01
    endloop
  endfacet
  facet normal 4.146932e-01 -0.000000e+00 9.099613e-01
    outer loop
      vertex   3.719041e-02 2.776667e-02 2.722551e-01
      vertex   3.719041e-02 5.853333e-02 2.722551e-01
      vertex   3.579282e-02 2.776667e-02 2.728920e-01
    endloop
  endfacet
  facet normal 4.146932e-01 2.805808e-16 9.099613e-01
    outer loop
      vertex   3.579282e-02 2.776667e-02 2.728920e-01
      vertex   3.719041e-02 5.853333e-02 2.722551e-01
      vertex   3.579282e-02 5.853333e-02 2.728920e-01
    endloop
  endfacet
  facet normal 3.987491e-01 2.697930e-16 9.170601e-01
    outer loop
      vertex   3.579282e-02 2.776667e-02 2.728920e-01
      vertex   3.579282e-02 5.853333e-02 2.728920e-01
      vertex   3.438434e-02 2.776667e-02 2.735044e-01
    endloop
  endfacet
  facet normal 3.987491e-01 2.697930e-16 9.170601e-01
    outer loop
      vertex   3.438434e-02 2.776667e-02 2.735044e-01
      vertex   3.579282e-02 5.853333e-02 2.728920e-01
      vertex   3.438434e-02 5.853333e-02 2.735044e-01
    endloop
  endfacet
  facet normal 3.826834e-01 2.589231e-16 9.238795e-01
    outer loop
      vertex   3.438434e-02 2.776667e-02 2.735044e-01
      vertex   3.438434e-02 5.853333e-02 2.735044e-01
      vertex   3.296538e-02 2.776667e-02 2.740922e-01
    endloop
  endfacet
  facet normal 3.826834e-01 2.589231e-16 9.238795e-01
    outer loop
      vertex   3.296538e-02 2.776667e-02 2.740922e-01
      vertex   3.438434e-02 5.853333e-02 2.735044e-01
      vertex   3.296538e-02 5.853333e-02 2.740922e-01
    endloop
  endfacet
  facet normal 3.665012e-01 2.479742e-16 9.304176e-01
    outer loop
      vertex   3.296538e-02 2.776667e-02 2.740922e-01
      vertex   3.296538e-02 5.853333e-02 2.740922e-01
      vertex   3.153638e-02 2.776667e-02 2.746551e-01
    endloop
  endfacet
  facet normal 3.665012e-01 2.479742e-16 9.304176e-01
    outer loop
      vertex   3.153638e-02 2.776667e-02 2.746551e-01
      vertex   3.296538e-02 5.853333e-02 2.740922e-01
      vertex   3.153638e-02 5.853333e-02 2.746551e-01
    endloop
  endfacet
  facet normal 3.502074e-01 2.369498e-16 9.366722e-01
    outer loop
      vertex   3.153638e-02 2.776667e-02 2.746551e-01
      vertex   3.153638e-02 5.853333e-02 2.746551e-01
      vertex   3.009777e-02 2.776667e-02 2.751930e-01
    endloop
  endfacet
  facet normal 3.502074e-01 -0.000000e+00 9.366722e-01
    outer loop
      vertex   3.009777e-02 2.776667e-02 2.751930e-01
      vertex   3.153638e-02 5.853333e-02 2.746551e-01
      vertex   3.009777e-02 5.853333e-02 2.751930e-01
    endloop
  endfacet
  facet normal 3.338069e-01 -0.000000e+00 9.426415e-01
    outer loop
      vertex   3.009777e-02 2.776667e-02 2.751930e-01
      vertex   3.009777e-02 5.853333e-02 2.751930e-01
      vertex   2.865000e-02 2.776667e-02 2.757056e-01
    endloop
  endfacet
  facet normal 3.338069e-01 1.882110e-16 9.426415e-01
    outer loop
      vertex   2.865000e-02 2.776667e-02 2.757056e-01
      vertex   3.009777e-02 5.853333e-02 2.751930e-01
      vertex   2.865000e-02 5.853333e-02 2.757056e-01
    endloop
  endfacet
  facet normal 3.173047e-01 1.789066e-16 9.483237e-01
    outer loop
      vertex   2.865000e-02 2.776667e-02 2.757056e-01
      vertex   2.865000e-02 5.853333e-02 2.757056e-01
      vertex   2.719350e-02 2.776667e-02 2.761930e-01
    endloop
  endfacet
  facet normal 3.173047e-01 1.431252e-16 9.483237e-01
    outer loop
      vertex   2.719350e-02 2.776667e-02 2.761930e-01
      vertex   2.865000e-02 5.853333e-02 2.757056e-01
      vertex   2.719350e-02 5.853333e-02 2.761930e-01
    endloop
  endfacet
  facet normal 3.007058e-01 1.356381e-16 9.537170e-01
    outer loop
      vertex   2.719350e-02 2.776667e-02 2.761930e-01
      vertex   2.719350e-02 5.853333e-02 2.761930e-01
      vertex   2.572871e-02 2.776667e-02 2.766548e-01
    endloop
  endfacet
  facet normal 3.007058e-01 2.373666e-16 9.537170e-01
    outer loop
      vertex   2.572871e-02 2.776667e-02 2.766548e-01
      vertex   2.719350e-02 5.853333e-02 2.761930e-01
      vertex   2.572871e-02 5.853333e-02 2.766548e-01
    endloop
  endfacet
  facet normal 2.840153e-01 2.241918e-16 9.588197e-01
    outer loop
      vertex   2.572871e-02 2.776667e-02 2.766548e-01
      vertex   2.572871e-02 5.853333e-02 2.766548e-01
      vertex   2.425609e-02 2.776667e-02 2.770910e-01
    endloop
  endfacet
  facet normal 2.840153e-01 1.569826e-15 9.588197e-01
    outer loop
      vertex   2.425609e-02 2.776667e-02 2.770910e-01
      vertex   2.572871e-02 5.853333e-02 2.766548e-01
      vertex   2.425609e-02 5.853333e-02 2.770910e-01
    endloop
  endfacet
  facet normal 2.672384e-01 1.587965e-15 9.636305e-01
    outer loop
      vertex   2.425609e-02 2.776667e-02 2.770910e-01
      vertex   2.425609e-02 5.853333e-02 2.770910e-01
      vertex   2.277608e-02 2.776667e-02 2.775015e-01
    endloop
  endfacet
  facet normal 2.672384e-01 1.808131e-16 9.636305e-01
    outer loop
      vertex   2.277608e-02 2.776667e-02 2.775015e-01
      vertex   2.425609e-02 5.853333e-02 2.770910e-01
      vertex   2.277608e-02 5.853333e-02 2.775015e-01
    endloop
  endfacet
  facet normal 2.503800e-01 1.694067e-16 9.681476e-01
    outer loop
      vertex   2.277608e-02 2.776667e-02 2.775015e-01
      vertex   2.277608e-02 5.853333e-02 2.775015e-01
      vertex   2.128913e-02 2.776667e-02 2.778860e-01
    endloop
  endfacet
  facet normal 2.503800e-01 1.976412e-16 9.681476e-01
    outer loop
      vertex   2.128913e-02 2.776667e-02 2.778860e-01
      vertex   2.277608e-02 5.853333e-02 2.775015e-01
      vertex   2.128913e-02 5.853333e-02 2.778860e-01
    endloop
  endfacet
  facet normal 2.334454e-01 1.842736e-16 9.723699e-01
    outer loop
      vertex   2.128913e-02 2.776667e-02 2.778860e-01
      vertex   2.128913e-02 5.853333e-02 2.778860e-01
      vertex   1.979569e-02 2.776667e-02 2.782446e-01
    endloop
  endfacet
  facet normal 2.334454e-01 -0.000000e+00 9.723699e-01
    outer loop
      vertex   1.979569e-02 2.776667e-02 2.782446e-01
      vertex   2.128913e-02 5.853333e-02 2.778860e-01
      vertex   1.979569e-02 5.853333e-02 2.782446e-01
    endloop
  endfacet
  facet normal 2.164396e-01 -0.000000e+00 9.762960e-01
    outer loop
      vertex   1.979569e-02 2.776667e-02 2.782446e-01
      vertex   1.979569e-02 5.853333e-02 2.782446e-01
      vertex   1.829623e-02 2.776667e-02 2.785770e-01
    endloop
  endfacet
  facet normal 2.164396e-01 -0.000000e+00 9.762960e-01
    outer loop
      vertex   1.829623e-02 2.776667e-02 2.785770e-01
      vertex   1.979569e-02 5.853333e-02 2.782446e-01
      vertex   1.829623e-02 5.853333e-02 2.785770e-01
    endloop
  endfacet
  facet normal 1.993679e-01 -0.000000e+00 9.799247e-01
    outer loop
      vertex   1.829623e-02 2.776667e-02 2.785770e-01
      vertex   1.829623e-02 5.853333e-02 2.785770e-01
      vertex   1.679119e-02 2.776667e-02 2.788832e-01
    endloop
  endfacet
  facet normal 1.993679e-01 1.655632e-15 9.799247e-01
    outer loop
      vertex   1.679119e-02 2.776667e-02 2.788832e-01
      vertex   1.829623e-02 5.853333e-02 2.785770e-01
      vertex   1.679119e-02 5.853333e-02 2.788832e-01
    endloop
  endfacet
  facet normal 1.822355e-01 1.671300e-15 9.832549e-01
    outer loop
      vertex   1.679119e-02 2.776667e-02 2.788832e-01
      vertex   1.679119e-02 5.853333e-02 2.788832e-01
      vertex   1.528104e-02 2.776667e-02 2.791631e-01
    endloop
  endfacet
  facet normal 1.822355e-01 1.130253e-16 9.832549e-01
    outer loop
      vertex   1.528104e-02 2.776667e-02 2.791631e-01
      vertex   1.679119e-02 5.853333e-02 2.788832e-01
      vertex   1.528104e-02 5.853333e-02 2.791631e-01
    endloop
  endfacet
  facet normal 1.650476e-01 1.023651e-16 9.862856e-01
    outer loop
      vertex   1.528104e-02 2.776667e-02 2.791631e-01
      vertex   1.528104e-02 5.853333e-02 2.791631e-01
      vertex   1.376623e-02 2.776667e-02 2.794166e-01
    endloop
  endfacet
  facet normal 1.650476e-01 1.023651e-16 9.862856e-01
    outer loop
      vertex   1.376623e-02 2.776667e-02 2.794166e-01
      vertex   1.528104e-02 5.853333e-02 2.791631e-01
      vertex   1.376623e-02 5.853333e-02 2.794166e-01
    endloop
  endfacet
  facet normal 1.478094e-01 9.167366e-17 9.890159e-01
    outer loop
      vertex   1.376623e-02 2.776667e-02 2.794166e-01
      vertex   1.376623e-02 5.853333e-02 2.794166e-01
      vertex   1.224723e-02 2.776667e-02 2.796436e-01
    endloop
  endfacet
  facet normal 1.478094e-01 -0.000000e+00 9.890159e-01
    outer loop
      vertex   1.224723e-02 2.776667e-02 2.796436e-01
      vertex   1.376623e-02 5.853333e-02 2.794166e-01
      vertex   1.224723e-02 5.853333e-02 2.796436e-01
    endloop
  endfacet
  facet normal 1.305262e-01 -0.000000e+00 9.914449e-01
    outer loop
      vertex   1.224723e-02 2.776667e-02 2.796436e-01
      vertex   1.224723e-02 5.853333e-02 2.796436e-01
      vertex   1.072450e-02 2.776667e-02 2.798441e-01
    endloop
  endfacet
  facet normal 1.305262e-01 -8.095435e-17 9.914449e-01
    outer loop
      vertex   1.072450e-02 2.776667e-02 2.798441e-01
      vertex   1.224723e-02 5.853333e-02 2.796436e-01
      vertex   1.072450e-02 5.853333e-02 2.798441e-01
    endloop
  endfacet
  facet normal 1.132032e-01 -7.021037e-17 9.935719e-01
    outer loop
      vertex   1.072450e-02 2.776667e-02 2.798441e-01
      vertex   1.072450e-02 5.853333e-02 2.798441e-01
      vertex   9.198505e-03 2.776667e-02 2.800179e-01
    endloop
  endfacet
  facet normal 1.132032e-01 7.659313e-17 9.935719e-01
    outer loop
      vertex   9.198505e-03 2.776667e-02 2.800179e-01
      vertex   1.072450e-02 5.853333e-02 2.798441e-01
      vertex   9.198505e-03 5.853333e-02 2.800179e-01
    endloop
  endfacet
  facet normal 9.584575e-02 6.484910e-17 9.953962e-01
    outer loop
      vertex   9.198505e-03 2.776667e-02 2.800179e-01
      vertex   9.198505e-03 5.853333e-02 2.800179e-01
      vertex   7.669705e-03 2.776667e-02 2.801651e-01
    endloop
  endfacet
  facet normal 9.584575e-02 6.214705e-17 9.953962e-01
    outer loop
      vertex   7.669705e-03 2.776667e-02 2.801651e-01
      vertex   9.198505e-03 5.853333e-02 2.800179e-01
      vertex   7.669705e-03 5.853333e-02 2.801651e-01
    endloop
  endfacet
  facet normal 7.845910e-02 5.087342e-17 9.969173e-01
    outer loop
      vertex   7.669705e-03 2.776667e-02 2.801651e-01
      vertex   7.669705e-03 5.853333e-02 2.801651e-01
      vertex   6.138570e-03 2.776667e-02 2.802856e-01
    endloop
  endfacet
  facet normal 7.845910e-02 -0.000000e+00 9.969173e-01
    outer loop
      vertex   6.138570e-03 2.776667e-02 2.802856e-01
      vertex   7.669705e-03 5.853333e-02 2.801651e-01
      vertex   6.138570e-03 5.853333e-02 2.802856e-01
    endloop
  endfacet
  facet normal 6.104854e-02 -0.000000e+00 9.981348e-01
    outer loop
      vertex   6.138570e-03 2.776667e-02 2.802856e-01
      vertex   6.138570e-03 5.853333e-02 2.802856e-01
      vertex   4.605564e-03 2.776667e-02 2.803794e-01
    endloop
  endfacet
  facet normal 6.104854e-02 -0.000000e+00 9.981348e-01
    outer loop
      vertex   4.605564e-03 2.776667e-02 2.803794e-01
      vertex   6.138570e-03 5.853333e-02 2.802856e-01
      vertex   4.605564e-03 5.853333e-02 2.803794e-01
    endloop
  endfacet
  facet normal 4.361939e-02 -0.000000e+00 9.990482e-01
    outer loop
      vertex   4.605564e-03 2.776667e-02 2.803794e-01
      vertex   4.605564e-03 5.853333e-02 2.803794e-01
      vertex   3.071156e-03 2.776667e-02 2.804464e-01
    endloop
  endfacet
  facet normal 4.361939e-02 -2.766826e-17 9.990482e-01
    outer loop
      vertex   3.071156e-03 2.776667e-02 2.804464e-01
      vertex   4.605564e-03 5.853333e-02 2.803794e-01
      vertex   3.071156e-03 5.853333e-02 2.804464e-01
    endloop
  endfacet
  facet normal 2.617695e-02 -1.660433e-17 9.996573e-01
    outer loop
      vertex   3.071156e-03 2.776667e-02 2.804464e-01
      vertex   3.071156e-03 5.853333e-02 2.804464e-01
      vertex   1.535812e-03 2.776667e-02 2.804866e-01
    endloop
  endfacet
  facet normal 2.617695e-02 1.660433e-17 9.996573e-01
    outer loop
      vertex   1.535812e-03 2.776667e-02 2.804866e-01
      vertex   3.071156e-03 5.853333e-02 2.804464e-01
      vertex   1.535812e-03 5.853333e-02 2.804866e-01
    endloop
  endfacet
  facet normal 8.726535e-03 5.535339e-18 9.999619e-01
    outer loop
      vertex   1.535812e-03 2.776667e-02 2.804866e-01
      vertex   1.535812e-03 5.853333e-02 2.804866e-01
      vertex   5.388446e-18 2.776667e-02 2.805000e-01
    endloop
  endfacet
  facet normal 8.726535e-03 5.542227e-18 9.999619e-01
    outer loop
      vertex   5.388446e-18 2.776667e-02 2.805000e-01
      vertex   1.535812e-03 5.853333e-02 2.804866e-01
      vertex   -1.415148e-17 5.853333e-02 2.805000e-01
    endloop
  endfacet
  facet normal -8.726535e-03 -5.542227e-18 9.999619e-01
    outer loop
      vertex   5.388446e-18 2.776667e-02 2.805000e-01
      vertex   -1.415148e-17 5.853333e-02 2.805000e-01
      vertex   -1.535812e-03 2.776667e-02 2.804866e-01
    endloop
  endfacet
  facet normal -8.726535e-03 0.000000e+00 9.999619e-01
    outer loop
      vertex   -1.535812e-03 2.776667e-02 2.804866e-01
      vertex   -1.415148e-17 5.853333e-02 2.805000e-01
      vertex   -1.535812e-03 5.853333e-02 2.804866e-01
    endloop
  endfacet
  facet normal -2.617695e-02 0.000000e+00 9.996573e-01
    outer loop
      vertex   -1.535812e-03 2.776667e-02 2.804866e-01
      vertex   -1.535812e-03 5.853333e-02 2.804866e-01
      vertex   -3.071156e-03 2.776667e-02 2.804464e-01
    endloop
  endfacet
  facet normal -2.617695e-02 1.660433e-17 9.996573e-01
    outer loop
      vertex   -3.071156e-03 2.776667e-02 2.804464e-01
      vertex   -1.535812e-03 5.853333e-02 2.804866e-01
      vertex   -3.071156e-03 5.853333e-02 2.804464e-01
    endloop
  endfacet
  facet normal -4.361939e-02 2.766826e-17 9.990482e-01
    outer loop
      vertex   -3.071156e-03 2.776667e-02 2.804464e-01
      vertex   -3.071156e-03 5.853333e-02 2.804464e-01
      vertex   -4.605564e-03 2.776667e-02 2.803794e-01
    endloop
  endfacet
  facet normal -4.361939e-02 -2.705341e-17 9.990482e-01
    outer loop
      vertex   -4.605564e-03 2.776667e-02 2.803794e-01
      vertex   -3.071156e-03 5.853333e-02 2.804464e-01
      vertex   -4.605564e-03 5.853333e-02 2.803794e-01
    endloop
  endfacet
  facet normal -6.104854e-02 -3.786324e-17 9.981348e-01
    outer loop
      vertex   -4.605564e-03 2.776667e-02 2.803794e-01
      vertex   -4.605564e-03 5.853333e-02 2.803794e-01
      vertex   -6.138570e-03 2.776667e-02 2.802856e-01
    endloop
  endfacet
  facet normal -6.104854e-02 -3.786324e-17 9.981348e-01
    outer loop
      vertex   -6.138570e-03 2.776667e-02 2.802856e-01
      vertex   -4.605564e-03 5.853333e-02 2.803794e-01
      vertex   -6.138570e-03 5.853333e-02 2.802856e-01
    endloop
  endfacet
  facet normal -7.845910e-02 -4.866153e-17 9.969173e-01
    outer loop
      vertex   -6.138570e-03 2.776667e-02 2.802856e-01
      vertex   -6.138570e-03 5.853333e-02 2.802856e-01
      vertex   -7.669705e-03 2.776667e-02 2.801651e-01
    endloop
  endfacet
  facet normal -7.845910e-02 0.000000e+00 9.969173e-01
    outer loop
      vertex   -7.669705e-03 2.776667e-02 2.801651e-01
      vertex   -6.138570e-03 5.853333e-02 2.802856e-01
      vertex   -7.669705e-03 5.853333e-02 2.801651e-01
    endloop
  endfacet
  facet normal -9.584575e-02 0.000000e+00 9.953962e-01
    outer loop
      vertex   -7.669705e-03 2.776667e-02 2.801651e-01
      vertex   -7.669705e-03 5.853333e-02 2.801651e-01
      vertex   -9.198505e-03 2.776667e-02 2.800179e-01
    endloop
  endfacet
  facet normal -9.584575e-02 6.484910e-17 9.953962e-01
    outer loop
      vertex   -9.198505e-03 2.776667e-02 2.800179e-01
      vertex   -7.669705e-03 5.853333e-02 2.801651e-01
      vertex   -9.198505e-03 5.853333e-02 2.800179e-01
    endloop
  endfacet
  facet normal -1.132032e-01 7.659313e-17 9.935719e-01
    outer loop
      vertex   -9.198505e-03 2.776667e-02 2.800179e-01
      vertex   -9.198505e-03 5.853333e-02 2.800179e-01
      vertex   -1.072450e-02 2.776667e-02 2.798441e-01
    endloop
  endfacet
  facet normal -1.132032e-01 7.021037e-17 9.935719e-01
    outer loop
      vertex   -1.072450e-02 2.776667e-02 2.798441e-01
      vertex   -9.198505e-03 5.853333e-02 2.800179e-01
      vertex   -1.072450e-02 5.853333e-02 2.798441e-01
    endloop
  endfacet
  facet normal -1.305262e-01 8.095435e-17 9.914449e-01
    outer loop
      vertex   -1.072450e-02 2.776667e-02 2.798441e-01
      vertex   -1.072450e-02 5.853333e-02 2.798441e-01
      vertex   -1.224723e-02 2.776667e-02 2.796436e-01
    endloop
  endfacet
  facet normal -1.305262e-01 -8.095435e-17 9.914449e-01
    outer loop
      vertex   -1.224723e-02 2.776667e-02 2.796436e-01
      vertex   -1.072450e-02 5.853333e-02 2.798441e-01
      vertex   -1.224723e-02 5.853333e-02 2.796436e-01
    endloop
  endfacet
  facet normal -1.478094e-01 -9.167366e-17 9.890159e-01
    outer loop
      vertex   -1.224723e-02 2.776667e-02 2.796436e-01
      vertex   -1.224723e-02 5.853333e-02 2.796436e-01
      vertex   -1.376623e-02 2.776667e-02 2.794166e-01
    endloop
  endfacet
  facet normal -1.478094e-01 -9.167366e-17 9.890159e-01
    outer loop
      vertex   -1.376623e-02 2.776667e-02 2.794166e-01
      vertex   -1.224723e-02 5.853333e-02 2.796436e-01
      vertex   -1.376623e-02 5.853333e-02 2.794166e-01
    endloop
  endfacet
  facet normal -1.650476e-01 -1.023651e-16 9.862856e-01
    outer loop
      vertex   -1.376623e-02 2.776667e-02 2.794166e-01
      vertex   -1.376623e-02 5.853333e-02 2.794166e-01
      vertex   -1.528104e-02 2.776667e-02 2.791631e-01
    endloop
  endfacet
  facet normal -1.650476e-01 0.000000e+00 9.862856e-01
    outer loop
      vertex   -1.528104e-02 2.776667e-02 2.791631e-01
      vertex   -1.376623e-02 5.853333e-02 2.794166e-01
      vertex   -1.528104e-02 5.853333e-02 2.791631e-01
    endloop
  endfacet
  facet normal -1.822355e-01 0.000000e+00 9.832549e-01
    outer loop
      vertex   -1.528104e-02 2.776667e-02 2.791631e-01
      vertex   -1.528104e-02 5.853333e-02 2.791631e-01
      vertex   -1.679119e-02 2.776667e-02 2.788832e-01
    endloop
  endfacet
  facet normal -1.822355e-01 1.027502e-16 9.832549e-01
    outer loop
      vertex   -1.679119e-02 2.776667e-02 2.788832e-01
      vertex   -1.528104e-02 5.853333e-02 2.791631e-01
      vertex   -1.679119e-02 5.853333e-02 2.788832e-01
    endloop
  endfacet
  facet normal -1.993679e-01 1.124100e-16 9.799247e-01
    outer loop
      vertex   -1.679119e-02 2.776667e-02 2.788832e-01
      vertex   -1.679119e-02 5.853333e-02 2.788832e-01
      vertex   -1.829623e-02 2.776667e-02 2.785770e-01
    endloop
  endfacet
  facet normal -1.993679e-01 -1.124100e-16 9.799247e-01
    outer loop
      vertex   -1.829623e-02 2.776667e-02 2.785770e-01
      vertex   -1.679119e-02 5.853333e-02 2.788832e-01
      vertex   -1.829623e-02 5.853333e-02 2.785770e-01
    endloop
  endfacet
  facet normal -2.164396e-01 -1.220356e-16 9.762960e-01
    outer loop
      vertex   -1.829623e-02 2.776667e-02 2.785770e-01
      vertex   -1.829623e-02 5.853333e-02 2.785770e-01
      vertex   -1.979569e-02 2.776667e-02 2.782446e-01
    endloop
  endfacet
  facet normal -2.164396e-01 -1.220356e-16 9.762960e-01
    outer loop
      vertex   -1.979569e-02 2.776667e-02 2.782446e-01
      vertex   -1.829623e-02 5.853333e-02 2.785770e-01
      vertex   -1.979569e-02 5.853333e-02 2.782446e-01
    endloop
  endfacet
  facet normal -2.334454e-01 -1.316240e-16 9.723699e-01
    outer loop
      vertex   -1.979569e-02 2.776667e-02 2.782446e-01
      vertex   -1.979569e-02 5.853333e-02 2.782446e-01
      vertex   -2.128913e-02 2.776667e-02 2.778860e-01
    endloop
  endfacet
  facet normal -2.334454e-01 0.000000e+00 9.723699e-01
    outer loop
      vertex   -2.128913e-02 2.776667e-02 2.778860e-01
      vertex   -1.979569e-02 5.853333e-02 2.782446e-01
      vertex   -2.128913e-02 5.853333e-02 2.778860e-01
    endloop
  endfacet
  facet normal -2.503800e-01 0.000000e+00 9.681476e-01
    outer loop
      vertex   -2.128913e-02 2.776667e-02 2.778860e-01
      vertex   -2.128913e-02 5.853333e-02 2.778860e-01
      vertex   -2.277608e-02 2.776667e-02 2.775015e-01
    endloop
  endfacet
  facet normal -2.503800e-01 1.411723e-16 9.681476e-01
    outer loop
      vertex   -2.277608e-02 2.776667e-02 2.775015e-01
      vertex   -2.128913e-02 5.853333e-02 2.778860e-01
      vertex   -2.277608e-02 5.853333e-02 2.775015e-01
    endloop
  endfacet
  facet normal -2.672384e-01 1.506776e-16 9.636305e-01
    outer loop
      vertex   -2.277608e-02 2.776667e-02 2.775015e-01
      vertex   -2.277608e-02 5.853333e-02 2.775015e-01
      vertex   -2.425609e-02 2.776667e-02 2.770910e-01
    endloop
  endfacet
  facet normal -2.672384e-01 1.205421e-16 9.636305e-01
    outer loop
      vertex   -2.425609e-02 2.776667e-02 2.770910e-01
      vertex   -2.277608e-02 5.853333e-02 2.775015e-01
      vertex   -2.425609e-02 5.853333e-02 2.770910e-01
    endloop
  endfacet
  facet normal -2.840153e-01 1.281096e-16 9.588197e-01
    outer loop
      vertex   -2.425609e-02 2.776667e-02 2.770910e-01
      vertex   -2.425609e-02 5.853333e-02 2.770910e-01
      vertex   -2.572871e-02 2.776667e-02 2.766548e-01
    endloop
  endfacet
  facet normal -2.840153e-01 -1.921644e-16 9.588197e-01
    outer loop
      vertex   -2.572871e-02 2.776667e-02 2.766548e-01
      vertex   -2.425609e-02 5.853333e-02 2.770910e-01
      vertex   -2.572871e-02 5.853333e-02 2.766548e-01
    endloop
  endfacet
  facet normal -3.007058e-01 -2.034571e-16 9.537170e-01
    outer loop
      vertex   -2.572871e-02 2.776667e-02 2.766548e-01
      vertex   -2.572871e-02 5.853333e-02 2.766548e-01
      vertex   -2.719350e-02 2.776667e-02 2.761930e-01
    endloop
  endfacet
  facet normal -3.007058e-01 0.000000e+00 9.537170e-01
    outer loop
      vertex   -2.719350e-02 2.776667e-02 2.761930e-01
      vertex   -2.572871e-02 5.853333e-02 2.766548e-01
      vertex   -2.719350e-02 5.853333e-02 2.761930e-01
    endloop
  endfacet
  facet normal -3.173047e-01 0.000000e+00 9.483237e-01
    outer loop
      vertex   -2.719350e-02 2.776667e-02 2.761930e-01
      vertex   -2.719350e-02 5.853333e-02 2.761930e-01
      vertex   -2.865000e-02 2.776667e-02 2.757056e-01
    endloop
  endfacet
  facet normal -3.173047e-01 0.000000e+00 9.483237e-01
    outer loop
      vertex   -2.865000e-02 2.776667e-02 2.757056e-01
      vertex   -2.719350e-02 5.853333e-02 2.761930e-01
      vertex   -2.865000e-02 5.853333e-02 2.757056e-01
    endloop
  endfacet
  facet normal -3.338069e-01 0.000000e+00 9.426415e-01
    outer loop
      vertex   -2.865000e-02 2.776667e-02 2.757056e-01
      vertex   -2.865000e-02 5.853333e-02 2.757056e-01
      vertex   -3.009777e-02 2.776667e-02 2.751930e-01
    endloop
  endfacet
  facet normal -3.338069e-01 2.258532e-16 9.426415e-01
    outer loop
      vertex   -3.009777e-02 2.776667e-02 2.751930e-01
      vertex   -2.865000e-02 5.853333e-02 2.757056e-01
      vertex   -3.009777e-02 5.853333e-02 2.751930e-01
    endloop
  endfacet
  facet normal -3.502074e-01 2.369498e-16 9.366722e-01
    outer loop
      vertex   -3.009777e-02 2.776667e-02 2.751930e-01
      vertex   -3.009777e-02 5.853333e-02 2.751930e-01
      vertex   -3.153638e-02 2.776667e-02 2.746551e-01
    endloop
  endfacet
  facet normal -3.502074e-01 -2.369498e-16 9.366722e-01
    outer loop
      vertex   -3.153638e-02 2.776667e-02 2.746551e-01
      vertex   -3.009777e-02 5.853333e-02 2.751930e-01
      vertex   -3.153638e-02 5.853333e-02 2.746551e-01
    endloop
  endfacet
  facet normal -3.665012e-01 -2.479742e-16 9.304176e-01
    outer loop
      vertex   -3.153638e-02 2.776667e-02 2.746551e-01
      vertex   -3.153638e-02 5.853333e-02 2.746551e-01
      vertex   -3.296538e-02 2.776667e-02 2.740922e-01
    endloop
  endfacet
  facet normal -3.665012e-01 0.000000e+00 9.304176e-01
    outer loop
      vertex   -3.296538e-02 2.776667e-02 2.740922e-01
      vertex   -3.153638e-02 5.853333e-02 2.746551e-01
      vertex   -3.296538e-02 5.853333e-02 2.740922e-01
    endloop
  endfacet
  facet normal -3.826834e-01 0.000000e+00 9.238795e-01
    outer loop
      vertex   -3.296538e-02 2.776667e-02 2.740922e-01
      vertex   -3.296538e-02 5.853333e-02 2.740922e-01
      vertex   -3.438434e-02 2.776667e-02 2.735044e-01
    endloop
  endfacet
  facet normal -3.826834e-01 1.726154e-16 9.238795e-01
    outer loop
      vertex   -3.438434e-02 2.776667e-02 2.735044e-01
      vertex   -3.296538e-02 5.853333e-02 2.740922e-01
      vertex   -3.438434e-02 5.853333e-02 2.735044e-01
    endloop
  endfacet
  facet normal -3.987491e-01 1.798620e-16 9.170601e-01
    outer loop
      vertex   -3.438434e-02 2.776667e-02 2.735044e-01
      vertex   -3.438434e-02 5.853333e-02 2.735044e-01
      vertex   -3.579282e-02 2.776667e-02 2.728920e-01
    endloop
  endfacet
  facet normal -3.987491e-01 2.697930e-16 9.170601e-01
    outer loop
      vertex   -3.579282e-02 2.776667e-02 2.728920e-01
      vertex   -3.438434e-02 5.853333e-02 2.735044e-01
      vertex   -3.579282e-02 5.853333e-02 2.728920e-01
    endloop
  endfacet
  facet normal -4.146932e-01 2.805808e-16 9.099613e-01
    outer loop
      vertex   -3.579282e-02 2.776667e-02 2.728920e-01
      vertex   -3.579282e-02 5.853333e-02 2.728920e-01
      vertex   -3.719041e-02 2.776667e-02 2.722551e-01
    endloop
  endfacet
  facet normal -4.146932e-01 0.000000e+00 9.099613e-01
    outer loop
      vertex   -3.719041e-02 2.776667e-02 2.722551e-01
      vertex   -3.579282e-02 5.853333e-02 2.728920e-01
      vertex   -3.719041e-02 5.853333e-02 2.722551e-01
    endloop
  endfacet
  facet normal -4.305111e-01 0.000000e+00 9.025853e-01
    outer loop
      vertex   -3.719041e-02 2.776667e-02 2.722551e-01
      vertex   -3.719041e-02 5.853333e-02 2.722551e-01
      vertex   -3.857666e-02 2.776667e-02 2.715939e-01
    endloop
  endfacet
  facet normal -4.305111e-01 0.000000e+00 9.025853e-01
    outer loop
      vertex   -3.857666e-02 2.776667e-02 2.715939e-01
      vertex   -3.719041e-02 5.853333e-02 2.722551e-01
      vertex   -3.857666e-02 5.853333e-02 2.715939e-01
    endloop
  endfacet
  facet normal -4.461978e-01 0.000000e+00 8.949344e-01
    outer loop
      vertex   -3.857666e-02 2.776667e-02 2.715939e-01
      vertex   -3.857666e-02 5.853333e-02 2.715939e-01
      vertex   -3.995116e-02 2.776667e-02 2.709086e-01
    endloop
  endfacet
  facet normal -4.461978e-01 0.000000e+00 8.949344e-01
    outer loop
      vertex   -3.995116e-02 2.776667e-02 2.709086e-01
      vertex   -3.857666e-02 5.853333e-02 2.715939e-01
      vertex   -3.995116e-02 5.853333e-02 2.709086e-01
    endloop
  endfacet
  facet normal -4.617486e-01 0.000000e+00 8.870108e-01
    outer loop
      vertex   -3.995116e-02 2.776667e-02 2.709086e-01
      vertex   -3.995116e-02 5.853333e-02 2.709086e-01
      vertex   -4.131350e-02 2.776667e-02 2.701994e-01
    endloop
  endfacet
  facet normal -4.617486e-01 -1.079703e-15 8.870108e-01
    outer loop
      vertex   -4.131350e-02 2.776667e-02 2.701994e-01
      vertex   -3.995116e-02 5.853333e-02 2.709086e-01
      vertex   -4.131350e-02 5.853333e-02 2.701994e-01
    endloop
  endfacet
  facet normal -4.771588e-01 -1.047542e-15 8.788171e-01
    outer loop
      vertex   -4.131350e-02 2.776667e-02 2.701994e-01
      vertex   -4.131350e-02 5.853333e-02 2.701994e-01
      vertex   -4.266325e-02 2.776667e-02 2.694665e-01
    endloop
  endfacet
  facet normal -4.771588e-01 5.380749e-16 8.788171e-01
    outer loop
      vertex   -4.266325e-02 2.776667e-02 2.694665e-01
      vertex   -4.131350e-02 5.853333e-02 2.701994e-01
      vertex   -4.266325e-02 5.853333e-02 2.694665e-01
    endloop
  endfacet
  facet normal -4.924236e-01 5.552884e-16 8.703557e-01
    outer loop
      vertex   -4.266325e-02 2.776667e-02 2.694665e-01
      vertex   -4.266325e-02 5.853333e-02 2.694665e-01
      vertex   -4.400000e-02 2.776667e-02 2.687102e-01
    endloop
  endfacet
  facet normal -4.924236e-01 1.015062e-15 8.703557e-01
    outer loop
      vertex   -4.400000e-02 2.776667e-02 2.687102e-01
      vertex   -4.266325e-02 5.853333e-02 2.694665e-01
      vertex   -4.400000e-02 5.853333e-02 2.687102e-01
    endloop
  endfacet
  facet normal -5.075384e-01 9.822726e-16 8.616292e-01
    outer loop
      vertex   -4.400000e-02 2.776667e-02 2.687102e-01
      vertex   -4.400000e-02 5.853333e-02 2.687102e-01
      vertex   -4.532335e-02 2.776667e-02 2.679307e-01
    endloop
  endfacet
  facet normal -5.075384e-01 0.000000e+00 8.616292e-01
    outer loop
      vertex   -4.532335e-02 2.776667e-02 2.679307e-01
      vertex   -4.400000e-02 5.853333e-02 2.687102e-01
      vertex   -4.532335e-02 5.853333e-02 2.679307e-01
    endloop
  endfacet
  facet normal -5.224986e-01 0.000000e+00 8.526402e-01
    outer loop
      vertex   -4.532335e-02 2.776667e-02 2.679307e-01
      vertex   -4.532335e-02 5.853333e-02 2.679307e-01
      vertex   -4.663290e-02 2.776667e-02 2.671282e-01
    endloop
  endfacet
  facet normal -5.224986e-01 1.067025e-15 8.526402e-01
    outer loop
      vertex   -4.663290e-02 2.776667e-02 2.671282e-01
      vertex   -4.532335e-02 5.853333e-02 2.679307e-01
      vertex   -4.663290e-02 5.853333e-02 2.671282e-01
    endloop
  endfacet
  facet normal -5.372996e-01 1.036985e-15 8.433914e-01
    outer loop
      vertex   -4.663290e-02 2.776667e-02 2.671282e-01
      vertex   -4.663290e-02 5.853333e-02 2.671282e-01
      vertex   -4.792824e-02 2.776667e-02 2.663030e-01
    endloop
  endfacet
  facet normal -5.372996e-01 4.847148e-16 8.433914e-01
    outer loop
      vertex   -4.792824e-02 2.776667e-02 2.663030e-01
      vertex   -4.663290e-02 5.853333e-02 2.671282e-01
      vertex   -4.792824e-02 5.853333e-02 2.663030e-01
    endloop
  endfacet
  facet normal -5.519370e-01 4.979197e-16 8.338858e-01
    outer loop
      vertex   -4.792824e-02 2.776667e-02 2.663030e-01
      vertex   -4.792824e-02 5.853333e-02 2.663030e-01
      vertex   -4.920898e-02 2.776667e-02 2.654553e-01
    endloop
  endfacet
  facet normal -5.519370e-01 0.000000e+00 8.338858e-01
    outer loop
      vertex   -4.920898e-02 2.776667e-02 2.654553e-01
      vertex   -4.792824e-02 5.853333e-02 2.663030e-01
      vertex   -4.920898e-02 5.853333e-02 2.654553e-01
    endloop
  endfacet
  facet normal -5.664062e-01 0.000000e+00 8.241262e-01
    outer loop
      vertex   -4.920898e-02 2.776667e-02 2.654553e-01
      vertex   -4.920898e-02 5.853333e-02 2.654553e-01
      vertex   -5.047473e-02 2.776667e-02 2.645854e-01
    endloop
  endfacet
  facet normal -5.664062e-01 9.759674e-16 8.241262e-01
    outer loop
      vertex   -5.047473e-02 2.776667e-02 2.645854e-01
      vertex   -4.920898e-02 5.853333e-02 2.654553e-01
      vertex   -5.047473e-02 5.853333e-02 2.645854e-01
    endloop
  endfacet
  facet normal -5.807030e-01 9.450080e-16 8.141155e-01
    outer loop
      vertex   -5.047473e-02 2.776667e-02 2.645854e-01
      vertex   -5.047473e-02 5.853333e-02 2.645854e-01
      vertex   -5.172510e-02 2.776667e-02 2.636935e-01
    endloop
  endfacet
  facet normal -5.807030e-01 0.000000e+00 8.141155e-01
    outer loop
      vertex   -5.172510e-02 2.776667e-02 2.636935e-01
      vertex   -5.047473e-02 5.853333e-02 2.645854e-01
      vertex   -5.172510e-02 5.853333e-02 2.636935e-01
    endloop
  endfacet
  facet normal -5.948228e-01 0.000000e+00 8.038569e-01
    outer loop
      vertex   -5.172510e-02 2.776667e-02 2.636935e-01
      vertex   -5.172510e-02 5.853333e-02 2.636935e-01
      vertex   -5.295972e-02 2.776667e-02 2.627799e-01
    endloop
  endfacet
  facet normal -5.948228e-01 -9.137607e-16 8.038569e-01
    outer loop
      vertex   -5.295972e-02 2.776667e-02 2.627799e-01
      vertex   -5.172510e-02 5.853333e-02 2.636935e-01
      vertex   -5.295972e-02 5.853333e-02 2.627799e-01
    endloop
  endfacet
  facet normal -6.087614e-01 -8.822351e-16 7.933533e-01
    outer loop
      vertex   -5.295972e-02 2.776667e-02 2.627799e-01
      vertex   -5.295972e-02 5.853333e-02 2.627799e-01
      vertex   -5.417821e-02 2.776667e-02 2.618450e-01
    endloop
  endfacet
  facet normal -6.087614e-01 0.000000e+00 7.933533e-01
    outer loop
      vertex   -5.417821e-02 2.776667e-02 2.618450e-01
      vertex   -5.295972e-02 5.853333e-02 2.627799e-01
      vertex   -5.417821e-02 5.853333e-02 2.618450e-01
    endloop
  endfacet
  facet normal -6.225146e-01 0.000000e+00 7.826082e-01
    outer loop
      vertex   -5.417821e-02 2.776667e-02 2.618450e-01
      vertex   -5.417821e-02 5.853333e-02 2.618450e-01
      vertex   -5.538019e-02 2.776667e-02 2.608889e-01
    endloop
  endfacet
  facet normal -6.225146e-01 7.100433e-16 7.826082e-01
    outer loop
      vertex   -5.538019e-02 2.776667e-02 2.608889e-01
      vertex   -5.417821e-02 5.853333e-02 2.618450e-01
      vertex   -5.538019e-02 5.853333e-02 2.608889e-01
    endloop
  endfacet
  facet normal -6.360782e-01 6.749309e-16 7.716246e-01
    outer loop
      vertex   -5.538019e-02 2.776667e-02 2.608889e-01
      vertex   -5.538019e-02 5.853333e-02 2.608889e-01
      vertex   -5.656531e-02 2.776667e-02 2.599119e-01
    endloop
  endfacet
  facet normal -6.360782e-01 0.000000e+00 7.716246e-01
    outer loop
      vertex   -5.656531e-02 2.776667e-02 2.599119e-01
      vertex   -5.538019e-02 5.853333e-02 2.608889e-01
      vertex   -5.656531e-02 5.853333e-02 2.599119e-01
    endloop
  endfacet
  facet normal -6.494480e-01 0.000000e+00 7.604060e-01
    outer loop
      vertex   -5.656531e-02 2.776667e-02 2.599119e-01
      vertex   -5.656531e-02 5.853333e-02 2.599119e-01
      vertex   -5.773319e-02 2.776667e-02 2.589145e-01
    endloop
  endfacet
  facet normal -6.494480e-01 9.325566e-16 7.604060e-01
    outer loop
      vertex   -5.773319e-02 2.776667e-02 2.589145e-01
      vertex   -5.656531e-02 5.853333e-02 2.599119e-01
      vertex   -5.773319e-02 5.853333e-02 2.589145e-01
    endloop
  endfacet
  facet normal -6.626200e-01 9.029852e-16 7.489557e-01
    outer loop
      vertex   -5.773319e-02 2.776667e-02 2.589145e-01
      vertex   -5.773319e-02 5.853333e-02 2.589145e-01
      vertex   -5.888349e-02 2.776667e-02 2.578968e-01
    endloop
  endfacet
  facet normal -6.626200e-01 0.000000e+00 7.489557e-01
    outer loop
      vertex   -5.888349e-02 2.776667e-02 2.578968e-01
      vertex   -5.773319e-02 5.853333e-02 2.589145e-01
      vertex   -5.888349e-02 5.853333e-02 2.578968e-01
    endloop
  endfacet
  facet normal -6.755902e-01 0.000000e+00 7.372773e-01
    outer loop
      vertex   -5.888349e-02 2.776667e-02 2.578968e-01
      vertex   -5.888349e-02 5.853333e-02 2.578968e-01
      vertex   -6.001586e-02 2.776667e-02 2.568591e-01
    endloop
  endfacet
  facet normal -6.755902e-01 7.207709e-16 7.372773e-01
    outer loop
      vertex   -6.001586e-02 2.776667e-02 2.568591e-01
      vertex   -5.888349e-02 5.853333e-02 2.578968e-01
      vertex   -6.001586e-02 5.853333e-02 2.568591e-01
    endloop
  endfacet
  facet normal -6.883546e-01 6.877797e-16 7.253744e-01
    outer loop
      vertex   -6.001586e-02 2.776667e-02 2.568591e-01
      vertex   -6.001586e-02 5.853333e-02 2.568591e-01
      vertex   -6.112994e-02 2.776667e-02 2.558019e-01
    endloop
  endfacet
  facet normal -6.883546e-01 -5.325331e-16 7.253744e-01
    outer loop
      vertex   -6.112994e-02 2.776667e-02 2.558019e-01
      vertex   -6.001586e-02 5.853333e-02 2.568591e-01
      vertex   -6.112994e-02 5.853333e-02 2.558019e-01
    endloop
  endfacet
  facet normal -7.009093e-01 -4.965009e-16 7.132504e-01
    outer loop
      vertex   -6.112994e-02 2.776667e-02 2.558019e-01
      vertex   -6.112994e-02 5.853333e-02 2.558019e-01
      vertex   -6.222540e-02 2.776667e-02 2.547254e-01
    endloop
  endfacet
  facet normal -7.009093e-01 0.000000e+00 7.132504e-01
    outer loop
      vertex   -6.222540e-02 2.776667e-02 2.547254e-01
      vertex   -6.112994e-02 5.853333e-02 2.558019e-01
      vertex   -6.222540e-02 5.853333e-02 2.547254e-01
    endloop
  endfacet
  facet normal -7.132504e-01 0.000000e+00 7.009093e-01
    outer loop
      vertex   -6.222540e-02 2.776667e-02 2.547254e-01
      vertex   -6.222540e-02 5.853333e-02 2.547254e-01
      vertex   -6.330190e-02 2.776667e-02 2.536299e-01
    endloop
  endfacet
  facet normal -7.132504e-01 -2.994561e-16 7.009093e-01
    outer loop
      vertex   -6.330190e-02 2.776667e-02 2.536299e-01
      vertex   -6.222540e-02 5.853333e-02 2.547254e-01
      vertex   -6.330190e-02 5.853333e-02 2.536299e-01
    endloop
  endfacet
  facet normal -7.253744e-01 -2.603981e-16 6.883546e-01
    outer loop
      vertex   -6.330190e-02 2.776667e-02 2.536299e-01
      vertex   -6.330190e-02 5.853333e-02 2.536299e-01
      vertex   -6.435913e-02 2.776667e-02 2.525159e-01
    endloop
  endfacet
  facet normal -7.253744e-01 5.875895e-16 6.883546e-01
    outer loop
      vertex   -6.435913e-02 2.776667e-02 2.525159e-01
      vertex   -6.330190e-02 5.853333e-02 2.536299e-01
      vertex   -6.435913e-02 5.853333e-02 2.525159e-01
    endloop
  endfacet
  facet normal -7.372773e-01 5.538212e-16 6.755902e-01
    outer loop
      vertex   -6.435913e-02 2.776667e-02 2.525159e-01
      vertex   -6.435913e-02 5.853333e-02 2.525159e-01
      vertex   -6.539674e-02 2.776667e-02 2.513835e-01
    endloop
  endfacet
  facet normal -7.372773e-01 0.000000e+00 6.755902e-01
    outer loop
      vertex   -6.539674e-02 2.776667e-02 2.513835e-01
      vertex   -6.435913e-02 5.853333e-02 2.525159e-01
      vertex   -6.539674e-02 5.853333e-02 2.513835e-01
    endloop
  endfacet
  facet normal -7.489557e-01 0.000000e+00 6.626200e-01
    outer loop
      vertex   -6.539674e-02 2.776667e-02 2.513835e-01
      vertex   -6.539674e-02 5.853333e-02 2.513835e-01
      vertex   -6.641444e-02 2.776667e-02 2.502332e-01
    endloop
  endfacet
  facet normal -7.489557e-01 0.000000e+00 6.626200e-01
    outer loop
      vertex   -6.641444e-02 2.776667e-02 2.502332e-01
      vertex   -6.539674e-02 5.853333e-02 2.513835e-01
      vertex   -6.641444e-02 5.853333e-02 2.502332e-01
    endloop
  endfacet
  facet normal -7.604060e-01 0.000000e+00 6.494480e-01
    outer loop
      vertex   -6.641444e-02 2.776667e-02 2.502332e-01
      vertex   -6.641444e-02 5.853333e-02 2.502332e-01
      vertex   -6.741191e-02 2.776667e-02 2.490653e-01
    endloop
  endfacet
  facet normal -7.604060e-01 0.000000e+00 6.494480e-01
    outer loop
      vertex   -6.741191e-02 2.776667e-02 2.490653e-01
      vertex   -6.641444e-02 5.853333e-02 2.502332e-01
      vertex   -6.741191e-02 5.853333e-02 2.490653e-01
    endloop
  endfacet
  facet normal -7.716246e-01 0.000000e+00 6.360782e-01
    outer loop
      vertex   -6.741191e-02 2.776667e-02 2.490653e-01
      vertex   -6.741191e-02 5.853333e-02 2.490653e-01
      vertex   -6.838884e-02 2.776667e-02 2.478802e-01
    endloop
  endfacet
  facet normal -7.716246e-01 -7.995989e-16 6.360782e-01
    outer loop
      vertex   -6.838884e-02 2.776667e-02 2.478802e-01
      vertex   -6.741191e-02 5.853333e-02 2.490653e-01
      vertex   -6.838884e-02 5.853333e-02 2.478802e-01
    endloop
  endfacet
  facet normal -7.826082e-01 -7.701723e-16 6.225146e-01
    outer loop
      vertex   -6.838884e-02 2.776667e-02 2.478802e-01
      vertex   -6.838884e-02 5.853333e-02 2.478802e-01
      vertex   -6.934495e-02 2.776667e-02 2.466782e-01
    endloop
  endfacet
  facet normal -7.826082e-01 0.000000e+00 6.225146e-01
    outer loop
      vertex   -6.934495e-02 2.776667e-02 2.466782e-01
      vertex   -6.838884e-02 5.853333e-02 2.478802e-01
      vertex   -6.934495e-02 5.853333e-02 2.466782e-01
    endloop
  endfacet
  facet normal -7.933533e-01 0.000000e+00 6.087614e-01
    outer loop
      vertex   -6.934495e-02 2.776667e-02 2.466782e-01
      vertex   -6.934495e-02 5.853333e-02 2.466782e-01
      vertex   -7.027992e-02 2.776667e-02 2.454597e-01
    endloop
  endfacet
  facet normal -7.933533e-01 0.000000e+00 6.087614e-01
    outer loop
      vertex   -7.027992e-02 2.776667e-02 2.454597e-01
      vertex   -6.934495e-02 5.853333e-02 2.466782e-01
      vertex   -7.027992e-02 5.853333e-02 2.454597e-01
    endloop
  endfacet
  facet normal -8.038569e-01 0.000000e+00 5.948228e-01
    outer loop
      vertex   -7.027992e-02 2.776667e-02 2.454597e-01
      vertex   -7.027992e-02 5.853333e-02 2.454597e-01
      vertex   -7.119350e-02 2.776667e-02 2.442251e-01
    endloop
  endfacet
  facet normal -8.038569e-01 0.000000e+00 5.948228e-01
    outer loop
      vertex   -7.119350e-02 2.776667e-02 2.442251e-01
      vertex   -7.027992e-02 5.853333e-02 2.454597e-01
      vertex   -7.119350e-02 5.853333e-02 2.442251e-01
    endloop
  endfacet
  facet normal -8.141155e-01 0.000000e+00 5.807030e-01
    outer loop
      vertex   -7.119350e-02 2.776667e-02 2.442251e-01
      vertex   -7.119350e-02 5.853333e-02 2.442251e-01
      vertex   -7.208538e-02 2.776667e-02 2.429747e-01
    endloop
  endfacet
  facet normal -8.141155e-01 5.777884e-16 5.807030e-01
    outer loop
      vertex   -7.208538e-02 2.776667e-02 2.429747e-01
      vertex   -7.119350e-02 5.853333e-02 2.442251e-01
      vertex   -7.208538e-02 5.853333e-02 2.429747e-01
    endloop
  endfacet
  facet normal -8.241262e-01 6.042323e-16 5.664062e-01
    outer loop
      vertex   -7.208538e-02 2.776667e-02 2.429747e-01
      vertex   -7.208538e-02 5.853333e-02 2.429747e-01
      vertex   -7.295531e-02 2.776667e-02 2.417090e-01
    endloop
  endfacet
  facet normal -8.241262e-01 0.000000e+00 5.664062e-01
    outer loop
      vertex   -7.295531e-02 2.776667e-02 2.417090e-01
      vertex   -7.208538e-02 5.853333e-02 2.429747e-01
      vertex   -7.295531e-02 5.853333e-02 2.417090e-01
    endloop
  endfacet
  facet normal -8.338858e-01 0.000000e+00 5.519370e-01
    outer loop
      vertex   -7.295531e-02 2.776667e-02 2.417090e-01
      vertex   -7.295531e-02 5.853333e-02 2.417090e-01
      vertex   -7.380301e-02 2.776667e-02 2.404282e-01
    endloop
  endfacet
  facet normal -8.338858e-01 0.000000e+00 5.519370e-01
    outer loop
      vertex   -7.380301e-02 2.776667e-02 2.404282e-01
      vertex   -7.295531e-02 5.853333e-02 2.417090e-01
      vertex   -7.380301e-02 5.853333e-02 2.404282e-01
    endloop
  endfacet
  facet normal -8.433914e-01 0.000000e+00 5.372996e-01
    outer loop
      vertex   -7.380301e-02 2.776667e-02 2.404282e-01
      vertex   -7.380301e-02 5.853333e-02 2.404282e-01
      vertex   -7.462823e-02 2.776667e-02 2.391329e-01
    endloop
  endfacet
  facet normal -8.433914e-01 0.000000e+00 5.372996e-01
    outer loop
      vertex   -7.462823e-02 2.776667e-02 2.391329e-01
      vertex   -7.380301e-02 5.853333e-02 2.404282e-01
      vertex   -7.462823e-02 5.853333e-02 2.391329e-01
    endloop
  endfacet
  facet normal -8.526402e-01 0.000000e+00 5.224986e-01
    outer loop
      vertex   -7.462823e-02 2.776667e-02 2.391329e-01
      vertex   -7.462823e-02 5.853333e-02 2.391329e-01
      vertex   -7.543072e-02 2.776667e-02 2.378234e-01
    endloop
  endfacet
  facet normal -8.526402e-01 7.691935e-16 5.224986e-01
    outer loop
      vertex   -7.543072e-02 2.776667e-02 2.378234e-01
      vertex   -7.462823e-02 5.853333e-02 2.391329e-01
      vertex   -7.543072e-02 5.853333e-02 2.378234e-01
    endloop
  endfacet
  facet normal -8.616292e-01 7.773027e-16 5.075384e-01
    outer loop
      vertex   -7.543072e-02 2.776667e-02 2.378234e-01
      vertex   -7.543072e-02 5.853333e-02 2.378234e-01
      vertex   -7.621024e-02 2.776667e-02 2.365000e-01
    endloop
  endfacet
  facet normal -8.616292e-01 3.886514e-16 5.075384e-01
    outer loop
      vertex   -7.621024e-02 2.776667e-02 2.365000e-01
      vertex   -7.543072e-02 5.853333e-02 2.378234e-01
      vertex   -7.621024e-02 5.853333e-02 2.365000e-01
    endloop
  endfacet
  facet normal -8.703557e-01 3.925876e-16 4.924236e-01
    outer loop
      vertex   -7.621024e-02 2.776667e-02 2.365000e-01
      vertex   -7.621024e-02 5.853333e-02 2.365000e-01
      vertex   -7.696653e-02 2.776667e-02 2.351633e-01
    endloop
  endfacet
  facet normal -8.703557e-01 0.000000e+00 4.924236e-01
    outer loop
      vertex   -7.696653e-02 2.776667e-02 2.351633e-01
      vertex   -7.621024e-02 5.853333e-02 2.365000e-01
      vertex   -7.696653e-02 5.853333e-02 2.351633e-01
    endloop
  endfacet
  facet normal -8.788171e-01 0.000000e+00 4.771588e-01
    outer loop
      vertex   -7.696653e-02 2.776667e-02 2.351633e-01
      vertex   -7.696653e-02 5.853333e-02 2.351633e-01
      vertex   -7.769939e-02 2.776667e-02 2.338135e-01
    endloop
  endfacet
  facet normal -8.788171e-01 0.000000e+00 4.771588e-01
    outer loop
      vertex   -7.769939e-02 2.776667e-02 2.338135e-01
      vertex   -7.696653e-02 5.853333e-02 2.351633e-01
      vertex   -7.769939e-02 5.853333e-02 2.338135e-01
    endloop
  endfacet
  facet normal -8.870108e-01 0.000000e+00 4.617486e-01
    outer loop
      vertex   -7.769939e-02 2.776667e-02 2.338135e-01
      vertex   -7.769939e-02 5.853333e-02 2.338135e-01
      vertex   -7.840857e-02 2.776667e-02 2.324512e-01
    endloop
  endfacet
  facet normal -8.870108e-01 0.000000e+00 4.617486e-01
    outer loop
      vertex   -7.840857e-02 2.776667e-02 2.324512e-01
      vertex   -7.769939e-02 5.853333e-02 2.338135e-01
      vertex   -7.840857e-02 5.853333e-02 2.324512e-01
    endloop
  endfacet
  facet normal -8.949344e-01 0.000000e+00 4.461978e-01
    outer loop
      vertex   -7.840857e-02 2.776667e-02 2.324512e-01
      vertex   -7.840857e-02 5.853333e-02 2.324512e-01
      vertex   -7.909388e-02 2.776667e-02 2.310767e-01
    endloop
  endfacet
  facet normal -8.949344e-01 -4.013839e-16 4.461978e-01
    outer loop
      vertex   -7.909388e-02 2.776667e-02 2.310767e-01
      vertex   -7.840857e-02 5.853333e-02 2.324512e-01
      vertex   -7.909388e-02 5.853333e-02 2.310767e-01
    endloop
  endfacet
  facet normal -9.025853e-01 -3.696299e-16 4.305111e-01
    outer loop
      vertex   -7.909388e-02 2.776667e-02 2.310767e-01
      vertex   -7.909388e-02 5.853333e-02 2.310767e-01
      vertex   -7.975509e-02 2.776667e-02 2.296904e-01
    endloop
  endfacet
  facet normal -9.025853e-01 0.000000e+00 4.305111e-01
    outer loop
      vertex   -7.975509e-02 2.776667e-02 2.296904e-01
      vertex   -7.909388e-02 5.853333e-02 2.310767e-01
      vertex   -7.975509e-02 5.853333e-02 2.296904e-01
    endloop
  endfacet
  facet normal -9.099613e-01 0.000000e+00 4.146932e-01
    outer loop
      vertex   -7.975509e-02 2.776667e-02 2.296904e-01
      vertex   -7.975509e-02 5.853333e-02 2.296904e-01
      vertex   -8.039200e-02 2.776667e-02 2.282928e-01
    endloop
  endfacet
  facet normal -9.099613e-01 3.377633e-16 4.146932e-01
    outer loop
      vertex   -8.039200e-02 2.776667e-02 2.282928e-01
      vertex   -7.975509e-02 5.853333e-02 2.296904e-01
      vertex   -8.039200e-02 5.853333e-02 2.282928e-01
    endloop
  endfacet
  facet normal -9.170601e-01 3.057938e-16 3.987491e-01
    outer loop
      vertex   -8.039200e-02 2.776667e-02 2.282928e-01
      vertex   -8.039200e-02 5.853333e-02 2.282928e-01
      vertex   -8.100443e-02 2.776667e-02 2.268843e-01
    endloop
  endfacet
  facet normal -9.170601e-01 4.136543e-16 3.987491e-01
    outer loop
      vertex   -8.100443e-02 2.776667e-02 2.268843e-01
      vertex   -8.039200e-02 5.853333e-02 2.282928e-01
      vertex   -8.100443e-02 5.853333e-02 2.268843e-01
    endloop
  endfacet
  facet normal -9.238795e-01 4.167304e-16 3.826834e-01
    outer loop
      vertex   -8.100443e-02 2.776667e-02 2.268843e-01
      vertex   -8.100443e-02 5.853333e-02 2.268843e-01
      vertex   -8.159218e-02 2.776667e-02 2.254654e-01
    endloop
  endfacet
  facet normal -9.238795e-01 0.000000e+00 3.826834e-01
    outer loop
      vertex   -8.159218e-02 2.776667e-02 2.254654e-01
      vertex   -8.100443e-02 5.853333e-02 2.268843e-01
      vertex   -8.159218e-02 5.853333e-02 2.254654e-01
    endloop
  endfacet
  facet normal -9.304176e-01 0.000000e+00 3.665012e-01
    outer loop
      vertex   -8.159218e-02 2.776667e-02 2.254654e-01
      vertex   -8.159218e-02 5.853333e-02 2.254654e-01
      vertex   -8.215508e-02 2.776667e-02 2.240364e-01
    endloop
  endfacet
  facet normal -9.304176e-01 0.000000e+00 3.665012e-01
    outer loop
      vertex   -8.215508e-02 2.776667e-02 2.240364e-01
      vertex   -8.159218e-02 5.853333e-02 2.254654e-01
      vertex   -8.215508e-02 5.853333e-02 2.240364e-01
    endloop
  endfacet
  facet normal -9.366722e-01 0.000000e+00 3.502074e-01
    outer loop
      vertex   -8.215508e-02 2.776667e-02 2.240364e-01
      vertex   -8.215508e-02 5.853333e-02 2.240364e-01
      vertex   -8.269295e-02 2.776667e-02 2.225978e-01
    endloop
  endfacet
  facet normal -9.366722e-01 0.000000e+00 3.502074e-01
    outer loop
      vertex   -8.269295e-02 2.776667e-02 2.225978e-01
      vertex   -8.215508e-02 5.853333e-02 2.240364e-01
      vertex   -8.269295e-02 5.853333e-02 2.225978e-01
    endloop
  endfacet
  facet normal -9.426415e-01 0.000000e+00 3.338069e-01
    outer loop
      vertex   -8.269295e-02 2.776667e-02 2.225978e-01
      vertex   -8.269295e-02 5.853333e-02 2.225978e-01
      vertex   -8.320563e-02 2.776667e-02 2.211500e-01
    endloop
  endfacet
  facet normal -9.426415e-01 1.240556e-16 3.338069e-01
    outer loop
      vertex   -8.320563e-02 2.776667e-02 2.211500e-01
      vertex   -8.269295e-02 5.853333e-02 2.225978e-01
      vertex   -8.320563e-02 5.853333e-02 2.211500e-01
    endloop
  endfacet
  facet normal -9.483237e-01 1.415058e-16 3.173047e-01
    outer loop
      vertex   -8.320563e-02 2.776667e-02 2.211500e-01
      vertex   -8.320563e-02 5.853333e-02 2.211500e-01
      vertex   -8.369297e-02 2.776667e-02 2.196935e-01
    endloop
  endfacet
  facet normal -9.483237e-01 0.000000e+00 3.173047e-01
    outer loop
      vertex   -8.369297e-02 2.776667e-02 2.196935e-01
      vertex   -8.320563e-02 5.853333e-02 2.211500e-01
      vertex   -8.369297e-02 5.853333e-02 2.196935e-01
    endloop
  endfacet
  facet normal -9.537170e-01 0.000000e+00 3.007058e-01
    outer loop
      vertex   -8.369297e-02 2.776667e-02 2.196935e-01
      vertex   -8.369297e-02 5.853333e-02 2.196935e-01
      vertex   -8.415482e-02 2.776667e-02 2.182287e-01
    endloop
  endfacet
  facet normal -9.537170e-01 0.000000e+00 3.007058e-01
    outer loop
      vertex   -8.415482e-02 2.776667e-02 2.182287e-01
      vertex   -8.369297e-02 5.853333e-02 2.196935e-01
      vertex   -8.415482e-02 5.853333e-02 2.182287e-01
    endloop
  endfacet
  facet normal -9.588197e-01 0.000000e+00 2.840153e-01
    outer loop
      vertex   -8.415482e-02 2.776667e-02 2.182287e-01
      vertex   -8.415482e-02 5.853333e-02 2.182287e-01
      vertex   -8.459103e-02 2.776667e-02 2.167561e-01
    endloop
  endfacet
  facet normal -9.588197e-01 0.000000e+00 2.840153e-01
    outer loop
      vertex   -8.459103e-02 2.776667e-02 2.167561e-01
      vertex   -8.415482e-02 5.853333e-02 2.182287e-01
      vertex   -8.459103e-02 5.853333e-02 2.167561e-01
    endloop
  endfacet
  facet normal -9.636305e-01 0.000000e+00 2.672384e-01
    outer loop
      vertex   -8.459103e-02 2.776667e-02 2.167561e-01
      vertex   -8.459103e-02 5.853333e-02 2.167561e-01
      vertex   -8.500147e-02 2.776667e-02 2.152761e-01
    endloop
  endfacet
  facet normal -9.636305e-01 2.410841e-16 2.672384e-01
    outer loop
      vertex   -8.500147e-02 2.776667e-02 2.152761e-01
      vertex   -8.459103e-02 5.853333e-02 2.167561e-01
      vertex   -8.500147e-02 5.853333e-02 2.152761e-01
    endloop
  endfacet
  facet normal -9.681476e-01 2.258757e-16 2.503800e-01
    outer loop
      vertex   -8.500147e-02 2.776667e-02 2.152761e-01
      vertex   -8.500147e-02 5.853333e-02 2.152761e-01
      vertex   -8.538602e-02 2.776667e-02 2.137891e-01
    endloop
  endfacet
  facet normal -9.681476e-01 -2.108225e-16 2.503800e-01
    outer loop
      vertex   -8.538602e-02 2.776667e-02 2.137891e-01
      vertex   -8.500147e-02 5.853333e-02 2.152761e-01
      vertex   -8.538602e-02 5.853333e-02 2.137891e-01
    endloop
  endfacet
  facet normal -9.723699e-01 -2.280043e-16 2.334454e-01
    outer loop
      vertex   -8.538602e-02 2.776667e-02 2.137891e-01
      vertex   -8.538602e-02 5.853333e-02 2.137891e-01
      vertex   -8.574457e-02 2.776667e-02 2.122957e-01
    endloop
  endfacet
  facet normal -9.723699e-01 4.386027e-16 2.334454e-01
    outer loop
      vertex   -8.574457e-02 2.776667e-02 2.122957e-01
      vertex   -8.538602e-02 5.853333e-02 2.137891e-01
      vertex   -8.574457e-02 5.853333e-02 2.122957e-01
    endloop
  endfacet
  facet normal -9.762960e-01 4.403736e-16 2.164396e-01
    outer loop
      vertex   -8.574457e-02 2.776667e-02 2.122957e-01
      vertex   -8.574457e-02 5.853333e-02 2.122957e-01
      vertex   -8.607699e-02 2.776667e-02 2.107962e-01
    endloop
  endfacet
  facet normal -9.762960e-01 4.985970e-17 2.164396e-01
    outer loop
      vertex   -8.607699e-02 2.776667e-02 2.107962e-01
      vertex   -8.574457e-02 5.853333e-02 2.122957e-01
      vertex   -8.607699e-02 5.853333e-02 2.107962e-01
    endloop
  endfacet
  facet normal -9.799247e-01 8.229827e-17 1.993679e-01
    outer loop
      vertex   -8.607699e-02 2.776667e-02 2.107962e-01
      vertex   -8.607699e-02 5.853333e-02 2.107962e-01
      vertex   -8.638319e-02 2.776667e-02 2.092912e-01
    endloop
  endfacet
  facet normal -9.799247e-01 0.000000e+00 1.993679e-01
    outer loop
      vertex   -8.638319e-02 2.776667e-02 2.092912e-01
      vertex   -8.607699e-02 5.853333e-02 2.107962e-01
      vertex   -8.638319e-02 5.853333e-02 2.092912e-01
    endloop
  endfacet
  facet normal -9.832549e-01 0.000000e+00 1.822355e-01
    outer loop
      vertex   -8.638319e-02 2.776667e-02 2.092912e-01
      vertex   -8.638319e-02 5.853333e-02 2.092912e-01
      vertex   -8.666308e-02 2.776667e-02 2.077810e-01
    endloop
  endfacet
  facet normal -9.832549e-01 -1.644004e-16 1.822355e-01
    outer loop
      vertex   -8.666308e-02 2.776667e-02 2.077810e-01
      vertex   -8.638319e-02 5.853333e-02 2.092912e-01
      vertex   -8.666308e-02 5.853333e-02 2.077810e-01
    endloop
  endfacet
  facet normal -9.862856e-01 -1.488946e-16 1.650476e-01
    outer loop
      vertex   -8.666308e-02 2.776667e-02 2.077810e-01
      vertex   -8.666308e-02 5.853333e-02 2.077810e-01
      vertex   -8.691657e-02 2.776667e-02 2.062662e-01
    endloop
  endfacet
  facet normal -9.862856e-01 0.000000e+00 1.650476e-01
    outer loop
      vertex   -8.691657e-02 2.776667e-02 2.062662e-01
      vertex   -8.666308e-02 5.853333e-02 2.077810e-01
      vertex   -8.691657e-02 5.853333e-02 2.062662e-01
    endloop
  endfacet
  facet normal -9.890159e-01 0.000000e+00 1.478094e-01
    outer loop
      vertex   -8.691657e-02 2.776667e-02 2.062662e-01
      vertex   -8.691657e-02 5.853333e-02 2.062662e-01
      vertex   -8.714359e-02 2.776667e-02 2.047472e-01
    endloop
  endfacet
  facet normal -9.890159e-01 7.588787e-16 1.478094e-01
    outer loop
      vertex   -8.714359e-02 2.776667e-02 2.047472e-01
      vertex   -8.691657e-02 5.853333e-02 2.062662e-01
      vertex   -8.714359e-02 5.853333e-02 2.047472e-01
    endloop
  endfacet
  facet normal -9.914449e-01 7.766618e-16 1.305262e-01
    outer loop
      vertex   -8.714359e-02 2.776667e-02 2.047472e-01
      vertex   -8.714359e-02 5.853333e-02 2.047472e-01
      vertex   -8.734406e-02 2.776667e-02 2.032245e-01
    endloop
  endfacet
  facet normal -9.914449e-01 0.000000e+00 1.305262e-01
    outer loop
      vertex   -8.734406e-02 2.776667e-02 2.032245e-01
      vertex   -8.714359e-02 5.853333e-02 2.047472e-01
      vertex   -8.734406e-02 5.853333e-02 2.032245e-01
    endloop
  endfacet
  facet normal -9.935719e-01 0.000000e+00 1.132032e-01
    outer loop
      vertex   -8.734406e-02 2.776667e-02 2.032245e-01
      vertex   -8.734406e-02 5.853333e-02 2.032245e-01
      vertex   -8.751793e-02 2.776667e-02 2.016985e-01
    endloop
  endfacet
  facet normal -9.935719e-01 0.000000e+00 1.132032e-01
    outer loop
      vertex   -8.751793e-02 2.776667e-02 2.016985e-01
      vertex   -8.734406e-02 5.853333e-02 2.032245e-01
      vertex   -8.751793e-02 5.853333e-02 2.016985e-01
    endloop
  endfacet
  facet normal -9.953962e-01 0.000000e+00 9.584575e-02
    outer loop
      vertex   -8.751793e-02 2.776667e-02 2.016985e-01
      vertex   -8.751793e-02 5.853333e-02 2.016985e-01
      vertex   -8.766513e-02 2.776667e-02 2.001697e-01
    endloop
  endfacet
  facet normal -9.953962e-01 -8.646546e-17 9.584575e-02
    outer loop
      vertex   -8.766513e-02 2.776667e-02 2.001697e-01
      vertex   -8.751793e-02 5.853333e-02 2.016985e-01
      vertex   -8.766513e-02 5.853333e-02 2.001697e-01
    endloop
  endfacet
  facet normal -9.969173e-01 -7.078041e-17 7.845910e-02
    outer loop
      vertex   -8.766513e-02 2.776667e-02 2.001697e-01
      vertex   -8.766513e-02 5.853333e-02 2.001697e-01
      vertex   -8.778564e-02 2.776667e-02 1.986386e-01
    endloop
  endfacet
  facet normal -9.969173e-01 0.000000e+00 7.845910e-02
    outer loop
      vertex   -8.778564e-02 2.776667e-02 1.986386e-01
      vertex   -8.766513e-02 5.853333e-02 2.001697e-01
      vertex   -8.778564e-02 5.853333e-02 1.986386e-01
    endloop
  endfacet
  facet normal -9.981348e-01 0.000000e+00 6.104854e-02
    outer loop
      vertex   -8.778564e-02 2.776667e-02 1.986386e-01
      vertex   -8.778564e-02 5.853333e-02 1.986386e-01
      vertex   -8.787940e-02 2.776667e-02 1.971056e-01
    endloop
  endfacet
  facet normal -9.981348e-01 3.951506e-16 6.104854e-02
    outer loop
      vertex   -8.787940e-02 2.776667e-02 1.971056e-01
      vertex   -8.778564e-02 5.853333e-02 1.986386e-01
      vertex   -8.787940e-02 5.853333e-02 1.971056e-01
    endloop
  endfacet
  facet normal -9.990482e-01 4.112860e-16 4.361939e-02
    outer loop
      vertex   -8.787940e-02 2.776667e-02 1.971056e-01
      vertex   -8.787940e-02 5.853333e-02 1.971056e-01
      vertex   -8.794639e-02 2.776667e-02 1.955712e-01
    endloop
  endfacet
  facet normal -9.990482e-01 -3.935042e-17 4.361939e-02
    outer loop
      vertex   -8.794639e-02 2.776667e-02 1.955712e-01
      vertex   -8.787940e-02 5.853333e-02 1.971056e-01
      vertex   -8.794639e-02 5.853333e-02 1.955712e-01
    endloop
  endfacet
  facet normal -9.996573e-01 -2.361505e-17 2.617695e-02
    outer loop
      vertex   -8.794639e-02 2.776667e-02 1.955712e-01
      vertex   -8.794639e-02 5.853333e-02 1.955712e-01
      vertex   -8.798660e-02 2.776667e-02 1.940358e-01
    endloop
  endfacet
  facet normal -9.996573e-01 -2.361505e-17 2.617695e-02
    outer loop
      vertex   -8.798660e-02 2.776667e-02 1.940358e-01
      vertex   -8.794639e-02 5.853333e-02 1.955712e-01
      vertex   -8.798660e-02 5.853333e-02 1.940358e-01
    endloop
  endfacet
  facet normal -9.999619e-01 -7.872482e-18 8.726535e-03
    outer loop
      vertex   -8.798660e-02 2.776667e-02 1.940358e-01
      vertex   -8.798660e-02 5.853333e-02 1.940358e-01
      vertex   -8.800000e-02 2.776667e-02 1.925000e-01
    endloop
  endfacet
  facet normal -9.999619e-01 0.000000e+00 8.726535e-03
    outer loop
      vertex   -8.800000e-02 2.776667e-02 1.925000e-01
      vertex   -8.798660e-02 5.853333e-02 1.940358e-01
      vertex   -8.800000e-02 5.853333e-02 1.925000e-01
    endloop
  endfacet
  facet normal 0.000000e+00 1.000000e+00 -0.000000e+00
    outer loop
      vertex   8.798660e-02 8.930000e-02 1.909642e-01
      vertex   -8.798660e-02 8.930000e-02 1.909642e-01
      vertex   8.800000e-02 8.930000e-02 1.925000e-01
    endloop
  endfacet
  facet normal 0.000000e+00 1.000000e+00 0.000000e+00
    outer loop
      vertex   8.800000e-02 8.930000e-02 1.925000e-01
      vertex   -8.798660e-02 8.930000e-02 1.909642e-01
      vertex   -8.800000e-02 8.930000e-02 1.925000e-01
    endloop
  endfacet
  facet normal 0.000000e+00 1.000000e+00 0.000000e+00
    outer loop
      vertex   8.800000e-02 8.930000e-02 1.925000e-01
      vertex   -8.800000e-02 8.930000e-02 1.925000e-01
      vertex   8.798660e-02 8.930000e-02 1.940358e-01
    endloop
  endfacet
  facet normal 0.000000e+00 1.000000e+00 0.000000e+00
    outer loop
      vertex   8.798660e-02 8.930000e-02 1.940358e-01
      vertex   -8.800000e-02 8.930000e-02 1.925000e-01
      vertex   -8.798660e-02 8.930000e-02 1.940358e-01
    endloop
  endfacet
  facet normal 0.000000e+00 1.000000e+00 0.000000e+00
    outer loop
      vertex   8.798660e-02 8.930000e-02 1.940358e-01
      vertex   -8.798660e-02 8.930000e-02 1.940358e-01
      vertex   8.794639e-02 8.930000e-02 1.955712e-01
    endloop
  endfacet
  facet normal 0.000000e+00 1.000000e+00 0.000000e+00
    outer loop
      vertex   8.794639e-02 8.930000e-02 1.955712e-01
      vertex   -8.798660e-02 8.930000e-02 1.940358e-01
      vertex   -8.794639e-02 8.930000e-02 1.955712e-01
    endloop
  endfacet
  facet normal 0.000000e+00 1.000000e+00 0.000000e+00
    outer loop
      vertex   8.794639e-02 8.930000e-02 1.955712e-01
      vertex   -8.794639e-02 8.930000e-02 1.955712e-01
      vertex   8.787940e-02 8.930000e-02 1.971056e-01
    endloop
  endfacet
  facet normal 0.000000e+00 1.000000e+00 0.000000e+00
    outer loop
      vertex   8.787940e-02 8.930000e-02 1.971056e-01
      vertex   -8.794639e-02 8.930000e-02 1.955712e-01
      vertex   -8.787940e-02 8.930000e-02 1.971056e-01
    endloop
  endfacet
  facet normal 0.000000e+00 1.000000e+00 0.000000e+00
    outer loop
      vertex   8.787940e-02 8.930000e-02 1.971056e-01
      vertex   -8.787940e-02 8.930000e-02 1.971056e-01
      vertex   8.778564e-02 8.930000e-02 1.986386e-01
    endloop
  endfacet
  facet normal 0.000000e+00 1.000000e+00 0.000000e+00
    outer loop
      vertex   8.778564e-02 8.930000e-02 1.986386e-01
      vertex   -8.787940e-02 8.930000e-02 1.971056e-01
      vertex   -8.778564e-02 8.930000e-02 1.986386e-01
    endloop
  endfacet
  facet normal 0.000000e+00 1.000000e+00 0.000000e+00
    outer loop
      vertex   8.778564e-02 8.930000e-02 1.986386e-01
      vertex   -8.778564e-02 8.930000e-02 1.986386e-01
      vertex   8.766513e-02 8.930000e-02 2.001697e-01
    endloop
  endfacet
  facet normal 0.000000e+00 1.000000e+00 0.000000e+00
    outer loop
      vertex   8.766513e-02 8.930000e-02 2.001697e-01
      vertex   -8.778564e-02 8.930000e-02 1.986386e-01
      vertex   -8.766513e-02 8.930000e-02 2.001697e-01
    endloop
  endfacet
  facet normal 0.000000e+00 1.000000e+00 0.000000e+00
    outer loop
      vertex   8.766513e-02 8.930000e-02 2.001697e-01
      vertex   -8.766513e-02 8.930000e-02 2.001697e-01
      vertex   8.751793e-02 8.930000e-02 2.016985e-01
    endloop
  endfacet
  facet normal 0.000000e+00 1.000000e+00 0.000000e+00
    outer loop
      vertex   8.751793e-02 8.930000e-02 2.016985e-01
      vertex   -8.766513e-02 8.930000e-02 2.001697e-01
      vertex   -8.751793e-02 8.930000e-02 2.016985e-01
    endloop
  endfacet
  facet normal 0.000000e+00 1.000000e+00 0.000000e+00
    outer loop
      vertex   8.751793e-02 8.930000e-02 2.016985e-01
      vertex   -8.751793e-02 8.930000e-02 2.016985e-01
      vertex   8.734406e-02 8.930000e-02 2.032245e-01
    endloop
  endfacet
  facet normal 0.000000e+00 1.000000e+00 0.000000e+00
    outer loop
      vertex   8.734406e-02 8.930000e-02 2.032245e-01
      vertex   -8.751793e-02 8.930000e-02 2.016985e-01
      vertex   -8.734406e-02 8.930000e-02 2.032245e-01
    endloop
  endfacet
  facet normal 0.000000e+00 1.000000e+00 0.000000e+00
    outer loop
      vertex   8.734406e-02 8.930000e-02 2.032245e-01
      vertex   -8.734406e-02 8.930000e-02 2.032245e-01
      vertex   8.714359e-02 8.930000e-02 2.047472e-01
    endloop
  endfacet
  facet normal 0.000000e+00 1.000000e+00 0.000000e+00
    outer loop
      vertex   8.714359e-02 8.930000e-02 2.047472e-01
      vertex   -8.734406e-02 8.930000e-02 2.032245e-01
      vertex   -8.714359e-02 8.930000e-02 2.047472e-01
    endloop
  endfacet
  facet normal 0.000000e+00 1.000000e+00 0.000000e+00
    outer loop
      vertex   8.714359e-02 8.930000e-02 2.047472e-01
      vertex   -8.714359e-02 8.930000e-02 2.047472e-01
      vertex   8.691657e-02 8.930000e-02 2.062662e-01
    endloop
  endfacet
  facet normal 0.000000e+00 1.000000e+00 0.000000e+00
    outer loop
      vertex   8.691657e-02 8.930000e-02 2.062662e-01
      vertex   -8.714359e-02 8.930000e-02 2.047472e-01
      vertex   -8.691657e-02 8.930000e-02 2.062662e-01
    endloop
  endfacet
  facet normal 0.000000e+00 1.000000e+00 0.000000e+00
    outer loop
      vertex   8.691657e-02 8.930000e-02 2.062662e-01
      vertex   -8.691657e-02 8.930000e-02 2.062662e-01
      vertex   8.666308e-02 8.930000e-02 2.077810e-01
    endloop
  endfacet
  facet normal 0.000000e+00 1.000000e+00 0.000000e+00
    outer loop
      vertex   8.666308e-02 8.930000e-02 2.077810e-01
      vertex   -8.691657e-02 8.930000e-02 2.062662e-01
      vertex   -8.666308e-02 8.930000e-02 2.077810e-01
    endloop
  endfacet
  facet normal 0.000000e+00 1.000000e+00 0.000000e+00
    outer loop
      vertex   8.666308e-02 8.930000e-02 2.077810e-01
      vertex   -8.666308e-02 8.930000e-02 2.077810e-01
      vertex   8.638319e-02 8.930000e-02 2.092912e-01
    endloop
  endfacet
  facet normal 0.000000e+00 1.000000e+00 0.000000e+00
    outer loop
      vertex   8.638319e-02 8.930000e-02 2.092912e-01
      vertex   -8.666308e-02 8.930000e-02 2.077810e-01
      vertex   -8.638319e-02 8.930000e-02 2.092912e-01
    endloop
  endfacet
  facet normal 0.000000e+00 1.000000e+00 0.000000e+00
    outer loop
      vertex   8.638319e-02 8.930000e-02 2.092912e-01
      vertex   -8.638319e-02 8.930000e-02 2.092912e-01
      vertex   8.607699e-02 8.930000e-02 2.107962e-01
    endloop
  endfacet
  facet normal 0.000000e+00 1.000000e+00 0.000000e+00
    outer loop
      vertex   8.607699e-02 8.930000e-02 2.107962e-01
      vertex   -8.638319e-02 8.930000e-02 2.092912e-01
      vertex   -8.607699e-02 8.930000e-02 2.107962e-01
    endloop
  endfacet
  facet normal 0.000000e+00 1.000000e+00 0.000000e+00
    outer loop
      vertex   8.607699e-02 8.930000e-02 2.107962e-01
      vertex   -8.607699e-02 8.930000e-02 2.107962e-01
      vertex   8.574457e-02 8.930000e-02 2.122957e-01
    endloop
  endfacet
  facet normal 0.000000e+00 1.000000e+00 0.000000e+00
    outer loop
      vertex   8.574457e-02 8.930000e-02 2.122957e-01
      vertex   -8.607699e-02 8.930000e-02 2.107962e-01
      vertex   -8.574457e-02 8.930000e-02 2.122957e-01
    endloop
  endfacet
  facet normal 0.000000e+00 1.000000e+00 0.000000e+00
    outer loop
      vertex   8.574457e-02 8.930000e-02 2.122957e-01
      vertex   -8.574457e-02 8.930000e-02 2.122957e-01
      vertex   8.538602e-02 8.930000e-02 2.137891e-01
    endloop
  endfacet
  facet normal 0.000000e+00 1.000000e+00 0.000000e+00
    outer loop
      vertex   8.538602e-02 8.930000e-02 2.137891e-01
      vertex   -8.574457e-02 8.930000e-02 2.122957e-01
      vertex   -8.538602e-02 8.930000e-02 2.137891e-01
    endloop
  endfacet
  facet normal 0.000000e+00 1.000000e+00 0.000000e+00
    outer loop
      vertex   8.538602e-02 8.930000e-02 2.137891e-01
      vertex   -8.538602e-02 8.930000e-02 2.137891e-01
      vertex   8.500147e-02 8.930000e-02 2.152761e-01
    endloop
  endfacet
  facet normal 0.000000e+00 1.000000e+00 0.000000e+00
    outer loop
      vertex   8.500147e-02 8.930000e-02 2.152761e-01
      vertex   -8.538602e-02 8.930000e-02 2.137891e-01
      vertex   -8.500147e-02 8.930000e-02 2.152761e-01
    endloop
  endfacet
  facet normal 0.000000e+00 1.000000e+00 0.000000e+00
    outer loop
      vertex   8.500147e-02 8.930000e-02 2.152761e-01
      vertex   -8.500147e-02 8.930000e-02 2.152761e-01
      vertex   8.459103e-02 8.930000e-02 2.167561e-01
    endloop
  endfacet
  facet normal 0.000000e+00 1.000000e+00 0.000000e+00
    outer loop
      vertex   8.459103e-02 8.930000e-02 2.167561e-01
      vertex   -8.500147e-02 8.930000e-02 2.152761e-01
      vertex   -8.459103e-02 8.930000e-02 2.167561e-01
    endloop
  endfacet
  facet normal 0.000000e+00 1.000000e+00 0.000000e+00
    outer loop
      vertex   8.459103e-02 8.930000e-02 2.167561e-01
      vertex   -8.459103e-02 8.930000e-02 2.167561e-01
      vertex   8.415482e-02 8.930000e-02 2.182287e-01
    endloop
  endfacet
  facet normal 0.000000e+00 1.000000e+00 0.000000e+00
    outer loop
      vertex   8.415482e-02 8.930000e-02 2.182287e-01
      vertex   -8.459103e-02 8.930000e-02 2.167561e-01
      vertex   -8.415482e-02 8.930000e-02 2.182287e-01
    endloop
  endfacet
  facet normal 0.000000e+00 1.000000e+00 0.000000e+00
    outer loop
      vertex   8.415482e-02 8.930000e-02 2.182287e-01
      vertex   -8.415482e-02 8.930000e-02 2.182287e-01
      vertex   8.369297e-02 8.930000e-02 2.196935e-01
    endloop
  endfacet
  facet normal 0.000000e+00 1.000000e+00 0.000000e+00
    outer loop
      vertex   8.369297e-02 8.930000e-02 2.196935e-01
      vertex   -8.415482e-02 8.930000e-02 2.182287e-01
      vertex   -8.369297e-02 8.930000e-02 2.196935e-01
    endloop
  endfacet
  facet normal 0.000000e+00 1.000000e+00 0.000000e+00
    outer loop
      vertex   8.369297e-02 8.930000e-02 2.196935e-01
      vertex   -8.369297e-02 8.930000e-02 2.196935e-01
      vertex   8.320563e-02 8.930000e-02 2.211500e-01
    endloop
  endfacet
  facet normal 0.000000e+00 1.000000e+00 0.000000e+00
    outer loop
      vertex   8.320563e-02 8.930000e-02 2.211500e-01
      vertex   -8.369297e-02 8.930000e-02 2.196935e-01
      vertex   -8.320563e-02 8.930000e-02 2.211500e-01
    endloop
  endfacet
  facet normal 0.000000e+00 1.000000e+00 0.000000e+00
    outer loop
      vertex   8.320563e-02 8.930000e-02 2.211500e-01
      vertex   -8.320563e-02 8.930000e-02 2.211500e-01
      vertex   8.269295e-02 8.930000e-02 2.225978e-01
    endloop
  endfacet
  facet normal 0.000000e+00 1.000000e+00 0.000000e+00
    outer loop
      vertex   8.269295e-02 8.930000e-02 2.225978e-01
      vertex   -8.320563e-02 8.930000e-02 2.211500e-01
      vertex   -8.269295e-02 8.930000e-02 2.225978e-01
    endloop
  endfacet
  facet normal 0.000000e+00 1.000000e+00 0.000000e+00
    outer loop
      vertex   8.269295e-02 8.930000e-02 2.225978e-01
      vertex   -8.269295e-02 8.930000e-02 2.225978e-01
      vertex   8.215508e-02 8.930000e-02 2.240364e-01
    endloop
  endfacet
  facet normal 0.000000e+00 1.000000e+00 0.000000e+00
    outer loop
      vertex   8.215508e-02 8.930000e-02 2.240364e-01
      vertex   -8.269295e-02 8.930000e-02 2.225978e-01
      vertex   -8.215508e-02 8.930000e-02 2.240364e-01
    endloop
  endfacet
  facet normal 0.000000e+00 1.000000e+00 0.000000e+00
    outer loop
      vertex   8.215508e-02 8.930000e-02 2.240364e-01
      vertex   -8.215508e-02 8.930000e-02 2.240364e-01
      vertex   8.159218e-02 8.930000e-02 2.254654e-01
    endloop
  endfacet
  facet normal 0.000000e+00 1.000000e+00 0.000000e+00
    outer loop
      vertex   8.159218e-02 8.930000e-02 2.254654e-01
      vertex   -8.215508e-02 8.930000e-02 2.240364e-01
      vertex   -8.159218e-02 8.930000e-02 2.254654e-01
    endloop
  endfacet
  facet normal 0.000000e+00 1.000000e+00 0.000000e+00
    outer loop
      vertex   8.159218e-02 8.930000e-02 2.254654e-01
      vertex   -8.159218e-02 8.930000e-02 2.254654e-01
      vertex   8.100443e-02 8.930000e-02 2.268843e-01
    endloop
  endfacet
  facet normal 0.000000e+00 1.000000e+00 0.000000e+00
    outer loop
      vertex   8.100443e-02 8.930000e-02 2.268843e-01
      vertex   -8.159218e-02 8.930000e-02 2.254654e-01
      vertex   -8.100443e-02 8.930000e-02 2.268843e-01
    endloop
  endfacet
  facet normal 0.000000e+00 1.000000e+00 0.000000e+00
    outer loop
      vertex   8.100443e-02 8.930000e-02 2.268843e-01
      vertex   -8.100443e-02 8.930000e-02 2.268843e-01
      vertex   8.039200e-02 8.930000e-02 2.282928e-01
    endloop
  endfacet
  facet normal 0.000000e+00 1.000000e+00 0.000000e+00
    outer loop
      vertex   8.039200e-02 8.930000e-02 2.282928e-01
      vertex   -8.100443e-02 8.930000e-02 2.268843e-01
      vertex   -8.039200e-02 8.930000e-02 2.282928e-01
    endloop
  endfacet
  facet normal 0.000000e+00 1.000000e+00 0.000000e+00
    outer loop
      vertex   8.039200e-02 8.930000e-02 2.282928e-01
      vertex   -8.039200e-02 8.930000e-02 2.282928e-01
      vertex   7.975509e-02 8.930000e-02 2.296904e-01
    endloop
  endfacet
  facet normal 0.000000e+00 1.000000e+00 0.000000e+00
    outer loop
      vertex   7.975509e-02 8.930000e-02 2.296904e-01
      vertex   -8.039200e-02 8.930000e-02 2.282928e-01
      vertex   -7.975509e-02 8.930000e-02 2.296904e-01
    endloop
  endfacet
  facet normal 0.000000e+00 1.000000e+00 0.000000e+00
    outer loop
      vertex   7.975509e-02 8.930000e-02 2.296904e-01
      vertex   -7.975509e-02 8.930000e-02 2.296904e-01
      vertex   7.909388e-02 8.930000e-02 2.310767e-01
    endloop
  endfacet
  facet normal 0.000000e+00 1.000000e+00 0.000000e+00
    outer loop
      vertex   7.909388e-02 8.930000e-02 2.310767e-01
      vertex   -7.975509e-02 8.930000e-02 2.296904e-01
      vertex   -7.909388e-02 8.930000e-02 2.310767e-01
    endloop
  endfacet
  facet normal 1.771544e-30 1.000000e+00 -1.009659e-14
    outer loop
      vertex   7.909388e-02 8.930000e-02 2.310767e-01
      vertex   -7.909388e-02 8.930000e-02 2.310767e-01
      vertex   7.840857e-02 8.930000e-02 2.324512e-01
    endloop
  endfacet
  facet normal 0.000000e+00 1.000000e+00 -1.009659e-14
    outer loop
      vertex   7.840857e-02 8.930000e-02 2.324512e-01
      vertex   -7.909388e-02 8.930000e-02 2.310767e-01
      vertex   -7.840857e-02 8.930000e-02 2.324512e-01
    endloop
  endfacet
  facet normal 0.000000e+00 1.000000e+00 0.000000e+00
    outer loop
      vertex   7.840857e-02 8.930000e-02 2.324512e-01
      vertex   -7.840857e-02 8.930000e-02 2.324512e-01
      vertex   7.769939e-02 8.930000e-02 2.338135e-01
    endloop
  endfacet
  facet normal 0.000000e+00 1.000000e+00 0.000000e+00
    outer loop
      vertex   7.769939e-02 8.930000e-02 2.338135e-01
      vertex   -7.840857e-02 8.930000e-02 2.324512e-01
      vertex   -7.769939e-02 8.930000e-02 2.338135e-01
    endloop
  endfacet
  facet normal 0.000000e+00 1.000000e+00 0.000000e+00
    outer loop
      vertex   7.769939e-02 8.930000e-02 2.338135e-01
      vertex   -7.769939e-02 8.930000e-02 2.338135e-01
      vertex   7.696653e-02 8.930000e-02 2.351633e-01
    endloop
  endfacet
  facet normal 0.000000e+00 1.000000e+00 0.000000e+00
    outer loop
      vertex   7.696653e-02 8.930000e-02 2.351633e-01
      vertex   -7.769939e-02 8.930000e-02 2.338135e-01
      vertex   -7.696653e-02 8.930000e-02 2.351633e-01
    endloop
  endfacet
  facet normal 0.000000e+00 1.000000e+00 0.000000e+00
    outer loop
      vertex   7.696653e-02 8.930000e-02 2.351633e-01
      vertex   -7.696653e-02 8.930000e-02 2.351633e-01
      vertex   7.621024e-02 8.930000e-02 2.365000e-01
    endloop
  endfacet
  facet normal 0.000000e+00 1.000000e+00 0.000000e+00
    outer loop
      vertex   7.621024e-02 8.930000e-02 2.365000e-01
      vertex   -7.696653e-02 8.930000e-02 2.351633e-01
      vertex   -7.621024e-02 8.930000e-02 2.365000e-01
    endloop
  endfacet
  facet normal 0.000000e+00 1.000000e+00 0.000000e+00
    outer loop
      vertex   7.621024e-02 8.930000e-02 2.365000e-01
      vertex   -7.621024e-02 8.930000e-02 2.365000e-01
      vertex   7.543072e-02 8.930000e-02 2.378234e-01
    endloop
  endfacet
  facet normal 0.000000e+00 1.000000e+00 0.000000e+00
    outer loop
      vertex   7.543072e-02 8.930000e-02 2.378234e-01
      vertex   -7.621024e-02 8.930000e-02 2.365000e-01
      vertex   -7.543072e-02 8.930000e-02 2.378234e-01
    endloop
  endfacet
  facet normal 0.000000e+00 1.000000e+00 0.000000e+00
    outer loop
      vertex   7.543072e-02 8.930000e-02 2.378234e-01
      vertex   -7.543072e-02 8.930000e-02 2.378234e-01
      vertex   7.462823e-02 8.930000e-02 2.391329e-01
    endloop
  endfacet
  facet normal 0.000000e+00 1.000000e+00 0.000000e+00
    outer loop
      vertex   7.462823e-02 8.930000e-02 2.391329e-01
      vertex   -7.543072e-02 8.930000e-02 2.378234e-01
      vertex   -7.462823e-02 8.930000e-02 2.391329e-01
    endloop
  endfacet
  facet normal 0.000000e+00 1.000000e+00 0.000000e+00
    outer loop
      vertex   7.462823e-02 8.930000e-02 2.391329e-01
      vertex   -7.462823e-02 8.930000e-02 2.391329e-01
      vertex   7.380301e-02 8.930000e-02 2.404282e-01
    endloop
  endfacet
  facet normal 0.000000e+00 1.000000e+00 0.000000e+00
    outer loop
      vertex   7.380301e-02 8.930000e-02 2.404282e-01
      vertex   -7.462823e-02 8.930000e-02 2.391329e-01
      vertex   -7.380301e-02 8.930000e-02 2.404282e-01
    endloop
  endfacet
  facet normal 0.000000e+00 1.000000e+00 0.000000e+00
    outer loop
      vertex   7.380301e-02 8.930000e-02 2.404282e-01
      vertex   -7.380301e-02 8.930000e-02 2.404282e-01
      vertex   7.295531e-02 8.930000e-02 2.417090e-01
    endloop
  endfacet
  facet normal 0.000000e+00 1.000000e+00 0.000000e+00
    outer loop
      vertex   7.295531e-02 8.930000e-02 2.417090e-01
      vertex   -7.380301e-02 8.930000e-02 2.404282e-01
      vertex   -7.295531e-02 8.930000e-02 2.417090e-01
    endloop
  endfacet
  facet normal 0.000000e+00 1.000000e+00 0.000000e+00
    outer loop
      vertex   7.295531e-02 8.930000e-02 2.417090e-01
      vertex   -7.295531e-02 8.930000e-02 2.417090e-01
      vertex   7.208538e-02 8.930000e-02 2.429747e-01
    endloop
  endfacet
  facet normal 0.000000e+00 1.000000e+00 0.000000e+00
    outer loop
      vertex   7.208538e-02 8.930000e-02 2.429747e-01
      vertex   -7.295531e-02 8.930000e-02 2.417090e-01
      vertex   -7.208538e-02 8.930000e-02 2.429747e-01
    endloop
  endfacet
  facet normal 0.000000e+00 1.000000e+00 0.000000e+00
    outer loop
      vertex   7.208538e-02 8.930000e-02 2.429747e-01
      vertex   -7.208538e-02 8.930000e-02 2.429747e-01
      vertex   7.119350e-02 8.930000e-02 2.442251e-01
    endloop
  endfacet
  facet normal 0.000000e+00 1.000000e+00 0.000000e+00
    outer loop
      vertex   7.119350e-02 8.930000e-02 2.442251e-01
      vertex   -7.208538e-02 8.930000e-02 2.429747e-01
      vertex   -7.119350e-02 8.930000e-02 2.442251e-01
    endloop
  endfacet
  facet normal 0.000000e+00 1.000000e+00 0.000000e+00
    outer loop
      vertex   7.119350e-02 8.930000e-02 2.442251e-01
      vertex   -7.119350e-02 8.930000e-02 2.442251e-01
      vertex   7.027992e-02 8.930000e-02 2.454597e-01
    endloop
  endfacet
  facet normal 0.000000e+00 1.000000e+00 0.000000e+00
    outer loop
      vertex   7.027992e-02 8.930000e-02 2.454597e-01
      vertex   -7.119350e-02 8.930000e-02 2.442251e-01
      vertex   -7.027992e-02 8.930000e-02 2.454597e-01
    endloop
  endfacet
  facet normal 0.000000e+00 1.000000e+00 0.000000e+00
    outer loop
      vertex   7.027992e-02 8.930000e-02 2.454597e-01
      vertex   -7.027992e-02 8.930000e-02 2.454597e-01
      vertex   6.934495e-02 8.930000e-02 2.466782e-01
    endloop
  endfacet
  facet normal 0.000000e+00 1.000000e+00 0.000000e+00
    outer loop
      vertex   6.934495e-02 8.930000e-02 2.466782e-01
      vertex   -7.027992e-02 8.930000e-02 2.454597e-01
      vertex   -6.934495e-02 8.930000e-02 2.466782e-01
    endloop
  endfacet
  facet normal 0.000000e+00 1.000000e+00 0.000000e+00
    outer loop
      vertex   6.934495e-02 8.930000e-02 2.466782e-01
      vertex   -6.934495e-02 8.930000e-02 2.466782e-01
      vertex   6.838884e-02 8.930000e-02 2.478802e-01
    endloop
  endfacet
  facet normal 0.000000e+00 1.000000e+00 0.000000e+00
    outer loop
      vertex   6.838884e-02 8.930000e-02 2.478802e-01
      vertex   -6.934495e-02 8.930000e-02 2.466782e-01
      vertex   -6.838884e-02 8.930000e-02 2.478802e-01
    endloop
  endfacet
  facet normal 0.000000e+00 1.000000e+00 0.000000e+00
    outer loop
      vertex   6.838884e-02 8.930000e-02 2.478802e-01
      vertex   -6.838884e-02 8.930000e-02 2.478802e-01
      vertex   6.741191e-02 8.930000e-02 2.490653e-01
    endloop
  endfacet
  facet normal 0.000000e+00 1.000000e+00 0.000000e+00
    outer loop
      vertex   6.741191e-02 8.930000e-02 2.490653e-01
      vertex   -6.838884e-02 8.930000e-02 2.478802e-01
      vertex   -6.741191e-02 8.930000e-02 2.490653e-01
    endloop
  endfacet
  facet normal 0.000000e+00 1.000000e+00 0.000000e+00
    outer loop
      vertex   6.741191e-02 8.930000e-02 2.490653e-01
      vertex   -6.741191e-02 8.930000e-02 2.490653e-01
      vertex   6.641444e-02 8.930000e-02 2.502332e-01
    endloop
  endfacet
  facet normal 0.000000e+00 1.000000e+00 0.000000e+00
    outer loop
      vertex   6.641444e-02 8.930000e-02 2.502332e-01
      vertex   -6.741191e-02 8.930000e-02 2.490653e-01
      vertex   -6.641444e-02 8.930000e-02 2.502332e-01
    endloop
  endfacet
  facet normal 0.000000e+00 1.000000e+00 0.000000e+00
    outer loop
      vertex   6.641444e-02 8.930000e-02 2.502332e-01
      vertex   -6.641444e-02 8.930000e-02 2.502332e-01
      vertex   6.539674e-02 8.930000e-02 2.513835e-01
    endloop
  endfacet
  facet normal 0.000000e+00 1.000000e+00 0.000000e+00
    outer loop
      vertex   6.539674e-02 8.930000e-02 2.513835e-01
      vertex   -6.641444e-02 8.930000e-02 2.502332e-01
      vertex   -6.539674e-02 8.930000e-02 2.513835e-01
    endloop
  endfacet
  facet normal 0.000000e+00 1.000000e+00 0.000000e+00
    outer loop
      vertex   6.539674e-02 8.930000e-02 2.513835e-01
      vertex   -6.539674e-02 8.930000e-02 2.513835e-01
      vertex   6.435913e-02 8.930000e-02 2.525159e-01
    endloop
  endfacet
  facet normal 0.000000e+00 1.000000e+00 0.000000e+00
    outer loop
      vertex   6.435913e-02 8.930000e-02 2.525159e-01
      vertex   -6.539674e-02 8.930000e-02 2.513835e-01
      vertex   -6.435913e-02 8.930000e-02 2.525159e-01
    endloop
  endfacet
  facet normal 0.000000e+00 1.000000e+00 0.000000e+00
    outer loop
      vertex   6.435913e-02 8.930000e-02 2.525159e-01
      vertex   -6.435913e-02 8.930000e-02 2.525159e-01
      vertex   6.330190e-02 8.930000e-02 2.536299e-01
    endloop
  endfacet
  facet normal 0.000000e+00 1.000000e+00 0.000000e+00
    outer loop
      vertex   6.330190e-02 8.930000e-02 2.536299e-01
      vertex   -6.435913e-02 8.930000e-02 2.525159e-01
      vertex   -6.330190e-02 8.930000e-02 2.536299e-01
    endloop
  endfacet
  facet normal 0.000000e+00 1.000000e+00 0.000000e+00
    outer loop
      vertex   6.330190e-02 8.930000e-02 2.536299e-01
      vertex   -6.330190e-02 8.930000e-02 2.536299e-01
      vertex   6.222540e-02 8.930000e-02 2.547254e-01
    endloop
  endfacet
  facet normal 0.000000e+00 1.000000e+00 0.000000e+00
    outer loop
      vertex   6.222540e-02 8.930000e-02 2.547254e-01
      vertex   -6.330190e-02 8.930000e-02 2.536299e-01
      vertex   -6.222540e-02 8.930000e-02 2.547254e-01
    endloop
  endfacet
  facet normal 0.000000e+00 1.000000e+00 0.000000e+00
    outer loop
      vertex   6.222540e-02 8.930000e-02 2.547254e-01
      vertex   -6.222540e-02 8.930000e-02 2.547254e-01
      vertex   6.112994e-02 8.930000e-02 2.558019e-01
    endloop
  endfacet
  facet normal 0.000000e+00 1.000000e+00 0.000000e+00
    outer loop
      vertex   6.112994e-02 8.930000e-02 2.558019e-01
      vertex   -6.222540e-02 8.930000e-02 2.547254e-01
      vertex   -6.112994e-02 8.930000e-02 2.558019e-01
    endloop
  endfacet
  facet normal 0.000000e+00 1.000000e+00 0.000000e+00
    outer loop
      vertex   6.112994e-02 8.930000e-02 2.558019e-01
      vertex   -6.112994e-02 8.930000e-02 2.558019e-01
      vertex   6.001586e-02 8.930000e-02 2.568591e-01
    endloop
  endfacet
  facet normal 0.000000e+00 1.000000e+00 0.000000e+00
    outer loop
      vertex   6.001586e-02 8.930000e-02 2.568591e-01
      vertex   -6.112994e-02 8.930000e-02 2.558019e-01
      vertex   -6.001586e-02 8.930000e-02 2.568591e-01
    endloop
  endfacet
  facet normal 0.000000e+00 1.000000e+00 0.000000e+00
    outer loop
      vertex   6.001586e-02 8.930000e-02 2.568591e-01
      vertex   -6.001586e-02 8.930000e-02 2.568591e-01
      vertex   5.888349e-02 8.930000e-02 2.578968e-01
    endloop
  endfacet
  facet normal 0.000000e+00 1.000000e+00 0.000000e+00
    outer loop
      vertex   5.888349e-02 8.930000e-02 2.578968e-01
      vertex   -6.001586e-02 8.930000e-02 2.568591e-01
      vertex   -5.888349e-02 8.930000e-02 2.578968e-01
    endloop
  endfacet
  facet normal 0.000000e+00 1.000000e+00 0.000000e+00
    outer loop
      vertex   5.888349e-02 8.930000e-02 2.578968e-01
      vertex   -5.888349e-02 8.930000e-02 2.578968e-01
      vertex   5.773319e-02 8.930000e-02 2.589145e-01
    endloop
  endfacet
  facet normal 0.000000e+00 1.000000e+00 0.000000e+00
    outer loop
      vertex   5.773319e-02 8.930000e-02 2.589145e-01
      vertex   -5.888349e-02 8.930000e-02 2.578968e-01
      vertex   -5.773319e-02 8.930000e-02 2.589145e-01
    endloop
  endfacet
  facet normal 0.000000e+00 1.000000e+00 0.000000e+00
    outer loop
      vertex   5.773319e-02 8.930000e-02 2.589145e-01
      vertex   -5.773319e-02 8.930000e-02 2.589145e-01
      vertex   5.656531e-02 8.930000e-02 2.599119e-01
    endloop
  endfacet
  facet normal 0.000000e+00 1.000000e+00 0.000000e+00
    outer loop
      vertex   5.656531e-02 8.930000e-02 2.599119e-01
      vertex   -5.773319e-02 8.930000e-02 2.589145e-01
      vertex   -5.656531e-02 8.930000e-02 2.599119e-01
    endloop
  endfacet
  facet normal 0.000000e+00 1.000000e+00 0.000000e+00
    outer loop
      vertex   5.656531e-02 8.930000e-02 2.599119e-01
      vertex   -5.656531e-02 8.930000e-02 2.599119e-01
      vertex   5.538019e-02 8.930000e-02 2.608889e-01
    endloop
  endfacet
  facet normal 0.000000e+00 1.000000e+00 0.000000e+00
    outer loop
      vertex   5.538019e-02 8.930000e-02 2.608889e-01
      vertex   -5.656531e-02 8.930000e-02 2.599119e-01
      vertex   -5.538019e-02 8.930000e-02 2.608889e-01
    endloop
  endfacet
  facet normal 0.000000e+00 1.000000e+00 0.000000e+00
    outer loop
      vertex   5.538019e-02 8.930000e-02 2.608889e-01
      vertex   -5.538019e-02 8.930000e-02 2.608889e-01
      vertex   5.417821e-02 8.930000e-02 2.618450e-01
    endloop
  endfacet
  facet normal 0.000000e+00 1.000000e+00 0.000000e+00
    outer loop
      vertex   5.417821e-02 8.930000e-02 2.618450e-01
      vertex   -5.538019e-02 8.930000e-02 2.608889e-01
      vertex   -5.417821e-02 8.930000e-02 2.618450e-01
    endloop
  endfacet
  facet normal 0.000000e+00 1.000000e+00 0.000000e+00
    outer loop
      vertex   5.417821e-02 8.930000e-02 2.618450e-01
      vertex   -5.417821e-02 8.930000e-02 2.618450e-01
      vertex   5.295972e-02 8.930000e-02 2.627799e-01
    endloop
  endfacet
  facet normal 0.000000e+00 1.000000e+00 0.000000e+00
    outer loop
      vertex   5.295972e-02 8.930000e-02 2.627799e-01
      vertex   -5.417821e-02 8.930000e-02 2.618450e-01
      vertex   -5.295972e-02 8.930000e-02 2.627799e-01
    endloop
  endfacet
  facet normal 0.000000e+00 1.000000e+00 0.000000e+00
    outer loop
      vertex   5.295972e-02 8.930000e-02 2.627799e-01
      vertex   -5.295972e-02 8.930000e-02 2.627799e-01
      vertex   5.172510e-02 8.930000e-02 2.636935e-01
    endloop
  endfacet
  facet normal 0.000000e+00 1.000000e+00 0.000000e+00
    outer loop
      vertex   5.172510e-02 8.930000e-02 2.636935e-01
      vertex   -5.295972e-02 8.930000e-02 2.627799e-01
      vertex   -5.172510e-02 8.930000e-02 2.636935e-01
    endloop
  endfacet
  facet normal 0.000000e+00 1.000000e+00 0.000000e+00
    outer loop
      vertex   5.172510e-02 8.930000e-02 2.636935e-01
      vertex   -5.172510e-02 8.930000e-02 2.636935e-01
      vertex   5.047473e-02 8.930000e-02 2.645854e-01
    endloop
  endfacet
  facet normal 0.000000e+00 1.000000e+00 0.000000e+00
    outer loop
      vertex   5.047473e-02 8.930000e-02 2.645854e-01
      vertex   -5.172510e-02 8.930000e-02 2.636935e-01
      vertex   -5.047473e-02 8.930000e-02 2.645854e-01
    endloop
  endfacet
  facet normal 0.000000e+00 1.000000e+00 0.000000e+00
    outer loop
      vertex   5.047473e-02 8.930000e-02 2.645854e-01
      vertex   -5.047473e-02 8.930000e-02 2.645854e-01
      vertex   4.920898e-02 8.930000e-02 2.654553e-01
    endloop
  endfacet
  facet normal 0.000000e+00 1.000000e+00 0.000000e+00
    outer loop
      vertex   4.920898e-02 8.930000e-02 2.654553e-01
      vertex   -5.047473e-02 8.930000e-02 2.645854e-01
      vertex   -4.920898e-02 8.930000e-02 2.654553e-01
    endloop
  endfacet
  facet normal 0.000000e+00 1.000000e+00 0.000000e+00
    outer loop
      vertex   4.920898e-02 8.930000e-02 2.654553e-01
      vertex   -4.920898e-02 8.930000e-02 2.654553e-01
      vertex   4.792824e-02 8.930000e-02 2.663030e-01
    endloop
  endfacet
  facet normal 0.000000e+00 1.000000e+00 0.000000e+00
    outer loop
      vertex   4.792824e-02 8.930000e-02 2.663030e-01
      vertex   -4.920898e-02 8.930000e-02 2.654553e-01
      vertex   -4.792824e-02 8.930000e-02 2.663030e-01
    endloop
  endfacet
  facet normal 0.000000e+00 1.000000e+00 0.000000e+00
    outer loop
      vertex   4.792824e-02 8.930000e-02 2.663030e-01
      vertex   -4.792824e-02 8.930000e-02 2.663030e-01
      vertex   4.663290e-02 8.930000e-02 2.671282e-01
    endloop
  endfacet
  facet normal 0.000000e+00 1.000000e+00 0.000000e+00
    outer loop
      vertex   4.663290e-02 8.930000e-02 2.671282e-01
      vertex   -4.792824e-02 8.930000e-02 2.663030e-01
      vertex   -4.663290e-02 8.930000e-02 2.671282e-01
    endloop
  endfacet
  facet normal 0.000000e+00 1.000000e+00 0.000000e+00
    outer loop
      vertex   4.663290e-02 8.930000e-02 2.671282e-01
      vertex   -4.663290e-02 8.930000e-02 2.671282e-01
      vertex   4.532335e-02 8.930000e-02 2.679307e-01
    endloop
  endfacet
  facet normal 0.000000e+00 1.000000e+00 0.000000e+00
    outer loop
      vertex   4.532335e-02 8.930000e-02 2.679307e-01
      vertex   -4.663290e-02 8.930000e-02 2.671282e-01
      vertex   -4.532335e-02 8.930000e-02 2.679307e-01
    endloop
  endfacet
  facet normal 0.000000e+00 1.000000e+00 0.000000e+00
    outer loop
      vertex   4.532335e-02 8.930000e-02 2.679307e-01
      vertex   -4.532335e-02 8.930000e-02 2.679307e-01
      vertex   4.400000e-02 8.930000e-02 2.687102e-01
    endloop
  endfacet
  facet normal 0.000000e+00 1.000000e+00 0.000000e+00
    outer loop
      vertex   4.400000e-02 8.930000e-02 2.687102e-01
      vertex   -4.532335e-02 8.930000e-02 2.679307e-01
      vertex   -4.400000e-02 8.930000e-02 2.687102e-01
    endloop
  endfacet
  facet normal 0.000000e+00 1.000000e+00 0.000000e+00
    outer loop
      vertex   4.400000e-02 8.930000e-02 2.687102e-01
      vertex   -4.400000e-02 8.930000e-02 2.687102e-01
      vertex   4.266325e-02 8.930000e-02 2.694665e-01
    endloop
  endfacet
  facet normal 0.000000e+00 1.000000e+00 0.000000e+00
    outer loop
      vertex   4.266325e-02 8.930000e-02 2.694665e-01
      vertex   -4.400000e-02 8.930000e-02 2.687102e-01
      vertex   -4.266325e-02 8.930000e-02 2.694665e-01
    endloop
  endfacet
  facet normal 0.000000e+00 1.000000e+00 0.000000e+00
    outer loop
      vertex   4.266325e-02 8.930000e-02 2.694665e-01
      vertex   -4.266325e-02 8.930000e-02 2.694665e-01
      vertex   4.131350e-02 8.930000e-02 2.701994e-01
    endloop
  endfacet
  facet normal 0.000000e+00 1.000000e+00 0.000000e+00
    outer loop
      vertex   4.131350e-02 8.930000e-02 2.701994e-01
      vertex   -4.266325e-02 8.930000e-02 2.694665e-01
      vertex   -4.131350e-02 8.930000e-02 2.701994e-01
    endloop
  endfacet
  facet normal 0.000000e+00 1.000000e+00 0.000000e+00
    outer loop
      vertex   4.131350e-02 8.930000e-02 2.701994e-01
      vertex   -4.131350e-02 8.930000e-02 2.701994e-01
      vertex   3.995116e-02 8.930000e-02 2.709086e-01
    endloop
  endfacet
  facet normal 0.000000e+00 1.000000e+00 0.000000e+00
    outer loop
      vertex   3.995116e-02 8.930000e-02 2.709086e-01
      vertex   -4.131350e-02 8.930000e-02 2.701994e-01
      vertex   -3.995116e-02 8.930000e-02 2.709086e-01
    endloop
  endfacet
  facet normal 0.000000e+00 1.000000e+00 0.000000e+00
    outer loop
      vertex   3.995116e-02 8.930000e-02 2.709086e-01
      vertex   -3.995116e-02 8.930000e-02 2.709086e-01
      vertex   3.857666e-02 8.930000e-02 2.715939e-01
    endloop
  endfacet
  facet normal 0.000000e+00 1.000000e+00 0.000000e+00
    outer loop
      vertex   3.857666e-02 8.930000e-02 2.715939e-01
      vertex   -3.995116e-02 8.930000e-02 2.709086e-01
      vertex   -3.857666e-02 8.930000e-02 2.715939e-01
    endloop
  endfacet
  facet normal 0.000000e+00 1.000000e+00 0.000000e+00
    outer loop
      vertex   3.857666e-02 8.930000e-02 2.715939e-01
      vertex   -3.857666e-02 8.930000e-02 2.715939e-01
      vertex   3.719041e-02 8.930000e-02 2.722551e-01
    endloop
  endfacet
  facet normal 0.000000e+00 1.000000e+00 0.000000e+00
    outer loop
      vertex   3.719041e-02 8.930000e-02 2.722551e-01
      vertex   -3.857666e-02 8.930000e-02 2.715939e-01
      vertex   -3.719041e-02 8.930000e-02 2.722551e-01
    endloop
  endfacet
  facet normal 0.000000e+00 1.000000e+00 0.000000e+00
    outer loop
      vertex   3.719041e-02 8.930000e-02 2.722551e-01
      vertex   -3.719041e-02 8.930000e-02 2.722551e-01
      vertex   3.579282e-02 8.930000e-02 2.728920e-01
    endloop
  endfacet
  facet normal 0.000000e+00 1.000000e+00 0.000000e+00
    outer loop
      vertex   3.579282e-02 8.930000e-02 2.728920e-01
      vertex   -3.719041e-02 8.930000e-02 2.722551e-01
      vertex   -3.579282e-02 8.930000e-02 2.728920e-01
    endloop
  endfacet
  facet normal 0.000000e+00 1.000000e+00 0.000000e+00
    outer loop
      vertex   3.579282e-02 8.930000e-02 2.728920e-01
      vertex   -3.579282e-02 8.930000e-02 2.728920e-01
      vertex   3.438434e-02 8.930000e-02 2.735044e-01
    endloop
  endfacet
  facet normal 0.000000e+00 1.000000e+00 0.000000e+00
    outer loop
      vertex   3.438434e-02 8.930000e-02 2.735044e-01
      vertex   -3.579282e-02 8.930000e-02 2.728920e-01
      vertex   -3.438434e-02 8.930000e-02 2.735044e-01
    endloop
  endfacet
  facet normal 0.000000e+00 1.000000e+00 0.000000e+00
    outer loop
      vertex   3.438434e-02 8.930000e-02 2.735044e-01
      vertex   -3.438434e-02 8.930000e-02 2.735044e-01
      vertex   3.296538e-02 8.930000e-02 2.740922e-01
    endloop
  endfacet
  facet normal 0.000000e+00 1.000000e+00 0.000000e+00
    outer loop
      vertex   3.296538e-02 8.930000e-02 2.740922e-01
      vertex   -3.438434e-02 8.930000e-02 2.735044e-01
      vertex   -3.296538e-02 8.930000e-02 2.740922e-01
    endloop
  endfacet
  facet normal 0.000000e+00 1.000000e+00 0.000000e+00
    outer loop
      vertex   3.296538e-02 8.930000e-02 2.740922e-01
      vertex   -3.296538e-02 8.930000e-02 2.740922e-01
      vertex   3.153638e-02 8.930000e-02 2.746551e-01
    endloop
  endfacet
  facet normal 0.000000e+00 1.000000e+00 0.000000e+00
    outer loop
      vertex   3.153638e-02 8.930000e-02 2.746551e-01
      vertex   -3.296538e-02 8.930000e-02 2.740922e-01
      vertex   -3.153638e-02 8.930000e-02 2.746551e-01
    endloop
  endfacet
  facet normal 0.000000e+00 1.000000e+00 0.000000e+00
    outer loop
      vertex   3.153638e-02 8.930000e-02 2.746551e-01
      vertex   -3.153638e-02 8.930000e-02 2.746551e-01
      vertex   3.009777e-02 8.930000e-02 2.751930e-01
    endloop
  endfacet
  facet normal 0.000000e+00 1.000000e+00 0.000000e+00
    outer loop
      vertex   3.009777e-02 8.930000e-02 2.751930e-01
      vertex   -3.153638e-02 8.930000e-02 2.746551e-01
      vertex   -3.009777e-02 8.930000e-02 2.751930e-01
    endloop
  endfacet
  facet normal 0.000000e+00 1.000000e+00 0.000000e+00
    outer loop
      vertex   3.009777e-02 8.930000e-02 2.751930e-01
      vertex   -3.009777e-02 8.930000e-02 2.751930e-01
      vertex   2.865000e-02 8.930000e-02 2.757056e-01
    endloop
  endfacet
  facet normal 0.000000e+00 1.000000e+00 0.000000e+00
    outer loop
      vertex   2.865000e-02 8.930000e-02 2.757056e-01
      vertex   -3.009777e-02 8.930000e-02 2.751930e-01
      vertex   -2.865000e-02 8.930000e-02 2.757056e-01
    endloop
  endfacet
  facet normal 0.000000e+00 1.000000e+00 0.000000e+00
    outer loop
      vertex   2.865000e-02 8.930000e-02 2.757056e-01
      vertex   -2.865000e-02 8.930000e-02 2.757056e-01
      vertex   2.719350e-02 8.930000e-02 2.761930e-01
    endloop
  endfacet
  facet normal 0.000000e+00 1.000000e+00 0.000000e+00
    outer loop
      vertex   2.719350e-02 8.930000e-02 2.761930e-01
      vertex   -2.865000e-02 8.930000e-02 2.757056e-01
      vertex   -2.719350e-02 8.930000e-02 2.761930e-01
    endloop
  endfacet
  facet normal 0.000000e+00 1.000000e+00 0.000000e+00
    outer loop
      vertex   2.719350e-02 8.930000e-02 2.761930e-01
      vertex   -2.719350e-02 8.930000e-02 2.761930e-01
      vertex   2.572871e-02 8.930000e-02 2.766548e-01
    endloop
  endfacet
  facet normal 0.000000e+00 1.000000e+00 0.000000e+00
    outer loop
      vertex   2.572871e-02 8.930000e-02 2.766548e-01
      vertex   -2.719350e-02 8.930000e-02 2.761930e-01
      vertex   -2.572871e-02 8.930000e-02 2.766548e-01
    endloop
  endfacet
  facet normal 0.000000e+00 1.000000e+00 0.000000e+00
    outer loop
      vertex   2.572871e-02 8.930000e-02 2.766548e-01
      vertex   -2.572871e-02 8.930000e-02 2.766548e-01
      vertex   2.425609e-02 8.930000e-02 2.770910e-01
    endloop
  endfacet
  facet normal 0.000000e+00 1.000000e+00 0.000000e+00
    outer loop
      vertex   2.425609e-02 8.930000e-02 2.770910e-01
      vertex   -2.572871e-02 8.930000e-02 2.766548e-01
      vertex   -2.425609e-02 8.930000e-02 2.770910e-01
    endloop
  endfacet
  facet normal 0.000000e+00 1.000000e+00 0.000000e+00
    outer loop
      vertex   2.425609e-02 8.930000e-02 2.770910e-01
      vertex   -2.425609e-02 8.930000e-02 2.770910e-01
      vertex   2.277608e-02 8.930000e-02 2.775015e-01
    endloop
  endfacet
  facet normal 0.000000e+00 1.000000e+00 0.000000e+00
    outer loop
      vertex   2.277608e-02 8.930000e-02 2.775015e-01
      vertex   -2.425609e-02 8.930000e-02 2.770910e-01
      vertex   -2.277608e-02 8.930000e-02 2.775015e-01
    endloop
  endfacet
  facet normal 0.000000e+00 1.000000e+00 0.000000e+00
    outer loop
      vertex   2.277608e-02 8.930000e-02 2.775015e-01
      vertex   -2.277608e-02 8.930000e-02 2.775015e-01
      vertex   2.128913e-02 8.930000e-02 2.778860e-01
    endloop
  endfacet
  facet normal 0.000000e+00 1.000000e+00 0.000000e+00
    outer loop
      vertex   2.128913e-02 8.930000e-02 2.778860e-01
      vertex   -2.277608e-02 8.930000e-02 2.775015e-01
      vertex   -2.128913e-02 8.930000e-02 2.778860e-01
    endloop
  endfacet
  facet normal 0.000000e+00 1.000000e+00 0.000000e+00
    outer loop
      vertex   2.128913e-02 8.930000e-02 2.778860e-01
      vertex   -2.128913e-02 8.930000e-02 2.778860e-01
      vertex   1.979569e-02 8.930000e-02 2.782446e-01
    endloop
  endfacet
  facet normal 0.000000e+00 1.000000e+00 0.000000e+00
    outer loop
      vertex   1.979569e-02 8.930000e-02 2.782446e-01
      vertex   -2.128913e-02 8.930000e-02 2.778860e-01
      vertex   -1.979569e-02 8.930000e-02 2.782446e-01
    endloop
  endfacet
  facet normal 0.000000e+00 1.000000e+00 0.000000e+00
    outer loop
      vertex   1.979569e-02 8.930000e-02 2.782446e-01
      vertex   -1.979569e-02 8.930000e-02 2.782446e-01
      vertex   1.829623e-02 8.930000e-02 2.785770e-01
    endloop
  endfacet
  facet normal 0.000000e+00 1.000000e+00 0.000000e+00
    outer loop
      vertex   1.829623e-02 8.930000e-02 2.785770e-01
      vertex   -1.979569e-02 8.930000e-02 2.782446e-01
      vertex   -1.829623e-02 8.930000e-02 2.785770e-01
    endloop
  endfacet
  facet normal 0.000000e+00 1.000000e+00 0.000000e+00
    outer loop
      vertex   1.829623e-02 8.930000e-02 2.785770e-01
      vertex   -1.829623e-02 8.930000e-02 2.785770e-01
      vertex   1.679119e-02 8.930000e-02 2.788832e-01
    endloop
  endfacet
  facet normal 0.000000e+00 1.000000e+00 0.000000e+00
    outer loop
      vertex   1.679119e-02 8.930000e-02 2.788832e-01
      vertex   -1.829623e-02 8.930000e-02 2.785770e-01
      vertex   -1.679119e-02 8.930000e-02 2.788832e-01
    endloop
  endfacet
  facet normal 0.000000e+00 1.000000e+00 0.000000e+00
    outer loop
      vertex   1.679119e-02 8.930000e-02 2.788832e-01
      vertex   -1.679119e-02 8.930000e-02 2.788832e-01
      vertex   1.528104e-02 8.930000e-02 2.791631e-01
    endloop
  endfacet
  facet normal 0.000000e+00 1.000000e+00 0.000000e+00
    outer loop
      vertex   1.528104e-02 8.930000e-02 2.791631e-01
      vertex   -1.679119e-02 8.930000e-02 2.788832e-01
      vertex   -1.528104e-02 8.930000e-02 2.791631e-01
    endloop
  endfacet
  facet normal 0.000000e+00 1.000000e+00 0.000000e+00
    outer loop
      vertex   1.528104e-02 8.930000e-02 2.791631e-01
      vertex   -1.528104e-02 8.930000e-02 2.791631e-01
      vertex   1.376623e-02 8.930000e-02 2.794166e-01
    endloop
  endfacet
  facet normal 0.000000e+00 1.000000e+00 0.000000e+00
    outer loop
      vertex   1.376623e-02 8.930000e-02 2.794166e-01
      vertex   -1.528104e-02 8.930000e-02 2.791631e-01
      vertex   -1.376623e-02 8.930000e-02 2.794166e-01
    endloop
  endfacet
  facet normal 0.000000e+00 1.000000e+00 0.000000e+00
    outer loop
      vertex   1.376623e-02 8.930000e-02 2.794166e-01
      vertex   -1.376623e-02 8.930000e-02 2.794166e-01
      vertex   1.224723e-02 8.930000e-02 2.796436e-01
    endloop
  endfacet
  facet normal 0.000000e+00 1.000000e+00 0.000000e+00
    outer loop
      vertex   1.224723e-02 8.930000e-02 2.796436e-01
      vertex   -1.376623e-02 8.930000e-02 2.794166e-01
      vertex   -1.224723e-02 8.930000e-02 2.796436e-01
    endloop
  endfacet
  facet normal 0.000000e+00 1.000000e+00 0.000000e+00
    outer loop
      vertex   1.224723e-02 8.930000e-02 2.796436e-01
      vertex   -1.224723e-02 8.930000e-02 2.796436e-01
      vertex   1.072450e-02 8.930000e-02 2.798441e-01
    endloop
  endfacet
  facet normal 0.000000e+00 1.000000e+00 0.000000e+00
    outer loop
      vertex   1.072450e-02 8.930000e-02 2.798441e-01
      vertex   -1.224723e-02 8.930000e-02 2.796436e-01
      vertex   -1.072450e-02 8.930000e-02 2.798441e-01
    endloop
  endfacet
  facet normal 0.000000e+00 1.000000e+00 0.000000e+00
    outer loop
      vertex   1.072450e-02 8.930000e-02 2.798441e-01
      vertex   -1.072450e-02 8.930000e-02 2.798441e-01
      vertex   9.198505e-03 8.930000e-02 2.800179e-01
    endloop
  endfacet
  facet normal 0.000000e+00 1.000000e+00 0.000000e+00
    outer loop
      vertex   9.198505e-03 8.930000e-02 2.800179e-01
      vertex   -1.072450e-02 8.930000e-02 2.798441e-01
      vertex   -9.198505e-03 8.930000e-02 2.800179e-01
    endloop
  endfacet
  facet normal 0.000000e+00 1.000000e+00 0.000000e+00
    outer loop
      vertex   9.198505e-03 8.930000e-02 2.800179e-01
      vertex   -9.198505e-03 8.930000e-02 2.800179e-01
      vertex   7.669705e-03 8.930000e-02 2.801651e-01
    endloop
  endfacet
  facet normal 0.000000e+00 1.000000e+00 0.000000e+00
    outer loop
      vertex   7.669705e-03 8.930000e-02 2.801651e-01
      vertex   -9.198505e-03 8.930000e-02 2.800179e-01
      vertex   -7.669705e-03 8.930000e-02 2.801651e-01
    endloop
  endfacet
  facet normal 0.000000e+00 1.000000e+00 0.000000e+00
    outer loop
      vertex   7.669705e-03 8.930000e-02 2.801651e-01
      vertex   -7.669705e-03 8.930000e-02 2.801651e-01
      vertex   6.138570e-03 8.930000e-02 2.802856e-01
    endloop
  endfacet
  facet normal 0.000000e+00 1.000000e+00 0.000000e+00
    outer loop
      vertex   6.138570e-03 8.930000e-02 2.802856e-01
      vertex   -7.669705e-03 8.930000e-02 2.801651e-01
      vertex   -6.138570e-03 8.930000e-02 2.802856e-01
    endloop
  endfacet
  facet normal 0.000000e+00 1.000000e+00 0.000000e+00
    outer loop
      vertex   6.138570e-03 8.930000e-02 2.802856e-01
      vertex   -6.138570e-03 8.930000e-02 2.802856e-01
      vertex   4.605564e-03 8.930000e-02 2.803794e-01
    endloop
  endfacet
  facet normal 0.000000e+00 1.000000e+00 0.000000e+00
    outer loop
      vertex   4.605564e-03 8.930000e-02 2.803794e-01
      vertex   -6.138570e-03 8.930000e-02 2.802856e-01
      vertex   -4.605564e-03 8.930000e-02 2.803794e-01
    endloop
  endfacet
  facet normal 0.000000e+00 1.000000e+00 0.000000e+00
    outer loop
      vertex   4.605564e-03 8.930000e-02 2.803794e-01
      vertex   -4.605564e-03 8.930000e-02 2.803794e-01
      vertex   3.071156e-03 8.930000e-02 2.804464e-01
    endloop
  endfacet
  facet normal 0.000000e+00 1.000000e+00 0.000000e+00
    outer loop
      vertex   3.071156e-03 8.930000e-02 2.804464e-01
      vertex   -4.605564e-03 8.930000e-02 2.803794e-01
      vertex   -3.071156e-03 8.930000e-02 2.804464e-01
    endloop
  endfacet
  facet normal 0.000000e+00 1.000000e+00 0.000000e+00
    outer loop
      vertex   3.071156e-03 8.930000e-02 2.804464e-01
      vertex   -3.071156e-03 8.930000e-02 2.804464e-01
      vertex   1.535812e-03 8.930000e-02 2.804866e-01
    endloop
  endfacet
  facet normal 0.000000e+00 1.000000e+00 0.000000e+00
    outer loop
      vertex   1.535812e-03 8.930000e-02 2.804866e-01
      vertex   -3.071156e-03 8.930000e-02 2.804464e-01
      vertex   -1.535812e-03 8.930000e-02 2.804866e-01
    endloop
  endfacet
  facet normal 0.000000e+00 1.000000e+00 0.000000e+00
    outer loop
      vertex   1.535812e-03 8.930000e-02 2.804866e-01
      vertex   -1.535812e-03 8.930000e-02 2.804866e-01
      vertex   -1.616534e-17 8.930000e-02 2.805000e-01
    endloop
  endfacet
  facet normal -0.000000e+00 1.000000e+00 0.000000e+00
    outer loop
      vertex   -8.798660e-02 8.930000e-02 1.909642e-01
      vertex   8.798660e-02 8.930000e-02 1.909642e-01
      vertex   -8.794639e-02 8.930000e-02 1.894289e-01
    endloop
  endfacet
  facet normal 0.000000e+00 1.000000e+00 0.000000e+00
    outer loop
      vertex   -8.794639e-02 8.930000e-02 1.894289e-01
      vertex   8.798660e-02 8.930000e-02 1.909642e-01
      vertex   8.794639e-02 8.930000e-02 1.894289e-01
    endloop
  endfacet
  facet normal -0.000000e+00 1.000000e+00 0.000000e+00
    outer loop
      vertex   -8.794639e-02 8.930000e-02 1.894289e-01
      vertex   8.794639e-02 8.930000e-02 1.894289e-01
      vertex   -8.787940e-02 8.930000e-02 1.878944e-01
    endloop
  endfacet
  facet normal 0.000000e+00 1.000000e+00 0.000000e+00
    outer loop
      vertex   -8.787940e-02 8.930000e-02 1.878944e-01
      vertex   8.794639e-02 8.930000e-02 1.894289e-01
      vertex   8.787940e-02 8.930000e-02 1.878944e-01
    endloop
  endfacet
  facet normal -0.000000e+00 1.000000e+00 0.000000e+00
    outer loop
      vertex   -8.787940e-02 8.930000e-02 1.878944e-01
      vertex   8.787940e-02 8.930000e-02 1.878944e-01
      vertex   -8.778564e-02 8.930000e-02 1.863614e-01
    endloop
  endfacet
  facet normal 0.000000e+00 1.000000e+00 0.000000e+00
    outer loop
      vertex   -8.778564e-02 8.930000e-02 1.863614e-01
      vertex   8.787940e-02 8.930000e-02 1.878944e-01
      vertex   8.778564e-02 8.930000e-02 1.863614e-01
    endloop
  endfacet
  facet normal -0.000000e+00 1.000000e+00 0.000000e+00
    outer loop
      vertex   -8.778564e-02 8.930000e-02 1.863614e-01
      vertex   8.778564e-02 8.930000e-02 1.863614e-01
      vertex   -8.766513e-02 8.930000e-02 1.848303e-01
    endloop
  endfacet
  facet normal 0.000000e+00 1.000000e+00 0.000000e+00
    outer loop
      vertex   -8.766513e-02 8.930000e-02 1.848303e-01
      vertex   8.778564e-02 8.930000e-02 1.863614e-01
      vertex   8.766513e-02 8.930000e-02 1.848303e-01
    endloop
  endfacet
  facet normal -0.000000e+00 1.000000e+00 0.000000e+00
    outer loop
      vertex   -8.766513e-02 8.930000e-02 1.848303e-01
      vertex   8.766513e-02 8.930000e-02 1.848303e-01
      vertex   -8.751793e-02 8.930000e-02 1.833015e-01
    endloop
  endfacet
  facet normal 0.000000e+00 1.000000e+00 0.000000e+00
    outer loop
      vertex   -8.751793e-02 8.930000e-02 1.833015e-01
      vertex   8.766513e-02 8.930000e-02 1.848303e-01
      vertex   8.751793e-02 8.930000e-02 1.833015e-01
    endloop
  endfacet
  facet normal -0.000000e+00 1.000000e+00 0.000000e+00
    outer loop
      vertex   -8.751793e-02 8.930000e-02 1.833015e-01
      vertex   8.751793e-02 8.930000e-02 1.833015e-01
      vertex   -8.734406e-02 8.930000e-02 1.817755e-01
    endloop
  endfacet
  facet normal 0.000000e+00 1.000000e+00 0.000000e+00
    outer loop
      vertex   -8.734406e-02 8.930000e-02 1.817755e-01
      vertex   8.751793e-02 8.930000e-02 1.833015e-01
      vertex   8.734406e-02 8.930000e-02 1.817755e-01
    endloop
  endfacet
  facet normal -0.000000e+00 1.000000e+00 0.000000e+00
    outer loop
      vertex   -8.734406e-02 8.930000e-02 1.817755e-01
      vertex   8.734406e-02 8.930000e-02 1.817755e-01
      vertex   -8.714359e-02 8.930000e-02 1.802528e-01
    endloop
  endfacet
  facet normal 0.000000e+00 1.000000e+00 0.000000e+00
    outer loop
      vertex   -8.714359e-02 8.930000e-02 1.802528e-01
      vertex   8.734406e-02 8.930000e-02 1.817755e-01
      vertex   8.714359e-02 8.930000e-02 1.802528e-01
    endloop
  endfacet
  facet normal -0.000000e+00 1.000000e+00 0.000000e+00
    outer loop
      vertex   -8.714359e-02 8.930000e-02 1.802528e-01
      vertex   8.714359e-02 8.930000e-02 1.802528e-01
      vertex   -8.691657e-02 8.930000e-02 1.787338e-01
    endloop
  endfacet
  facet normal 0.000000e+00 1.000000e+00 0.000000e+00
    outer loop
      vertex   -8.691657e-02 8.930000e-02 1.787338e-01
      vertex   8.714359e-02 8.930000e-02 1.802528e-01
      vertex   8.691657e-02 8.930000e-02 1.787338e-01
    endloop
  endfacet
  facet normal -0.000000e+00 1.000000e+00 0.000000e+00
    outer loop
      vertex   -8.691657e-02 8.930000e-02 1.787338e-01
      vertex   8.691657e-02 8.930000e-02 1.787338e-01
      vertex   -8.666308e-02 8.930000e-02 1.772190e-01
    endloop
  endfacet
  facet normal 0.000000e+00 1.000000e+00 0.000000e+00
    outer loop
      vertex   -8.666308e-02 8.930000e-02 1.772190e-01
      vertex   8.691657e-02 8.930000e-02 1.787338e-01
      vertex   8.666308e-02 8.930000e-02 1.772190e-01
    endloop
  endfacet
  facet normal -0.000000e+00 1.000000e+00 0.000000e+00
    outer loop
      vertex   -8.666308e-02 8.930000e-02 1.772190e-01
      vertex   8.666308e-02 8.930000e-02 1.772190e-01
      vertex   -8.638319e-02 8.930000e-02 1.757088e-01
    endloop
  endfacet
  facet normal 0.000000e+00 1.000000e+00 0.000000e+00
    outer loop
      vertex   -8.638319e-02 8.930000e-02 1.757088e-01
      vertex   8.666308e-02 8.930000e-02 1.772190e-01
      vertex   8.638319e-02 8.930000e-02 1.757088e-01
    endloop
  endfacet
  facet normal -0.000000e+00 1.000000e+00 0.000000e+00
    outer loop
      vertex   -8.638319e-02 8.930000e-02 1.757088e-01
      vertex   8.638319e-02 8.930000e-02 1.757088e-01
      vertex   -8.607699e-02 8.930000e-02 1.742038e-01
    endloop
  endfacet
  facet normal 0.000000e+00 1.000000e+00 0.000000e+00
    outer loop
      vertex   -8.607699e-02 8.930000e-02 1.742038e-01
      vertex   8.638319e-02 8.930000e-02 1.757088e-01
      vertex   8.607699e-02 8.930000e-02 1.742038e-01
    endloop
  endfacet
  facet normal -0.000000e+00 1.000000e+00 0.000000e+00
    outer loop
      vertex   -8.607699e-02 8.930000e-02 1.742038e-01
      vertex   8.607699e-02 8.930000e-02 1.742038e-01
      vertex   -8.574457e-02 8.930000e-02 1.727043e-01
    endloop
  endfacet
  facet normal 0.000000e+00 1.000000e+00 0.000000e+00
    outer loop
      vertex   -8.574457e-02 8.930000e-02 1.727043e-01
      vertex   8.607699e-02 8.930000e-02 1.742038e-01
      vertex   8.574457e-02 8.930000e-02 1.727043e-01
    endloop
  endfacet
  facet normal -0.000000e+00 1.000000e+00 0.000000e+00
    outer loop
      vertex   -8.574457e-02 8.930000e-02 1.727043e-01
      vertex   8.574457e-02 8.930000e-02 1.727043e-01
      vertex   -8.538602e-02 8.930000e-02 1.712109e-01
    endloop
  endfacet
  facet normal 0.000000e+00 1.000000e+00 0.000000e+00
    outer loop
      vertex   -8.538602e-02 8.930000e-02 1.712109e-01
      vertex   8.574457e-02 8.930000e-02 1.727043e-01
      vertex   8.538602e-02 8.930000e-02 1.712109e-01
    endloop
  endfacet
  facet normal -0.000000e+00 1.000000e+00 0.000000e+00
    outer loop
      vertex   -8.538602e-02 8.930000e-02 1.712109e-01
      vertex   8.538602e-02 8.930000e-02 1.712109e-01
      vertex   -8.500147e-02 8.930000e-02 1.697239e-01
    endloop
  endfacet
  facet normal 0.000000e+00 1.000000e+00 0.000000e+00
    outer loop
      vertex   -8.500147e-02 8.930000e-02 1.697239e-01
      vertex   8.538602e-02 8.930000e-02 1.712109e-01
      vertex   8.500147e-02 8.930000e-02 1.697239e-01
    endloop
  endfacet
  facet normal -0.000000e+00 1.000000e+00 0.000000e+00
    outer loop
      vertex   -8.500147e-02 8.930000e-02 1.697239e-01
      vertex   8.500147e-02 8.930000e-02 1.697239e-01
      vertex   -8.459103e-02 8.930000e-02 1.682439e-01
    endloop
  endfacet
  facet normal 0.000000e+00 1.000000e+00 0.000000e+00
    outer loop
      vertex   -8.459103e-02 8.930000e-02 1.682439e-01
      vertex   8.500147e-02 8.930000e-02 1.697239e-01
      vertex   8.459103e-02 8.930000e-02 1.682439e-01
    endloop
  endfacet
  facet normal -0.000000e+00 1.000000e+00 0.000000e+00
    outer loop
      vertex   -8.459103e-02 8.930000e-02 1.682439e-01
      vertex   8.459103e-02 8.930000e-02 1.682439e-01
      vertex   -8.415482e-02 8.930000e-02 1.667713e-01
    endloop
  endfacet
  facet normal 0.000000e+00 1.000000e+00 0.000000e+00
    outer loop
      vertex   -8.415482e-02 8.930000e-02 1.667713e-01
      vertex   8.459103e-02 8.930000e-02 1.682439e-01
      vertex   8.415482e-02 8.930000e-02 1.667713e-01
    endloop
  endfacet
  facet normal -0.000000e+00 1.000000e+00 0.000000e+00
    outer loop
      vertex   -8.415482e-02 8.930000e-02 1.667713e-01
      vertex   8.415482e-02 8.930000e-02 1.667713e-01
      vertex   -8.369297e-02 8.930000e-02 1.653065e-01
    endloop
  endfacet
  facet normal 0.000000e+00 1.000000e+00 0.000000e+00
    outer loop
      vertex   -8.369297e-02 8.930000e-02 1.653065e-01
      vertex   8.415482e-02 8.930000e-02 1.667713e-01
      vertex   8.369297e-02 8.930000e-02 1.653065e-01
    endloop
  endfacet
  facet normal -0.000000e+00 1.000000e+00 0.000000e+00
    outer loop
      vertex   -8.369297e-02 8.930000e-02 1.653065e-01
      vertex   8.369297e-02 8.930000e-02 1.653065e-01
      vertex   -8.320563e-02 8.930000e-02 1.638500e-01
    endloop
  endfacet
  facet normal 0.000000e+00 1.000000e+00 0.000000e+00
    outer loop
      vertex   -8.320563e-02 8.930000e-02 1.638500e-01
      vertex   8.369297e-02 8.930000e-02 1.653065e-01
      vertex   8.320563e-02 8.930000e-02 1.638500e-01
    endloop
  endfacet
  facet normal -0.000000e+00 1.000000e+00 0.000000e+00
    outer loop
      vertex   -8.320563e-02 8.930000e-02 1.638500e-01
      vertex   8.320563e-02 8.930000e-02 1.638500e-01
      vertex   -8.269295e-02 8.930000e-02 1.624022e-01
    endloop
  endfacet
  facet normal 0.000000e+00 1.000000e+00 0.000000e+00
    outer loop
      vertex   -8.269295e-02 8.930000e-02 1.624022e-01
      vertex   8.320563e-02 8.930000e-02 1.638500e-01
      vertex   8.269295e-02 8.930000e-02 1.624022e-01
    endloop
  endfacet
  facet normal -0.000000e+00 1.000000e+00 0.000000e+00
    outer loop
      vertex   -8.269295e-02 8.930000e-02 1.624022e-01
      vertex   8.269295e-02 8.930000e-02 1.624022e-01
      vertex   -8.215508e-02 8.930000e-02 1.609636e-01
    endloop
  endfacet
  facet normal 0.000000e+00 1.000000e+00 0.000000e+00
    outer loop
      vertex   -8.215508e-02 8.930000e-02 1.609636e-01
      vertex   8.269295e-02 8.930000e-02 1.624022e-01
      vertex   8.215508e-02 8.930000e-02 1.609636e-01
    endloop
  endfacet
  facet normal -0.000000e+00 1.000000e+00 0.000000e+00
    outer loop
      vertex   -8.215508e-02 8.930000e-02 1.609636e-01
      vertex   8.215508e-02 8.930000e-02 1.609636e-01
      vertex   -8.159218e-02 8.930000e-02 1.595346e-01
    endloop
  endfacet
  facet normal 0.000000e+00 1.000000e+00 0.000000e+00
    outer loop
      vertex   -8.159218e-02 8.930000e-02 1.595346e-01
      vertex   8.215508e-02 8.930000e-02 1.609636e-01
      vertex   8.159218e-02 8.930000e-02 1.595346e-01
    endloop
  endfacet
  facet normal -0.000000e+00 1.000000e+00 0.000000e+00
    outer loop
      vertex   -8.159218e-02 8.930000e-02 1.595346e-01
      vertex   8.159218e-02 8.930000e-02 1.595346e-01
      vertex   -8.100443e-02 8.930000e-02 1.581157e-01
    endloop
  endfacet
  facet normal 0.000000e+00 1.000000e+00 0.000000e+00
    outer loop
      vertex   -8.100443e-02 8.930000e-02 1.581157e-01
      vertex   8.159218e-02 8.930000e-02 1.595346e-01
      vertex   8.100443e-02 8.930000e-02 1.581157e-01
    endloop
  endfacet
  facet normal -0.000000e+00 1.000000e+00 0.000000e+00
    outer loop
      vertex   -8.100443e-02 8.930000e-02 1.581157e-01
      vertex   8.100443e-02 8.930000e-02 1.581157e-01
      vertex   -8.039200e-02 8.930000e-02 1.567072e-01
    endloop
  endfacet
  facet normal 0.000000e+00 1.000000e+00 0.000000e+00
    outer loop
      vertex   -8.039200e-02 8.930000e-02 1.567072e-01
      vertex   8.100443e-02 8.930000e-02 1.581157e-01
      vertex   8.039200e-02 8.930000e-02 1.567072e-01
    endloop
  endfacet
  facet normal -0.000000e+00 1.000000e+00 0.000000e+00
    outer loop
      vertex   -8.039200e-02 8.930000e-02 1.567072e-01
      vertex   8.039200e-02 8.930000e-02 1.567072e-01
      vertex   -7.975509e-02 8.930000e-02 1.553096e-01
    endloop
  endfacet
  facet normal 0.000000e+00 1.000000e+00 0.000000e+00
    outer loop
      vertex   -7.975509e-02 8.930000e-02 1.553096e-01
      vertex   8.039200e-02 8.930000e-02 1.567072e-01
      vertex   7.975509e-02 8.930000e-02 1.553096e-01
    endloop
  endfacet
  facet normal -0.000000e+00 1.000000e+00 0.000000e+00
    outer loop
      vertex   -7.975509e-02 8.930000e-02 1.553096e-01
      vertex   7.975509e-02 8.930000e-02 1.553096e-01
      vertex   -7.909388e-02 8.930000e-02 1.539233e-01
    endloop
  endfacet
  facet normal 0.000000e+00 1.000000e+00 0.000000e+00
    outer loop
      vertex   -7.909388e-02 8.930000e-02 1.539233e-01
      vertex   7.975509e-02 8.930000e-02 1.553096e-01
      vertex   7.909388e-02 8.930000e-02 1.539233e-01
    endloop
  endfacet
  facet normal 0.000000e+00 1.000000e+00 -1.009659e-14
    outer loop
      vertex   -7.909388e-02 8.930000e-02 1.539233e-01
      vertex   7.909388e-02 8.930000e-02 1.539233e-01
      vertex   -7.840857e-02 8.930000e-02 1.525488e-01
    endloop
  endfacet
  facet normal 0.000000e+00 1.000000e+00 -1.009659e-14
    outer loop
      vertex   -7.840857e-02 8.930000e-02 1.525488e-01
      vertex   7.909388e-02 8.930000e-02 1.539233e-01
      vertex   7.840857e-02 8.930000e-02 1.525488e-01
    endloop
  endfacet
  facet normal -0.000000e+00 1.000000e+00 0.000000e+00
    outer loop
      vertex   -7.840857e-02 8.930000e-02 1.525488e-01
      vertex   7.840857e-02 8.930000e-02 1.525488e-01
      vertex   -7.769939e-02 8.930000e-02 1.511865e-01
    endloop
  endfacet
  facet normal -0.000000e+00 1.000000e+00 0.000000e+00
    outer loop
      vertex   -7.769939e-02 8.930000e-02 1.511865e-01
      vertex   7.840857e-02 8.930000e-02 1.525488e-01
      vertex   7.769939e-02 8.930000e-02 1.511865e-01
    endloop
  endfacet
  facet normal 0.000000e+00 1.000000e+00 0.000000e+00
    outer loop
      vertex   -7.769939e-02 8.930000e-02 1.511865e-01
      vertex   7.769939e-02 8.930000e-02 1.511865e-01
      vertex   -7.696653e-02 8.930000e-02 1.498368e-01
    endloop
  endfacet
  facet normal 0.000000e+00 1.000000e+00 0.000000e+00
    outer loop
      vertex   -7.696653e-02 8.930000e-02 1.498368e-01
      vertex   7.769939e-02 8.930000e-02 1.511865e-01
      vertex   7.696653e-02 8.930000e-02 1.498368e-01
    endloop
  endfacet
  facet normal -0.000000e+00 1.000000e+00 0.000000e+00
    outer loop
      vertex   -7.696653e-02 8.930000e-02 1.498368e-01
      vertex   7.696653e-02 8.930000e-02 1.498368e-01
      vertex   -7.621024e-02 8.930000e-02 1.485000e-01
    endloop
  endfacet
  facet normal 0.000000e+00 1.000000e+00 0.000000e+00
    outer loop
      vertex   -7.621024e-02 8.930000e-02 1.485000e-01
      vertex   7.696653e-02 8.930000e-02 1.498368e-01
      vertex   7.621024e-02 8.930000e-02 1.485000e-01
    endloop
  endfacet
  facet normal -0.000000e+00 1.000000e+00 0.000000e+00
    outer loop
      vertex   -7.621024e-02 8.930000e-02 1.485000e-01
      vertex   7.621024e-02 8.930000e-02 1.485000e-01
      vertex   -7.543072e-02 8.930000e-02 1.471767e-01
    endloop
  endfacet
  facet normal 0.000000e+00 1.000000e+00 0.000000e+00
    outer loop
      vertex   -7.543072e-02 8.930000e-02 1.471767e-01
      vertex   7.621024e-02 8.930000e-02 1.485000e-01
      vertex   7.543072e-02 8.930000e-02 1.471767e-01
    endloop
  endfacet
  facet normal -0.000000e+00 1.000000e+00 0.000000e+00
    outer loop
      vertex   -7.543072e-02 8.930000e-02 1.471767e-01
      vertex   7.543072e-02 8.930000e-02 1.471767e-01
      vertex   -7.462823e-02 8.930000e-02 1.458671e-01
    endloop
  endfacet
  facet normal 0.000000e+00 1.000000e+00 0.000000e+00
    outer loop
      vertex   -7.462823e-02 8.930000e-02 1.458671e-01
      vertex   7.543072e-02 8.930000e-02 1.471767e-01
      vertex   7.462823e-02 8.930000e-02 1.458671e-01
    endloop
  endfacet
  facet normal -0.000000e+00 1.000000e+00 0.000000e+00
    outer loop
      vertex   -7.462823e-02 8.930000e-02 1.458671e-01
      vertex   7.462823e-02 8.930000e-02 1.458671e-01
      vertex   -7.380301e-02 8.930000e-02 1.445718e-01
    endloop
  endfacet
  facet normal 0.000000e+00 1.000000e+00 0.000000e+00
    outer loop
      vertex   -7.380301e-02 8.930000e-02 1.445718e-01
      vertex   7.462823e-02 8.930000e-02 1.458671e-01
      vertex   7.380301e-02 8.930000e-02 1.445718e-01
    endloop
  endfacet
  facet normal -0.000000e+00 1.000000e+00 0.000000e+00
    outer loop
      vertex   -7.380301e-02 8.930000e-02 1.445718e-01
      vertex   7.380301e-02 8.930000e-02 1.445718e-01
      vertex   -7.295531e-02 8.930000e-02 1.432910e-01
    endloop
  endfacet
  facet normal 0.000000e+00 1.000000e+00 0.000000e+00
    outer loop
      vertex   -7.295531e-02 8.930000e-02 1.432910e-01
      vertex   7.380301e-02 8.930000e-02 1.445718e-01
      vertex   7.295531e-02 8.930000e-02 1.432910e-01
    endloop
  endfacet
  facet normal -0.000000e+00 1.000000e+00 0.000000e+00
    outer loop
      vertex   -7.295531e-02 8.930000e-02 1.432910e-01
      vertex   7.295531e-02 8.930000e-02 1.432910e-01
      vertex   -7.208538e-02 8.930000e-02 1.420253e-01
    endloop
  endfacet
  facet normal 0.000000e+00 1.000000e+00 0.000000e+00
    outer loop
      vertex   -7.208538e-02 8.930000e-02 1.420253e-01
      vertex   7.295531e-02 8.930000e-02 1.432910e-01
      vertex   7.208538e-02 8.930000e-02 1.420253e-01
    endloop
  endfacet
  facet normal -0.000000e+00 1.000000e+00 0.000000e+00
    outer loop
      vertex   -7.208538e-02 8.930000e-02 1.420253e-01
      vertex   7.208538e-02 8.930000e-02 1.420253e-01
      vertex   -7.119350e-02 8.930000e-02 1.407749e-01
    endloop
  endfacet
  facet normal 0.000000e+00 1.000000e+00 0.000000e+00
    outer loop
      vertex   -7.119350e-02 8.930000e-02 1.407749e-01
      vertex   7.208538e-02 8.930000e-02 1.420253e-01
      vertex   7.119350e-02 8.930000e-02 1.407749e-01
    endloop
  endfacet
  facet normal -0.000000e+00 1.000000e+00 0.000000e+00
    outer loop
      vertex   -7.119350e-02 8.930000e-02 1.407749e-01
      vertex   7.119350e-02 8.930000e-02 1.407749e-01
      vertex   -7.027992e-02 8.930000e-02 1.395403e-01
    endloop
  endfacet
  facet normal 0.000000e+00 1.000000e+00 0.000000e+00
    outer loop
      vertex   -7.027992e-02 8.930000e-02 1.395403e-01
      vertex   7.119350e-02 8.930000e-02 1.407749e-01
      vertex   7.027992e-02 8.930000e-02 1.395403e-01
    endloop
  endfacet
  facet normal -0.000000e+00 1.000000e+00 0.000000e+00
    outer loop
      vertex   -7.027992e-02 8.930000e-02 1.395403e-01
      vertex   7.027992e-02 8.930000e-02 1.395403e-01
      vertex   -6.934495e-02 8.930000e-02 1.383218e-01
    endloop
  endfacet
  facet normal 0.000000e+00 1.000000e+00 0.000000e+00
    outer loop
      vertex   -6.934495e-02 8.930000e-02 1.383218e-01
      vertex   7.027992e-02 8.930000e-02 1.395403e-01
      vertex   6.934495e-02 8.930000e-02 1.383218e-01
    endloop
  endfacet
  facet normal -0.000000e+00 1.000000e+00 0.000000e+00
    outer loop
      vertex   -6.934495e-02 8.930000e-02 1.383218e-01
      vertex   6.934495e-02 8.930000e-02 1.383218e-01
      vertex   -6.838884e-02 8.930000e-02 1.371198e-01
    endloop
  endfacet
  facet normal 0.000000e+00 1.000000e+00 0.000000e+00
    outer loop
      vertex   -6.838884e-02 8.930000e-02 1.371198e-01
      vertex   6.934495e-02 8.930000e-02 1.383218e-01
      vertex   6.838884e-02 8.930000e-02 1.371198e-01
    endloop
  endfacet
  facet normal -0.000000e+00 1.000000e+00 0.000000e+00
    outer loop
      vertex   -6.838884e-02 8.930000e-02 1.371198e-01
      vertex   6.838884e-02 8.930000e-02 1.371198e-01
      vertex   -6.741191e-02 8.930000e-02 1.359347e-01
    endloop
  endfacet
  facet normal 0.000000e+00 1.000000e+00 0.000000e+00
    outer loop
      vertex   -6.741191e-02 8.930000e-02 1.359347e-01
      vertex   6.838884e-02 8.930000e-02 1.371198e-01
      vertex   6.741191e-02 8.930000e-02 1.359347e-01
    endloop
  endfacet
  facet normal -0.000000e+00 1.000000e+00 0.000000e+00
    outer loop
      vertex   -6.741191e-02 8.930000e-02 1.359347e-01
      vertex   6.741191e-02 8.930000e-02 1.359347e-01
      vertex   -6.641444e-02 8.930000e-02 1.347668e-01
    endloop
  endfacet
  facet normal 0.000000e+00 1.000000e+00 0.000000e+00
    outer loop
      vertex   -6.641444e-02 8.930000e-02 1.347668e-01
      vertex   6.741191e-02 8.930000e-02 1.359347e-01
      vertex   6.641444e-02 8.930000e-02 1.347668e-01
    endloop
  endfacet
  facet normal -0.000000e+00 1.000000e+00 0.000000e+00
    outer loop
      vertex   -6.641444e-02 8.930000e-02 1.347668e-01
      vertex   6.641444e-02 8.930000e-02 1.347668e-01
      vertex   -6.539674e-02 8.930000e-02 1.336165e-01
    endloop
  endfacet
  facet normal 0.000000e+00 1.000000e+00 0.000000e+00
    outer loop
      vertex   -6.539674e-02 8.930000e-02 1.336165e-01
      vertex   6.641444e-02 8.930000e-02 1.347668e-01
      vertex   6.539674e-02 8.930000e-02 1.336165e-01
    endloop
  endfacet
  facet normal -0.000000e+00 1.000000e+00 0.000000e+00
    outer loop
      vertex   -6.539674e-02 8.930000e-02 1.336165e-01
      vertex   6.539674e-02 8.930000e-02 1.336165e-01
      vertex   -6.435913e-02 8.930000e-02 1.324842e-01
    endloop
  endfacet
  facet normal 0.000000e+00 1.000000e+00 0.000000e+00
    outer loop
      vertex   -6.435913e-02 8.930000e-02 1.324842e-01
      vertex   6.539674e-02 8.930000e-02 1.336165e-01
      vertex   6.435913e-02 8.930000e-02 1.324842e-01
    endloop
  endfacet
  facet normal -0.000000e+00 1.000000e+00 0.000000e+00
    outer loop
      vertex   -6.435913e-02 8.930000e-02 1.324842e-01
      vertex   6.435913e-02 8.930000e-02 1.324842e-01
      vertex   -6.330190e-02 8.930000e-02 1.313701e-01
    endloop
  endfacet
  facet normal 0.000000e+00 1.000000e+00 0.000000e+00
    outer loop
      vertex   -6.330190e-02 8.930000e-02 1.313701e-01
      vertex   6.435913e-02 8.930000e-02 1.324842e-01
      vertex   6.330190e-02 8.930000e-02 1.313701e-01
    endloop
  endfacet
  facet normal -0.000000e+00 1.000000e+00 0.000000e+00
    outer loop
      vertex   -6.330190e-02 8.930000e-02 1.313701e-01
      vertex   6.330190e-02 8.930000e-02 1.313701e-01
      vertex   -6.222540e-02 8.930000e-02 1.302746e-01
    endloop
  endfacet
  facet normal 0.000000e+00 1.000000e+00 0.000000e+00
    outer loop
      vertex   -6.222540e-02 8.930000e-02 1.302746e-01
      vertex   6.330190e-02 8.930000e-02 1.313701e-01
      vertex   6.222540e-02 8.930000e-02 1.302746e-01
    endloop
  endfacet
  facet normal -0.000000e+00 1.000000e+00 0.000000e+00
    outer loop
      vertex   -6.222540e-02 8.930000e-02 1.302746e-01
      vertex   6.222540e-02 8.930000e-02 1.302746e-01
      vertex   -6.112994e-02 8.930000e-02 1.291981e-01
    endloop
  endfacet
  facet normal -0.000000e+00 1.000000e+00 0.000000e+00
    outer loop
      vertex   -6.112994e-02 8.930000e-02 1.291981e-01
      vertex   6.222540e-02 8.930000e-02 1.302746e-01
      vertex   6.112994e-02 8.930000e-02 1.291981e-01
    endloop
  endfacet
  facet normal 0.000000e+00 1.000000e+00 0.000000e+00
    outer loop
      vertex   -6.112994e-02 8.930000e-02 1.291981e-01
      vertex   6.112994e-02 8.930000e-02 1.291981e-01
      vertex   -6.001586e-02 8.930000e-02 1.281409e-01
    endloop
  endfacet
  facet normal 0.000000e+00 1.000000e+00 0.000000e+00
    outer loop
      vertex   -6.001586e-02 8.930000e-02 1.281409e-01
      vertex   6.112994e-02 8.930000e-02 1.291981e-01
      vertex   6.001586e-02 8.930000e-02 1.281409e-01
    endloop
  endfacet
  facet normal -0.000000e+00 1.000000e+00 0.000000e+00
    outer loop
      vertex   -6.001586e-02 8.930000e-02 1.281409e-01
      vertex   6.001586e-02 8.930000e-02 1.281409e-01
      vertex   -5.888349e-02 8.930000e-02 1.271033e-01
    endloop
  endfacet
  facet normal 0.000000e+00 1.000000e+00 0.000000e+00
    outer loop
      vertex   -5.888349e-02 8.930000e-02 1.271033e-01
      vertex   6.001586e-02 8.930000e-02 1.281409e-01
      vertex   5.888349e-02 8.930000e-02 1.271033e-01
    endloop
  endfacet
  facet normal -0.000000e+00 1.000000e+00 0.000000e+00
    outer loop
      vertex   -5.888349e-02 8.930000e-02 1.271033e-01
      vertex   5.888349e-02 8.930000e-02 1.271033e-01
      vertex   -5.773319e-02 8.930000e-02 1.260856e-01
    endloop
  endfacet
  facet normal 0.000000e+00 1.000000e+00 0.000000e+00
    outer loop
      vertex   -5.773319e-02 8.930000e-02 1.260856e-01
      vertex   5.888349e-02 8.930000e-02 1.271033e-01
      vertex   5.773319e-02 8.930000e-02 1.260856e-01
    endloop
  endfacet
  facet normal -0.000000e+00 1.000000e+00 0.000000e+00
    outer loop
      vertex   -5.773319e-02 8.930000e-02 1.260856e-01
      vertex   5.773319e-02 8.930000e-02 1.260856e-01
      vertex   -5.656531e-02 8.930000e-02 1.250881e-01
    endloop
  endfacet
  facet normal 0.000000e+00 1.000000e+00 0.000000e+00
    outer loop
      vertex   -5.656531e-02 8.930000e-02 1.250881e-01
      vertex   5.773319e-02 8.930000e-02 1.260856e-01
      vertex   5.656531e-02 8.930000e-02 1.250881e-01
    endloop
  endfacet
  facet normal -0.000000e+00 1.000000e+00 0.000000e+00
    outer loop
      vertex   -5.656531e-02 8.930000e-02 1.250881e-01
      vertex   5.656531e-02 8.930000e-02 1.250881e-01
      vertex   -5.538019e-02 8.930000e-02 1.241112e-01
    endloop
  endfacet
  facet normal 0.000000e+00 1.000000e+00 0.000000e+00
    outer loop
      vertex   -5.538019e-02 8.930000e-02 1.241112e-01
      vertex   5.656531e-02 8.930000e-02 1.250881e-01
      vertex   5.538019e-02 8.930000e-02 1.241112e-01
    endloop
  endfacet
  facet normal -0.000000e+00 1.000000e+00 0.000000e+00
    outer loop
      vertex   -5.538019e-02 8.930000e-02 1.241112e-01
      vertex   5.538019e-02 8.930000e-02 1.241112e-01
      vertex   -5.417821e-02 8.930000e-02 1.231551e-01
    endloop
  endfacet
  facet normal 0.000000e+00 1.000000e+00 0.000000e+00
    outer loop
      vertex   -5.417821e-02 8.930000e-02 1.231551e-01
      vertex   5.538019e-02 8.930000e-02 1.241112e-01
      vertex   5.417821e-02 8.930000e-02 1.231551e-01
    endloop
  endfacet
  facet normal -0.000000e+00 1.000000e+00 0.000000e+00
    outer loop
      vertex   -5.417821e-02 8.930000e-02 1.231551e-01
      vertex   5.417821e-02 8.930000e-02 1.231551e-01
      vertex   -5.295972e-02 8.930000e-02 1.222201e-01
    endloop
  endfacet
  facet normal -0.000000e+00 1.000000e+00 0.000000e+00
    outer loop
      vertex   -5.295972e-02 8.930000e-02 1.222201e-01
      vertex   5.417821e-02 8.930000e-02 1.231551e-01
      vertex   5.295972e-02 8.930000e-02 1.222201e-01
    endloop
  endfacet
  facet normal 0.000000e+00 1.000000e+00 0.000000e+00
    outer loop
      vertex   -5.295972e-02 8.930000e-02 1.222201e-01
      vertex   5.295972e-02 8.930000e-02 1.222201e-01
      vertex   -5.172510e-02 8.930000e-02 1.213065e-01
    endloop
  endfacet
  facet normal 0.000000e+00 1.000000e+00 0.000000e+00
    outer loop
      vertex   -5.172510e-02 8.930000e-02 1.213065e-01
      vertex   5.295972e-02 8.930000e-02 1.222201e-01
      vertex   5.172510e-02 8.930000e-02 1.213065e-01
    endloop
  endfacet
  facet normal -0.000000e+00 1.000000e+00 0.000000e+00
    outer loop
      vertex   -5.172510e-02 8.930000e-02 1.213065e-01
      vertex   5.172510e-02 8.930000e-02 1.213065e-01
      vertex   -5.047473e-02 8.930000e-02 1.204146e-01
    endloop
  endfacet
  facet normal -0.000000e+00 1.000000e+00 0.000000e+00
    outer loop
      vertex   -5.047473e-02 8.930000e-02 1.204146e-01
      vertex   5.172510e-02 8.930000e-02 1.213065e-01
      vertex   5.047473e-02 8.930000e-02 1.204146e-01
    endloop
  endfacet
  facet normal 0.000000e+00 1.000000e+00 0.000000e+00
    outer loop
      vertex   -5.047473e-02 8.930000e-02 1.204146e-01
      vertex   5.047473e-02 8.930000e-02 1.204146e-01
      vertex   -4.920898e-02 8.930000e-02 1.195447e-01
    endloop
  endfacet
  facet normal 0.000000e+00 1.000000e+00 0.000000e+00
    outer loop
      vertex   -4.920898e-02 8.930000e-02 1.195447e-01
      vertex   5.047473e-02 8.930000e-02 1.204146e-01
      vertex   4.920898e-02 8.930000e-02 1.195447e-01
    endloop
  endfacet
  facet normal -0.000000e+00 1.000000e+00 0.000000e+00
    outer loop
      vertex   -4.920898e-02 8.930000e-02 1.195447e-01
      vertex   4.920898e-02 8.930000e-02 1.195447e-01
      vertex   -4.792824e-02 8.930000e-02 1.186970e-01
    endloop
  endfacet
  facet normal 0.000000e+00 1.000000e+00 0.000000e+00
    outer loop
      vertex   -4.792824e-02 8.930000e-02 1.186970e-01
      vertex   4.920898e-02 8.930000e-02 1.195447e-01
      vertex   4.792824e-02 8.930000e-02 1.186970e-01
    endloop
  endfacet
  facet normal -0.000000e+00 1.000000e+00 0.000000e+00
    outer loop
      vertex   -4.792824e-02 8.930000e-02 1.186970e-01
      vertex   4.792824e-02 8.930000e-02 1.186970e-01
      vertex   -4.663290e-02 8.930000e-02 1.178718e-01
    endloop
  endfacet
  facet normal 0.000000e+00 1.000000e+00 0.000000e+00
    outer loop
      vertex   -4.663290e-02 8.930000e-02 1.178718e-01
      vertex   4.792824e-02 8.930000e-02 1.186970e-01
      vertex   4.663290e-02 8.930000e-02 1.178718e-01
    endloop
  endfacet
  facet normal -0.000000e+00 1.000000e+00 0.000000e+00
    outer loop
      vertex   -4.663290e-02 8.930000e-02 1.178718e-01
      vertex   4.663290e-02 8.930000e-02 1.178718e-01
      vertex   -4.532335e-02 8.930000e-02 1.170693e-01
    endloop
  endfacet
  facet normal 0.000000e+00 1.000000e+00 0.000000e+00
    outer loop
      vertex   -4.532335e-02 8.930000e-02 1.170693e-01
      vertex   4.663290e-02 8.930000e-02 1.178718e-01
      vertex   4.532335e-02 8.930000e-02 1.170693e-01
    endloop
  endfacet
  facet normal -0.000000e+00 1.000000e+00 0.000000e+00
    outer loop
      vertex   -4.532335e-02 8.930000e-02 1.170693e-01
      vertex   4.532335e-02 8.930000e-02 1.170693e-01
      vertex   -4.400000e-02 8.930000e-02 1.162898e-01
    endloop
  endfacet
  facet normal 0.000000e+00 1.000000e+00 0.000000e+00
    outer loop
      vertex   -4.400000e-02 8.930000e-02 1.162898e-01
      vertex   4.532335e-02 8.930000e-02 1.170693e-01
      vertex   4.400000e-02 8.930000e-02 1.162898e-01
    endloop
  endfacet
  facet normal -0.000000e+00 1.000000e+00 0.000000e+00
    outer loop
      vertex   -4.400000e-02 8.930000e-02 1.162898e-01
      vertex   4.400000e-02 8.930000e-02 1.162898e-01
      vertex   -4.266325e-02 8.930000e-02 1.155335e-01
    endloop
  endfacet
  facet normal 0.000000e+00 1.000000e+00 0.000000e+00
    outer loop
      vertex   -4.266325e-02 8.930000e-02 1.155335e-01
      vertex   4.400000e-02 8.930000e-02 1.162898e-01
      vertex   4.266325e-02 8.930000e-02 1.155335e-01
    endloop
  endfacet
  facet normal -0.000000e+00 1.000000e+00 0.000000e+00
    outer loop
      vertex   -4.266325e-02 8.930000e-02 1.155335e-01
      vertex   4.266325e-02 8.930000e-02 1.155335e-01
      vertex   -4.131350e-02 8.930000e-02 1.148006e-01
    endloop
  endfacet
  facet normal 0.000000e+00 1.000000e+00 0.000000e+00
    outer loop
      vertex   -4.131350e-02 8.930000e-02 1.148006e-01
      vertex   4.266325e-02 8.930000e-02 1.155335e-01
      vertex   4.131350e-02 8.930000e-02 1.148006e-01
    endloop
  endfacet
  facet normal -0.000000e+00 1.000000e+00 0.000000e+00
    outer loop
      vertex   -4.131350e-02 8.930000e-02 1.148006e-01
      vertex   4.131350e-02 8.930000e-02 1.148006e-01
      vertex   -3.995116e-02 8.930000e-02 1.140914e-01
    endloop
  endfacet
  facet normal 0.000000e+00 1.000000e+00 0.000000e+00
    outer loop
      vertex   -3.995116e-02 8.930000e-02 1.140914e-01
      vertex   4.131350e-02 8.930000e-02 1.148006e-01
      vertex   3.995116e-02 8.930000e-02 1.140914e-01
    endloop
  endfacet
  facet normal -0.000000e+00 1.000000e+00 0.000000e+00
    outer loop
      vertex   -3.995116e-02 8.930000e-02 1.140914e-01
      vertex   3.995116e-02 8.930000e-02 1.140914e-01
      vertex   -3.857666e-02 8.930000e-02 1.134061e-01
    endloop
  endfacet
  facet normal -0.000000e+00 1.000000e+00 0.000000e+00
    outer loop
      vertex   -3.857666e-02 8.930000e-02 1.134061e-01
      vertex   3.995116e-02 8.930000e-02 1.140914e-01
      vertex   3.857666e-02 8.930000e-02 1.134061e-01
    endloop
  endfacet
  facet normal 0.000000e+00 1.000000e+00 0.000000e+00
    outer loop
      vertex   -3.857666e-02 8.930000e-02 1.134061e-01
      vertex   3.857666e-02 8.930000e-02 1.134061e-01
      vertex   -3.719041e-02 8.930000e-02 1.127449e-01
    endloop
  endfacet
  facet normal 0.000000e+00 1.000000e+00 0.000000e+00
    outer loop
      vertex   -3.719041e-02 8.930000e-02 1.127449e-01
      vertex   3.857666e-02 8.930000e-02 1.134061e-01
      vertex   3.719041e-02 8.930000e-02 1.127449e-01
    endloop
  endfacet
  facet normal -0.000000e+00 1.000000e+00 0.000000e+00
    outer loop
      vertex   -3.719041e-02 8.930000e-02 1.127449e-01
      vertex   3.719041e-02 8.930000e-02 1.127449e-01
      vertex   -3.579282e-02 8.930000e-02 1.121080e-01
    endloop
  endfacet
  facet normal 0.000000e+00 1.000000e+00 0.000000e+00
    outer loop
      vertex   -3.579282e-02 8.930000e-02 1.121080e-01
      vertex   3.719041e-02 8.930000e-02 1.127449e-01
      vertex   3.579282e-02 8.930000e-02 1.121080e-01
    endloop
  endfacet
  facet normal -0.000000e+00 1.000000e+00 0.000000e+00
    outer loop
      vertex   -3.579282e-02 8.930000e-02 1.121080e-01
      vertex   3.579282e-02 8.930000e-02 1.121080e-01
      vertex   -3.438434e-02 8.930000e-02 1.114956e-01
    endloop
  endfacet
  facet normal 0.000000e+00 1.000000e+00 0.000000e+00
    outer loop
      vertex   -3.438434e-02 8.930000e-02 1.114956e-01
      vertex   3.579282e-02 8.930000e-02 1.121080e-01
      vertex   3.438434e-02 8.930000e-02 1.114956e-01
    endloop
  endfacet
  facet normal -0.000000e+00 1.000000e+00 0.000000e+00
    outer loop
      vertex   -3.438434e-02 8.930000e-02 1.114956e-01
      vertex   3.438434e-02 8.930000e-02 1.114956e-01
      vertex   -3.296538e-02 8.930000e-02 1.109078e-01
    endloop
  endfacet
  facet normal 0.000000e+00 1.000000e+00 0.000000e+00
    outer loop
      vertex   -3.296538e-02 8.930000e-02 1.109078e-01
      vertex   3.438434e-02 8.930000e-02 1.114956e-01
      vertex   3.296538e-02 8.930000e-02 1.109078e-01
    endloop
  endfacet
  facet normal -0.000000e+00 1.000000e+00 0.000000e+00
    outer loop
      vertex   -3.296538e-02 8.930000e-02 1.109078e-01
      vertex   3.296538e-02 8.930000e-02 1.109078e-01
      vertex   -3.153638e-02 8.930000e-02 1.103449e-01
    endloop
  endfacet
  facet normal 0.000000e+00 1.000000e+00 0.000000e+00
    outer loop
      vertex   -3.153638e-02 8.930000e-02 1.103449e-01
      vertex   3.296538e-02 8.930000e-02 1.109078e-01
      vertex   3.153638e-02 8.930000e-02 1.103449e-01
    endloop
  endfacet
  facet normal -0.000000e+00 1.000000e+00 0.000000e+00
    outer loop
      vertex   -3.153638e-02 8.930000e-02 1.103449e-01
      vertex   3.153638e-02 8.930000e-02 1.103449e-01
      vertex   -3.009777e-02 8.930000e-02 1.098071e-01
    endloop
  endfacet
  facet normal 0.000000e+00 1.000000e+00 0.000000e+00
    outer loop
      vertex   -3.009777e-02 8.930000e-02 1.098071e-01
      vertex   3.153638e-02 8.930000e-02 1.103449e-01
      vertex   3.009777e-02 8.930000e-02 1.098071e-01
    endloop
  endfacet
  facet normal -0.000000e+00 1.000000e+00 0.000000e+00
    outer loop
      vertex   -3.009777e-02 8.930000e-02 1.098071e-01
      vertex   3.009777e-02 8.930000e-02 1.098071e-01
      vertex   -2.865000e-02 8.930000e-02 1.092944e-01
    endloop
  endfacet
  facet normal 0.000000e+00 1.000000e+00 0.000000e+00
    outer loop
      vertex   -2.865000e-02 8.930000e-02 1.092944e-01
      vertex   3.009777e-02 8.930000e-02 1.098071e-01
      vertex   2.865000e-02 8.930000e-02 1.092944e-01
    endloop
  endfacet
  facet normal -0.000000e+00 1.000000e+00 0.000000e+00
    outer loop
      vertex   -2.865000e-02 8.930000e-02 1.092944e-01
      vertex   2.865000e-02 8.930000e-02 1.092944e-01
      vertex   -2.719350e-02 8.930000e-02 1.088070e-01
    endloop
  endfacet
  facet normal 0.000000e+00 1.000000e+00 0.000000e+00
    outer loop
      vertex   -2.719350e-02 8.930000e-02 1.088070e-01
      vertex   2.865000e-02 8.930000e-02 1.092944e-01
      vertex   2.719350e-02 8.930000e-02 1.088070e-01
    endloop
  endfacet
  facet normal -0.000000e+00 1.000000e+00 0.000000e+00
    outer loop
      vertex   -2.719350e-02 8.930000e-02 1.088070e-01
      vertex   2.719350e-02 8.930000e-02 1.088070e-01
      vertex   -2.572871e-02 8.930000e-02 1.083452e-01
    endloop
  endfacet
  facet normal 0.000000e+00 1.000000e+00 0.000000e+00
    outer loop
      vertex   -2.572871e-02 8.930000e-02 1.083452e-01
      vertex   2.719350e-02 8.930000e-02 1.088070e-01
      vertex   2.572871e-02 8.930000e-02 1.083452e-01
    endloop
  endfacet
  facet normal -0.000000e+00 1.000000e+00 0.000000e+00
    outer loop
      vertex   -2.572871e-02 8.930000e-02 1.083452e-01
      vertex   2.572871e-02 8.930000e-02 1.083452e-01
      vertex   -2.425609e-02 8.930000e-02 1.079090e-01
    endloop
  endfacet
  facet normal 0.000000e+00 1.000000e+00 0.000000e+00
    outer loop
      vertex   -2.425609e-02 8.930000e-02 1.079090e-01
      vertex   2.572871e-02 8.930000e-02 1.083452e-01
      vertex   2.425609e-02 8.930000e-02 1.079090e-01
    endloop
  endfacet
  facet normal -0.000000e+00 1.000000e+00 0.000000e+00
    outer loop
      vertex   -2.425609e-02 8.930000e-02 1.079090e-01
      vertex   2.425609e-02 8.930000e-02 1.079090e-01
      vertex   -2.277608e-02 8.930000e-02 1.074985e-01
    endloop
  endfacet
  facet normal 0.000000e+00 1.000000e+00 0.000000e+00
    outer loop
      vertex   -2.277608e-02 8.930000e-02 1.074985e-01
      vertex   2.425609e-02 8.930000e-02 1.079090e-01
      vertex   2.277608e-02 8.930000e-02 1.074985e-01
    endloop
  endfacet
  facet normal -0.000000e+00 1.000000e+00 0.000000e+00
    outer loop
      vertex   -2.277608e-02 8.930000e-02 1.074985e-01
      vertex   2.277608e-02 8.930000e-02 1.074985e-01
      vertex   -2.128913e-02 8.930000e-02 1.071140e-01
    endloop
  endfacet
  facet normal 0.000000e+00 1.000000e+00 0.000000e+00
    outer loop
      vertex   -2.128913e-02 8.930000e-02 1.071140e-01
      vertex   2.277608e-02 8.930000e-02 1.074985e-01
      vertex   2.128913e-02 8.930000e-02 1.071140e-01
    endloop
  endfacet
  facet normal -0.000000e+00 1.000000e+00 0.000000e+00
    outer loop
      vertex   -2.128913e-02 8.930000e-02 1.071140e-01
      vertex   2.128913e-02 8.930000e-02 1.071140e-01
      vertex   -1.979569e-02 8.930000e-02 1.067554e-01
    endloop
  endfacet
  facet normal 0.000000e+00 1.000000e+00 0.000000e+00
    outer loop
      vertex   -1.979569e-02 8.930000e-02 1.067554e-01
      vertex   2.128913e-02 8.930000e-02 1.071140e-01
      vertex   1.979569e-02 8.930000e-02 1.067554e-01
    endloop
  endfacet
  facet normal -0.000000e+00 1.000000e+00 0.000000e+00
    outer loop
      vertex   -1.979569e-02 8.930000e-02 1.067554e-01
      vertex   1.979569e-02 8.930000e-02 1.067554e-01
      vertex   -1.829623e-02 8.930000e-02 1.064230e-01
    endloop
  endfacet
  facet normal 0.000000e+00 1.000000e+00 0.000000e+00
    outer loop
      vertex   -1.829623e-02 8.930000e-02 1.064230e-01
      vertex   1.979569e-02 8.930000e-02 1.067554e-01
      vertex   1.829623e-02 8.930000e-02 1.064230e-01
    endloop
  endfacet
  facet normal -0.000000e+00 1.000000e+00 0.000000e+00
    outer loop
      vertex   -1.829623e-02 8.930000e-02 1.064230e-01
      vertex   1.829623e-02 8.930000e-02 1.064230e-01
      vertex   -1.679119e-02 8.930000e-02 1.061168e-01
    endloop
  endfacet
  facet normal 0.000000e+00 1.000000e+00 0.000000e+00
    outer loop
      vertex   -1.679119e-02 8.930000e-02 1.061168e-01
      vertex   1.829623e-02 8.930000e-02 1.064230e-01
      vertex   1.679119e-02 8.930000e-02 1.061168e-01
    endloop
  endfacet
  facet normal -0.000000e+00 1.000000e+00 0.000000e+00
    outer loop
      vertex   -1.679119e-02 8.930000e-02 1.061168e-01
      vertex   1.679119e-02 8.930000e-02 1.061168e-01
      vertex   -1.528104e-02 8.930000e-02 1.058369e-01
    endloop
  endfacet
  facet normal 0.000000e+00 1.000000e+00 0.000000e+00
    outer loop
      vertex   -1.528104e-02 8.930000e-02 1.058369e-01
      vertex   1.679119e-02 8.930000e-02 1.061168e-01
      vertex   1.528104e-02 8.930000e-02 1.058369e-01
    endloop
  endfacet
  facet normal -0.000000e+00 1.000000e+00 0.000000e+00
    outer loop
      vertex   -1.528104e-02 8.930000e-02 1.058369e-01
      vertex   1.528104e-02 8.930000e-02 1.058369e-01
      vertex   -1.376623e-02 8.930000e-02 1.055834e-01
    endloop
  endfacet
  facet normal 0.000000e+00 1.000000e+00 0.000000e+00
    outer loop
      vertex   -1.376623e-02 8.930000e-02 1.055834e-01
      vertex   1.528104e-02 8.930000e-02 1.058369e-01
      vertex   1.376623e-02 8.930000e-02 1.055834e-01
    endloop
  endfacet
  facet normal -0.000000e+00 1.000000e+00 0.000000e+00
    outer loop
      vertex   -1.376623e-02 8.930000e-02 1.055834e-01
      vertex   1.376623e-02 8.930000e-02 1.055834e-01
      vertex   -1.224723e-02 8.930000e-02 1.053564e-01
    endloop
  endfacet
  facet normal 0.000000e+00 1.000000e+00 0.000000e+00
    outer loop
      vertex   -1.224723e-02 8.930000e-02 1.053564e-01
      vertex   1.376623e-02 8.930000e-02 1.055834e-01
      vertex   1.224723e-02 8.930000e-02 1.053564e-01
    endloop
  endfacet
  facet normal -0.000000e+00 1.000000e+00 0.000000e+00
    outer loop
      vertex   -1.224723e-02 8.930000e-02 1.053564e-01
      vertex   1.224723e-02 8.930000e-02 1.053564e-01
      vertex   -1.072450e-02 8.930000e-02 1.051559e-01
    endloop
  endfacet
  facet normal 0.000000e+00 1.000000e+00 0.000000e+00
    outer loop
      vertex   -1.072450e-02 8.930000e-02 1.051559e-01
      vertex   1.224723e-02 8.930000e-02 1.053564e-01
      vertex   1.072450e-02 8.930000e-02 1.051559e-01
    endloop
  endfacet
  facet normal -0.000000e+00 1.000000e+00 0.000000e+00
    outer loop
      vertex   -1.072450e-02 8.930000e-02 1.051559e-01
      vertex   1.072450e-02 8.930000e-02 1.051559e-01
      vertex   -9.198505e-03 8.930000e-02 1.049821e-01
    endloop
  endfacet
  facet normal 0.000000e+00 1.000000e+00 0.000000e+00
    outer loop
      vertex   -9.198505e-03 8.930000e-02 1.049821e-01
      vertex   1.072450e-02 8.930000e-02 1.051559e-01
      vertex   9.198505e-03 8.930000e-02 1.049821e-01
    endloop
  endfacet
  facet normal -0.000000e+00 1.000000e+00 0.000000e+00
    outer loop
      vertex   -9.198505e-03 8.930000e-02 1.049821e-01
      vertex   9.198505e-03 8.930000e-02 1.049821e-01
      vertex   -7.669705e-03 8.930000e-02 1.048349e-01
    endloop
  endfacet
  facet normal 0.000000e+00 1.000000e+00 0.000000e+00
    outer loop
      vertex   -7.669705e-03 8.930000e-02 1.048349e-01
      vertex   9.198505e-03 8.930000e-02 1.049821e-01
      vertex   7.669705e-03 8.930000e-02 1.048349e-01
    endloop
  endfacet
  facet normal -0.000000e+00 1.000000e+00 0.000000e+00
    outer loop
      vertex   -7.669705e-03 8.930000e-02 1.048349e-01
      vertex   7.669705e-03 8.930000e-02 1.048349e-01
      vertex   -6.138570e-03 8.930000e-02 1.047144e-01
    endloop
  endfacet
  facet normal 0.000000e+00 1.000000e+00 0.000000e+00
    outer loop
      vertex   -6.138570e-03 8.930000e-02 1.047144e-01
      vertex   7.669705e-03 8.930000e-02 1.048349e-01
      vertex   6.138570e-03 8.930000e-02 1.047144e-01
    endloop
  endfacet
  facet normal -0.000000e+00 1.000000e+00 0.000000e+00
    outer loop
      vertex   -6.138570e-03 8.930000e-02 1.047144e-01
      vertex   6.138570e-03 8.930000e-02 1.047144e-01
      vertex   -4.605564e-03 8.930000e-02 1.046206e-01
    endloop
  endfacet
  facet normal 0.000000e+00 1.000000e+00 0.000000e+00
    outer loop
      vertex   -4.605564e-03 8.930000e-02 1.046206e-01
      vertex   6.138570e-03 8.930000e-02 1.047144e-01
      vertex   4.605564e-03 8.930000e-02 1.046206e-01
    endloop
  endfacet
  facet normal -0.000000e+00 1.000000e+00 0.000000e+00
    outer loop
      vertex   -4.605564e-03 8.930000e-02 1.046206e-01
      vertex   4.605564e-03 8.930000e-02 1.046206e-01
      vertex   -3.071156e-03 8.930000e-02 1.045536e-01
    endloop
  endfacet
  facet normal 0.000000e+00 1.000000e+00 0.000000e+00
    outer loop
      vertex   -3.071156e-03 8.930000e-02 1.045536e-01
      vertex   4.605564e-03 8.930000e-02 1.046206e-01
      vertex   3.071156e-03 8.930000e-02 1.045536e-01
    endloop
  endfacet
  facet normal -0.000000e+00 1.000000e+00 0.000000e+00
    outer loop
      vertex   -3.071156e-03 8.930000e-02 1.045536e-01
      vertex   3.071156e-03 8.930000e-02 1.045536e-01
      vertex   -1.535812e-03 8.930000e-02 1.045134e-01
    endloop
  endfacet
  facet normal 0.000000e+00 1.000000e+00 0.000000e+00
    outer loop
      vertex   -1.535812e-03 8.930000e-02 1.045134e-01
      vertex   3.071156e-03 8.930000e-02 1.045536e-01
      vertex   1.535812e-03 8.930000e-02 1.045134e-01
    endloop
  endfacet
  facet normal -0.000000e+00 1.000000e+00 0.000000e+00
    outer loop
      vertex   -1.535812e-03 8.930000e-02 1.045134e-01
      vertex   1.535812e-03 8.930000e-02 1.045134e-01
      vertex   5.388446e-18 8.930000e-02 1.045000e-01
    endloop
  endfacet
endsolid
